Added Component: Designator=C1(0805_CAPACITOR)
Added Component: Designator=C2(0603_CAPACITOR)
Added Component: Designator=C3(0603_CAPACITOR)
Added Component: Designator=C4(0603_CAPACITOR)
Added Component: Designator=C5(0603_CAPACITOR)
Added Component: Designator=C6_A(0603_CAPACITOR)
Added Component: Designator=C6_B(0603_CAPACITOR)
Added Component: Designator=C6_C(0603_CAPACITOR)
Added Component: Designator=C6_D(0603_CAPACITOR)
Added Component: Designator=C6_E(0603_CAPACITOR)
Added Component: Designator=C6_F(0603_CAPACITOR)
Added Component: Designator=C6_G(0603_CAPACITOR)
Added Component: Designator=C6_H(0603_CAPACITOR)
Added Component: Designator=C7_A(0603_CAPACITOR)
Added Component: Designator=C7_B(0603_CAPACITOR)
Added Component: Designator=C7_C(0603_CAPACITOR)
Added Component: Designator=C7_D(0603_CAPACITOR)
Added Component: Designator=C7_E(0603_CAPACITOR)
Added Component: Designator=C7_F(0603_CAPACITOR)
Added Component: Designator=C7_G(0603_CAPACITOR)
Added Component: Designator=C7_H(0603_CAPACITOR)
Added Component: Designator=C8_A(0603_CAPACITOR)
Added Component: Designator=C8_B(0603_CAPACITOR)
Added Component: Designator=C8_C(0603_CAPACITOR)
Added Component: Designator=C8_D(0603_CAPACITOR)
Added Component: Designator=C8_E(0603_CAPACITOR)
Added Component: Designator=C8_F(0603_CAPACITOR)
Added Component: Designator=C8_G(0603_CAPACITOR)
Added Component: Designator=C8_H(0603_CAPACITOR)
Added Component: Designator=C9_A(0603_CAPACITOR)
Added Component: Designator=C9_B(0603_CAPACITOR)
Added Component: Designator=C9_C(0603_CAPACITOR)
Added Component: Designator=C9_D(0603_CAPACITOR)
Added Component: Designator=C9_E(0603_CAPACITOR)
Added Component: Designator=C9_F(0603_CAPACITOR)
Added Component: Designator=C9_G(0603_CAPACITOR)
Added Component: Designator=C9_H(0603_CAPACITOR)
Added Component: Designator=C10_A(0603_CAPACITOR)
Added Component: Designator=C10_B(0603_CAPACITOR)
Added Component: Designator=C10_C(0603_CAPACITOR)
Added Component: Designator=C10_D(0603_CAPACITOR)
Added Component: Designator=C10_E(0603_CAPACITOR)
Added Component: Designator=C10_F(0603_CAPACITOR)
Added Component: Designator=C10_G(0603_CAPACITOR)
Added Component: Designator=C10_H(0603_CAPACITOR)
Added Component: Designator=C11_A(0603_CAPACITOR)
Added Component: Designator=C11_B(0603_CAPACITOR)
Added Component: Designator=C11_C(0603_CAPACITOR)
Added Component: Designator=C11_D(0603_CAPACITOR)
Added Component: Designator=C11_E(0603_CAPACITOR)
Added Component: Designator=C11_F(0603_CAPACITOR)
Added Component: Designator=C11_G(0603_CAPACITOR)
Added Component: Designator=C11_H(0603_CAPACITOR)
Added Component: Designator=D1_A(LED_APT1608LZGCK)
Added Component: Designator=D1_B(LED_APT1608LZGCK)
Added Component: Designator=D1_C(LED_APT1608LZGCK)
Added Component: Designator=D1_D(LED_APT1608LZGCK)
Added Component: Designator=D1_E(LED_APT1608LZGCK)
Added Component: Designator=D1_F(LED_APT1608LZGCK)
Added Component: Designator=D1_G(LED_APT1608LZGCK)
Added Component: Designator=D1_H(LED_APT1608LZGCK)
Added Component: Designator=J1(SAMTEC_BTE-040-01-F-D-A)
Add component (AddParameter): Name = "Availability"; Value = "Unavailable"; VariantName = "[No Variations]"
Add component (AddParameter): Name = "MF"; Value = "Samtec"; VariantName = "[No Variations]"
Add component (AddParameter): Name = "MP"; Value = "BTE-040-01-F-D-A"; VariantName = "[No Variations]"
Add component (AddParameter): Name = "Package"; Value = "None"; VariantName = "[No Variations]"
Add component (AddParameter): Name = "Price"; Value = "None"; VariantName = "[No Variations]"
Add component (AddParameter): Name = "Value"; Value = ""; VariantName = "[No Variations]"
Added Component: Designator=J2(SAMTEC_SSW-120-01-F-D)
Add component (AddParameter): Name = "Availability"; Value = "Unavailable"; VariantName = "[No Variations]"
Add component (AddParameter): Name = "MF"; Value = "Samtec"; VariantName = "[No Variations]"
Add component (AddParameter): Name = "MP"; Value = "SSW-120-01-F-D"; VariantName = "[No Variations]"
Add component (AddParameter): Name = "Package"; Value = "None"; VariantName = "[No Variations]"
Add component (AddParameter): Name = "Price"; Value = "None"; VariantName = "[No Variations]"
Add component (AddParameter): Name = "Value"; Value = ""; VariantName = "[No Variations]"
Added Component: Designator=J3(SAMTEC_SSW-120-01-F-D)
Add component (AddParameter): Name = "Availability"; Value = "Unavailable"; VariantName = "[No Variations]"
Add component (AddParameter): Name = "MF"; Value = "Samtec"; VariantName = "[No Variations]"
Add component (AddParameter): Name = "MP"; Value = "SSW-120-01-F-D"; VariantName = "[No Variations]"
Add component (AddParameter): Name = "Package"; Value = "None"; VariantName = "[No Variations]"
Add component (AddParameter): Name = "Price"; Value = "None"; VariantName = "[No Variations]"
Add component (AddParameter): Name = "Value"; Value = ""; VariantName = "[No Variations]"
Added Component: Designator=J4(SAMTEC_SSW-120-01-F-D)
Add component (AddParameter): Name = "Availability"; Value = "Unavailable"; VariantName = "[No Variations]"
Add component (AddParameter): Name = "MF"; Value = "Samtec"; VariantName = "[No Variations]"
Add component (AddParameter): Name = "MP"; Value = "SSW-120-01-F-D"; VariantName = "[No Variations]"
Add component (AddParameter): Name = "Package"; Value = "None"; VariantName = "[No Variations]"
Add component (AddParameter): Name = "Price"; Value = "None"; VariantName = "[No Variations]"
Add component (AddParameter): Name = "Value"; Value = ""; VariantName = "[No Variations]"
Added Component: Designator=J5(SAMTEC_SSW-120-01-F-D)
Add component (AddParameter): Name = "Availability"; Value = "Unavailable"; VariantName = "[No Variations]"
Add component (AddParameter): Name = "MF"; Value = "Samtec"; VariantName = "[No Variations]"
Add component (AddParameter): Name = "MP"; Value = "SSW-120-01-F-D"; VariantName = "[No Variations]"
Add component (AddParameter): Name = "Package"; Value = "None"; VariantName = "[No Variations]"
Add component (AddParameter): Name = "Price"; Value = "None"; VariantName = "[No Variations]"
Add component (AddParameter): Name = "Value"; Value = ""; VariantName = "[No Variations]"
Added Component: Designator=J6(SAMTEC_BTE-040-01-F-D-A)
Add component (AddParameter): Name = "Availability"; Value = "Unavailable"; VariantName = "[No Variations]"
Add component (AddParameter): Name = "MF"; Value = "Samtec"; VariantName = "[No Variations]"
Add component (AddParameter): Name = "MP"; Value = "BTE-040-01-F-D-A"; VariantName = "[No Variations]"
Add component (AddParameter): Name = "Package"; Value = "None"; VariantName = "[No Variations]"
Add component (AddParameter): Name = "Price"; Value = "None"; VariantName = "[No Variations]"
Add component (AddParameter): Name = "Value"; Value = ""; VariantName = "[No Variations]"
Added Component: Designator=J7(SMTC-TSW-103-07-X-S)
Added Component: Designator=J8(FP-TSW-102-07-F-S-MFG)
Added Component: Designator=J9(CUI_PJ-102AH)
Add component (AddParameter): Name = "Check_prices"; Value = "https://www.snapeda.com/parts/PJ-102AH/Same+Sky/view-part/?ref=eda"; VariantName = "[No Variations]"
Add component (AddParameter): Name = "MF"; Value = "Same Sky"; VariantName = "[No Variations]"
Add component (AddParameter): Name = "MP"; Value = "PJ-102AH"; VariantName = "[No Variations]"
Add component (AddParameter): Name = "Package"; Value = "None"; VariantName = "[No Variations]"
Add component (AddParameter): Name = "SnapEDA_Link"; Value = "https://www.snapeda.com/parts/PJ-102AH/Same+Sky/view-part/?ref=snap"; VariantName = "[No Variations]"
Add component (AddParameter): Name = "Value"; Value = ""; VariantName = "[No Variations]"
Added Component: Designator=J10_A(FP-217183-0001-MFG)
Added Component: Designator=J10_B(FP-217183-0001-MFG)
Added Component: Designator=J10_C(FP-217183-0001-MFG)
Added Component: Designator=J10_D(FP-217183-0001-MFG)
Added Component: Designator=J10_E(FP-217183-0001-MFG)
Added Component: Designator=J10_F(FP-217183-0001-MFG)
Added Component: Designator=J10_G(FP-217183-0001-MFG)
Added Component: Designator=J10_H(FP-217183-0001-MFG)
Added Component: Designator=R1(0603_RESISTOR)
Add component (AddParameter): Name = "Assembly Note"; Value = ""; VariantName = "[No Variations]"
Add component (AddParameter): Name = "Assembly Type"; Value = ""; VariantName = "[No Variations]"
Add component (AddParameter): Name = "CreatedBy/Date"; Value = ""; VariantName = "[No Variations]"
Add component (AddParameter): Name = "Current Rating"; Value = ""; VariantName = "[No Variations]"
Add component (AddParameter): Name = "GRAMS Lib Spec"; Value = "2.7"; VariantName = "[No Variations]"
Add component (AddParameter): Name = "HelpURL"; Value = ""; VariantName = "[No Variations]"
Add component (AddParameter): Name = "Magnetic Material"; Value = ""; VariantName = "[No Variations]"
Add component (AddParameter): Name = "Manufacturer #1"; Value = ""; VariantName = "[No Variations]"
Add component (AddParameter): Name = "Manufacturer #2"; Value = ""; VariantName = "[No Variations]"
Add component (AddParameter): Name = "Note"; Value = ""; VariantName = "[No Variations]"
Add component (AddParameter): Name = "Package"; Value = ""; VariantName = "[No Variations]"
Add component (AddParameter): Name = "Part Number #1"; Value = ""; VariantName = "[No Variations]"
Add component (AddParameter): Name = "Part Number #2"; Value = ""; VariantName = "[No Variations]"
Add component (AddParameter): Name = "Polarized"; Value = ""; VariantName = "[No Variations]"
Add component (AddParameter): Name = "Power Max"; Value = ""; VariantName = "[No Variations]"
Add component (AddParameter): Name = "Supplier 1"; Value = ""; VariantName = "[No Variations]"
Add component (AddParameter): Name = "Supplier Part Number 1"; Value = ""; VariantName = "[No Variations]"
Add component (AddParameter): Name = "Temperature"; Value = ""; VariantName = "[No Variations]"
Add component (AddParameter): Name = "Tolerance"; Value = ""; VariantName = "[No Variations]"
Add component (AddParameter): Name = "Value"; Value = ""; VariantName = "[No Variations]"
Add component (AddParameter): Name = "VerifiedBy"; Value = ""; VariantName = "[No Variations]"
Add component (AddParameter): Name = "Voltage Rating"; Value = ""; VariantName = "[No Variations]"
Added Component: Designator=R2(0603_RESISTOR)
Add component (AddParameter): Name = "Assembly Note"; Value = ""; VariantName = "[No Variations]"
Add component (AddParameter): Name = "Assembly Type"; Value = ""; VariantName = "[No Variations]"
Add component (AddParameter): Name = "CreatedBy/Date"; Value = ""; VariantName = "[No Variations]"
Add component (AddParameter): Name = "Current Rating"; Value = ""; VariantName = "[No Variations]"
Add component (AddParameter): Name = "GRAMS Lib Spec"; Value = "2.7"; VariantName = "[No Variations]"
Add component (AddParameter): Name = "HelpURL"; Value = ""; VariantName = "[No Variations]"
Add component (AddParameter): Name = "Magnetic Material"; Value = ""; VariantName = "[No Variations]"
Add component (AddParameter): Name = "Manufacturer #1"; Value = ""; VariantName = "[No Variations]"
Add component (AddParameter): Name = "Manufacturer #2"; Value = ""; VariantName = "[No Variations]"
Add component (AddParameter): Name = "Note"; Value = ""; VariantName = "[No Variations]"
Add component (AddParameter): Name = "Package"; Value = ""; VariantName = "[No Variations]"
Add component (AddParameter): Name = "Part Number #1"; Value = ""; VariantName = "[No Variations]"
Add component (AddParameter): Name = "Part Number #2"; Value = ""; VariantName = "[No Variations]"
Add component (AddParameter): Name = "Polarized"; Value = ""; VariantName = "[No Variations]"
Add component (AddParameter): Name = "Power Max"; Value = ""; VariantName = "[No Variations]"
Add component (AddParameter): Name = "Supplier 1"; Value = ""; VariantName = "[No Variations]"
Add component (AddParameter): Name = "Supplier Part Number 1"; Value = ""; VariantName = "[No Variations]"
Add component (AddParameter): Name = "Temperature"; Value = ""; VariantName = "[No Variations]"
Add component (AddParameter): Name = "Tolerance"; Value = ""; VariantName = "[No Variations]"
Add component (AddParameter): Name = "Value"; Value = ""; VariantName = "[No Variations]"
Add component (AddParameter): Name = "VerifiedBy"; Value = ""; VariantName = "[No Variations]"
Add component (AddParameter): Name = "Voltage Rating"; Value = ""; VariantName = "[No Variations]"
Added Component: Designator=R3(0603_RESISTOR)
Add component (AddParameter): Name = "Assembly Note"; Value = ""; VariantName = "[No Variations]"
Add component (AddParameter): Name = "Assembly Type"; Value = ""; VariantName = "[No Variations]"
Add component (AddParameter): Name = "CreatedBy/Date"; Value = ""; VariantName = "[No Variations]"
Add component (AddParameter): Name = "Current Rating"; Value = ""; VariantName = "[No Variations]"
Add component (AddParameter): Name = "GRAMS Lib Spec"; Value = "2.7"; VariantName = "[No Variations]"
Add component (AddParameter): Name = "HelpURL"; Value = ""; VariantName = "[No Variations]"
Add component (AddParameter): Name = "Magnetic Material"; Value = ""; VariantName = "[No Variations]"
Add component (AddParameter): Name = "Manufacturer #1"; Value = ""; VariantName = "[No Variations]"
Add component (AddParameter): Name = "Manufacturer #2"; Value = ""; VariantName = "[No Variations]"
Add component (AddParameter): Name = "Note"; Value = ""; VariantName = "[No Variations]"
Add component (AddParameter): Name = "Package"; Value = ""; VariantName = "[No Variations]"
Add component (AddParameter): Name = "Part Number #1"; Value = ""; VariantName = "[No Variations]"
Add component (AddParameter): Name = "Part Number #2"; Value = ""; VariantName = "[No Variations]"
Add component (AddParameter): Name = "Polarized"; Value = ""; VariantName = "[No Variations]"
Add component (AddParameter): Name = "Power Max"; Value = ""; VariantName = "[No Variations]"
Add component (AddParameter): Name = "Supplier 1"; Value = ""; VariantName = "[No Variations]"
Add component (AddParameter): Name = "Supplier Part Number 1"; Value = ""; VariantName = "[No Variations]"
Add component (AddParameter): Name = "Temperature"; Value = ""; VariantName = "[No Variations]"
Add component (AddParameter): Name = "Tolerance"; Value = ""; VariantName = "[No Variations]"
Add component (AddParameter): Name = "Value"; Value = ""; VariantName = "[No Variations]"
Add component (AddParameter): Name = "VerifiedBy"; Value = ""; VariantName = "[No Variations]"
Add component (AddParameter): Name = "Voltage Rating"; Value = ""; VariantName = "[No Variations]"
Added Component: Designator=R4(0603_RESISTOR)
Add component (AddParameter): Name = "Assembly Note"; Value = ""; VariantName = "[No Variations]"
Add component (AddParameter): Name = "Assembly Type"; Value = ""; VariantName = "[No Variations]"
Add component (AddParameter): Name = "CreatedBy/Date"; Value = ""; VariantName = "[No Variations]"
Add component (AddParameter): Name = "Current Rating"; Value = ""; VariantName = "[No Variations]"
Add component (AddParameter): Name = "GRAMS Lib Spec"; Value = "2.7"; VariantName = "[No Variations]"
Add component (AddParameter): Name = "HelpURL"; Value = ""; VariantName = "[No Variations]"
Add component (AddParameter): Name = "Magnetic Material"; Value = ""; VariantName = "[No Variations]"
Add component (AddParameter): Name = "Manufacturer #1"; Value = ""; VariantName = "[No Variations]"
Add component (AddParameter): Name = "Manufacturer #2"; Value = ""; VariantName = "[No Variations]"
Add component (AddParameter): Name = "Note"; Value = ""; VariantName = "[No Variations]"
Add component (AddParameter): Name = "Package"; Value = ""; VariantName = "[No Variations]"
Add component (AddParameter): Name = "Part Number #1"; Value = ""; VariantName = "[No Variations]"
Add component (AddParameter): Name = "Part Number #2"; Value = ""; VariantName = "[No Variations]"
Add component (AddParameter): Name = "Polarized"; Value = ""; VariantName = "[No Variations]"
Add component (AddParameter): Name = "Power Max"; Value = ""; VariantName = "[No Variations]"
Add component (AddParameter): Name = "Supplier 1"; Value = ""; VariantName = "[No Variations]"
Add component (AddParameter): Name = "Supplier Part Number 1"; Value = ""; VariantName = "[No Variations]"
Add component (AddParameter): Name = "Temperature"; Value = ""; VariantName = "[No Variations]"
Add component (AddParameter): Name = "Tolerance"; Value = ""; VariantName = "[No Variations]"
Add component (AddParameter): Name = "Value"; Value = ""; VariantName = "[No Variations]"
Add component (AddParameter): Name = "VerifiedBy"; Value = ""; VariantName = "[No Variations]"
Add component (AddParameter): Name = "Voltage Rating"; Value = ""; VariantName = "[No Variations]"
Added Component: Designator=R5(0603_RESISTOR)
Add component (AddParameter): Name = "Assembly Note"; Value = ""; VariantName = "[No Variations]"
Add component (AddParameter): Name = "Assembly Type"; Value = ""; VariantName = "[No Variations]"
Add component (AddParameter): Name = "CreatedBy/Date"; Value = ""; VariantName = "[No Variations]"
Add component (AddParameter): Name = "Current Rating"; Value = ""; VariantName = "[No Variations]"
Add component (AddParameter): Name = "GRAMS Lib Spec"; Value = "2.7"; VariantName = "[No Variations]"
Add component (AddParameter): Name = "HelpURL"; Value = ""; VariantName = "[No Variations]"
Add component (AddParameter): Name = "Magnetic Material"; Value = ""; VariantName = "[No Variations]"
Add component (AddParameter): Name = "Manufacturer #1"; Value = ""; VariantName = "[No Variations]"
Add component (AddParameter): Name = "Manufacturer #2"; Value = ""; VariantName = "[No Variations]"
Add component (AddParameter): Name = "Note"; Value = ""; VariantName = "[No Variations]"
Add component (AddParameter): Name = "Package"; Value = ""; VariantName = "[No Variations]"
Add component (AddParameter): Name = "Part Number #1"; Value = ""; VariantName = "[No Variations]"
Add component (AddParameter): Name = "Part Number #2"; Value = ""; VariantName = "[No Variations]"
Add component (AddParameter): Name = "Polarized"; Value = ""; VariantName = "[No Variations]"
Add component (AddParameter): Name = "Power Max"; Value = ""; VariantName = "[No Variations]"
Add component (AddParameter): Name = "Supplier 1"; Value = ""; VariantName = "[No Variations]"
Add component (AddParameter): Name = "Supplier Part Number 1"; Value = ""; VariantName = "[No Variations]"
Add component (AddParameter): Name = "Temperature"; Value = ""; VariantName = "[No Variations]"
Add component (AddParameter): Name = "Tolerance"; Value = ""; VariantName = "[No Variations]"
Add component (AddParameter): Name = "Value"; Value = ""; VariantName = "[No Variations]"
Add component (AddParameter): Name = "VerifiedBy"; Value = ""; VariantName = "[No Variations]"
Add component (AddParameter): Name = "Voltage Rating"; Value = ""; VariantName = "[No Variations]"
Added Component: Designator=R6_A(0402_Resistor)
Add component (AddParameter): Name = "Assembly Note"; Value = ""; VariantName = "[No Variations]"
Add component (AddParameter): Name = "Assembly Type"; Value = ""; VariantName = "[No Variations]"
Add component (AddParameter): Name = "CreatedBy/Date"; Value = ""; VariantName = "[No Variations]"
Add component (AddParameter): Name = "Current Rating"; Value = ""; VariantName = "[No Variations]"
Add component (AddParameter): Name = "GRAMS Lib Spec"; Value = "2.7"; VariantName = "[No Variations]"
Add component (AddParameter): Name = "HelpURL"; Value = ""; VariantName = "[No Variations]"
Add component (AddParameter): Name = "Magnetic Material"; Value = ""; VariantName = "[No Variations]"
Add component (AddParameter): Name = "Manufacturer #1"; Value = ""; VariantName = "[No Variations]"
Add component (AddParameter): Name = "Manufacturer #2"; Value = ""; VariantName = "[No Variations]"
Add component (AddParameter): Name = "Note"; Value = ""; VariantName = "[No Variations]"
Add component (AddParameter): Name = "Package"; Value = ""; VariantName = "[No Variations]"
Add component (AddParameter): Name = "Part Number #1"; Value = ""; VariantName = "[No Variations]"
Add component (AddParameter): Name = "Part Number #2"; Value = ""; VariantName = "[No Variations]"
Add component (AddParameter): Name = "Polarized"; Value = ""; VariantName = "[No Variations]"
Add component (AddParameter): Name = "Power Max"; Value = ""; VariantName = "[No Variations]"
Add component (AddParameter): Name = "Supplier 1"; Value = ""; VariantName = "[No Variations]"
Add component (AddParameter): Name = "Supplier Part Number 1"; Value = ""; VariantName = "[No Variations]"
Add component (AddParameter): Name = "Temperature"; Value = ""; VariantName = "[No Variations]"
Add component (AddParameter): Name = "Tolerance"; Value = ""; VariantName = "[No Variations]"
Add component (AddParameter): Name = "Value"; Value = ""; VariantName = "[No Variations]"
Add component (AddParameter): Name = "VerifiedBy"; Value = ""; VariantName = "[No Variations]"
Add component (AddParameter): Name = "Voltage Rating"; Value = ""; VariantName = "[No Variations]"
Added Component: Designator=R6_B(0402_Resistor)
Add component (AddParameter): Name = "Assembly Note"; Value = ""; VariantName = "[No Variations]"
Add component (AddParameter): Name = "Assembly Type"; Value = ""; VariantName = "[No Variations]"
Add component (AddParameter): Name = "CreatedBy/Date"; Value = ""; VariantName = "[No Variations]"
Add component (AddParameter): Name = "Current Rating"; Value = ""; VariantName = "[No Variations]"
Add component (AddParameter): Name = "GRAMS Lib Spec"; Value = "2.7"; VariantName = "[No Variations]"
Add component (AddParameter): Name = "HelpURL"; Value = ""; VariantName = "[No Variations]"
Add component (AddParameter): Name = "Magnetic Material"; Value = ""; VariantName = "[No Variations]"
Add component (AddParameter): Name = "Manufacturer #1"; Value = ""; VariantName = "[No Variations]"
Add component (AddParameter): Name = "Manufacturer #2"; Value = ""; VariantName = "[No Variations]"
Add component (AddParameter): Name = "Note"; Value = ""; VariantName = "[No Variations]"
Add component (AddParameter): Name = "Package"; Value = ""; VariantName = "[No Variations]"
Add component (AddParameter): Name = "Part Number #1"; Value = ""; VariantName = "[No Variations]"
Add component (AddParameter): Name = "Part Number #2"; Value = ""; VariantName = "[No Variations]"
Add component (AddParameter): Name = "Polarized"; Value = ""; VariantName = "[No Variations]"
Add component (AddParameter): Name = "Power Max"; Value = ""; VariantName = "[No Variations]"
Add component (AddParameter): Name = "Supplier 1"; Value = ""; VariantName = "[No Variations]"
Add component (AddParameter): Name = "Supplier Part Number 1"; Value = ""; VariantName = "[No Variations]"
Add component (AddParameter): Name = "Temperature"; Value = ""; VariantName = "[No Variations]"
Add component (AddParameter): Name = "Tolerance"; Value = ""; VariantName = "[No Variations]"
Add component (AddParameter): Name = "Value"; Value = ""; VariantName = "[No Variations]"
Add component (AddParameter): Name = "VerifiedBy"; Value = ""; VariantName = "[No Variations]"
Add component (AddParameter): Name = "Voltage Rating"; Value = ""; VariantName = "[No Variations]"
Added Component: Designator=R6_C(0402_Resistor)
Add component (AddParameter): Name = "Assembly Note"; Value = ""; VariantName = "[No Variations]"
Add component (AddParameter): Name = "Assembly Type"; Value = ""; VariantName = "[No Variations]"
Add component (AddParameter): Name = "CreatedBy/Date"; Value = ""; VariantName = "[No Variations]"
Add component (AddParameter): Name = "Current Rating"; Value = ""; VariantName = "[No Variations]"
Add component (AddParameter): Name = "GRAMS Lib Spec"; Value = "2.7"; VariantName = "[No Variations]"
Add component (AddParameter): Name = "HelpURL"; Value = ""; VariantName = "[No Variations]"
Add component (AddParameter): Name = "Magnetic Material"; Value = ""; VariantName = "[No Variations]"
Add component (AddParameter): Name = "Manufacturer #1"; Value = ""; VariantName = "[No Variations]"
Add component (AddParameter): Name = "Manufacturer #2"; Value = ""; VariantName = "[No Variations]"
Add component (AddParameter): Name = "Note"; Value = ""; VariantName = "[No Variations]"
Add component (AddParameter): Name = "Package"; Value = ""; VariantName = "[No Variations]"
Add component (AddParameter): Name = "Part Number #1"; Value = ""; VariantName = "[No Variations]"
Add component (AddParameter): Name = "Part Number #2"; Value = ""; VariantName = "[No Variations]"
Add component (AddParameter): Name = "Polarized"; Value = ""; VariantName = "[No Variations]"
Add component (AddParameter): Name = "Power Max"; Value = ""; VariantName = "[No Variations]"
Add component (AddParameter): Name = "Supplier 1"; Value = ""; VariantName = "[No Variations]"
Add component (AddParameter): Name = "Supplier Part Number 1"; Value = ""; VariantName = "[No Variations]"
Add component (AddParameter): Name = "Temperature"; Value = ""; VariantName = "[No Variations]"
Add component (AddParameter): Name = "Tolerance"; Value = ""; VariantName = "[No Variations]"
Add component (AddParameter): Name = "Value"; Value = ""; VariantName = "[No Variations]"
Add component (AddParameter): Name = "VerifiedBy"; Value = ""; VariantName = "[No Variations]"
Add component (AddParameter): Name = "Voltage Rating"; Value = ""; VariantName = "[No Variations]"
Added Component: Designator=R6_D(0402_Resistor)
Add component (AddParameter): Name = "Assembly Note"; Value = ""; VariantName = "[No Variations]"
Add component (AddParameter): Name = "Assembly Type"; Value = ""; VariantName = "[No Variations]"
Add component (AddParameter): Name = "CreatedBy/Date"; Value = ""; VariantName = "[No Variations]"
Add component (AddParameter): Name = "Current Rating"; Value = ""; VariantName = "[No Variations]"
Add component (AddParameter): Name = "GRAMS Lib Spec"; Value = "2.7"; VariantName = "[No Variations]"
Add component (AddParameter): Name = "HelpURL"; Value = ""; VariantName = "[No Variations]"
Add component (AddParameter): Name = "Magnetic Material"; Value = ""; VariantName = "[No Variations]"
Add component (AddParameter): Name = "Manufacturer #1"; Value = ""; VariantName = "[No Variations]"
Add component (AddParameter): Name = "Manufacturer #2"; Value = ""; VariantName = "[No Variations]"
Add component (AddParameter): Name = "Note"; Value = ""; VariantName = "[No Variations]"
Add component (AddParameter): Name = "Package"; Value = ""; VariantName = "[No Variations]"
Add component (AddParameter): Name = "Part Number #1"; Value = ""; VariantName = "[No Variations]"
Add component (AddParameter): Name = "Part Number #2"; Value = ""; VariantName = "[No Variations]"
Add component (AddParameter): Name = "Polarized"; Value = ""; VariantName = "[No Variations]"
Add component (AddParameter): Name = "Power Max"; Value = ""; VariantName = "[No Variations]"
Add component (AddParameter): Name = "Supplier 1"; Value = ""; VariantName = "[No Variations]"
Add component (AddParameter): Name = "Supplier Part Number 1"; Value = ""; VariantName = "[No Variations]"
Add component (AddParameter): Name = "Temperature"; Value = ""; VariantName = "[No Variations]"
Add component (AddParameter): Name = "Tolerance"; Value = ""; VariantName = "[No Variations]"
Add component (AddParameter): Name = "Value"; Value = ""; VariantName = "[No Variations]"
Add component (AddParameter): Name = "VerifiedBy"; Value = ""; VariantName = "[No Variations]"
Add component (AddParameter): Name = "Voltage Rating"; Value = ""; VariantName = "[No Variations]"
Added Component: Designator=R6_E(0402_Resistor)
Add component (AddParameter): Name = "Assembly Note"; Value = ""; VariantName = "[No Variations]"
Add component (AddParameter): Name = "Assembly Type"; Value = ""; VariantName = "[No Variations]"
Add component (AddParameter): Name = "CreatedBy/Date"; Value = ""; VariantName = "[No Variations]"
Add component (AddParameter): Name = "Current Rating"; Value = ""; VariantName = "[No Variations]"
Add component (AddParameter): Name = "GRAMS Lib Spec"; Value = "2.7"; VariantName = "[No Variations]"
Add component (AddParameter): Name = "HelpURL"; Value = ""; VariantName = "[No Variations]"
Add component (AddParameter): Name = "Magnetic Material"; Value = ""; VariantName = "[No Variations]"
Add component (AddParameter): Name = "Manufacturer #1"; Value = ""; VariantName = "[No Variations]"
Add component (AddParameter): Name = "Manufacturer #2"; Value = ""; VariantName = "[No Variations]"
Add component (AddParameter): Name = "Note"; Value = ""; VariantName = "[No Variations]"
Add component (AddParameter): Name = "Package"; Value = ""; VariantName = "[No Variations]"
Add component (AddParameter): Name = "Part Number #1"; Value = ""; VariantName = "[No Variations]"
Add component (AddParameter): Name = "Part Number #2"; Value = ""; VariantName = "[No Variations]"
Add component (AddParameter): Name = "Polarized"; Value = ""; VariantName = "[No Variations]"
Add component (AddParameter): Name = "Power Max"; Value = ""; VariantName = "[No Variations]"
Add component (AddParameter): Name = "Supplier 1"; Value = ""; VariantName = "[No Variations]"
Add component (AddParameter): Name = "Supplier Part Number 1"; Value = ""; VariantName = "[No Variations]"
Add component (AddParameter): Name = "Temperature"; Value = ""; VariantName = "[No Variations]"
Add component (AddParameter): Name = "Tolerance"; Value = ""; VariantName = "[No Variations]"
Add component (AddParameter): Name = "Value"; Value = ""; VariantName = "[No Variations]"
Add component (AddParameter): Name = "VerifiedBy"; Value = ""; VariantName = "[No Variations]"
Add component (AddParameter): Name = "Voltage Rating"; Value = ""; VariantName = "[No Variations]"
Added Component: Designator=R6_F(0402_Resistor)
Add component (AddParameter): Name = "Assembly Note"; Value = ""; VariantName = "[No Variations]"
Add component (AddParameter): Name = "Assembly Type"; Value = ""; VariantName = "[No Variations]"
Add component (AddParameter): Name = "CreatedBy/Date"; Value = ""; VariantName = "[No Variations]"
Add component (AddParameter): Name = "Current Rating"; Value = ""; VariantName = "[No Variations]"
Add component (AddParameter): Name = "GRAMS Lib Spec"; Value = "2.7"; VariantName = "[No Variations]"
Add component (AddParameter): Name = "HelpURL"; Value = ""; VariantName = "[No Variations]"
Add component (AddParameter): Name = "Magnetic Material"; Value = ""; VariantName = "[No Variations]"
Add component (AddParameter): Name = "Manufacturer #1"; Value = ""; VariantName = "[No Variations]"
Add component (AddParameter): Name = "Manufacturer #2"; Value = ""; VariantName = "[No Variations]"
Add component (AddParameter): Name = "Note"; Value = ""; VariantName = "[No Variations]"
Add component (AddParameter): Name = "Package"; Value = ""; VariantName = "[No Variations]"
Add component (AddParameter): Name = "Part Number #1"; Value = ""; VariantName = "[No Variations]"
Add component (AddParameter): Name = "Part Number #2"; Value = ""; VariantName = "[No Variations]"
Add component (AddParameter): Name = "Polarized"; Value = ""; VariantName = "[No Variations]"
Add component (AddParameter): Name = "Power Max"; Value = ""; VariantName = "[No Variations]"
Add component (AddParameter): Name = "Supplier 1"; Value = ""; VariantName = "[No Variations]"
Add component (AddParameter): Name = "Supplier Part Number 1"; Value = ""; VariantName = "[No Variations]"
Add component (AddParameter): Name = "Temperature"; Value = ""; VariantName = "[No Variations]"
Add component (AddParameter): Name = "Tolerance"; Value = ""; VariantName = "[No Variations]"
Add component (AddParameter): Name = "Value"; Value = ""; VariantName = "[No Variations]"
Add component (AddParameter): Name = "VerifiedBy"; Value = ""; VariantName = "[No Variations]"
Add component (AddParameter): Name = "Voltage Rating"; Value = ""; VariantName = "[No Variations]"
Added Component: Designator=R6_G(0402_Resistor)
Add component (AddParameter): Name = "Assembly Note"; Value = ""; VariantName = "[No Variations]"
Add component (AddParameter): Name = "Assembly Type"; Value = ""; VariantName = "[No Variations]"
Add component (AddParameter): Name = "CreatedBy/Date"; Value = ""; VariantName = "[No Variations]"
Add component (AddParameter): Name = "Current Rating"; Value = ""; VariantName = "[No Variations]"
Add component (AddParameter): Name = "GRAMS Lib Spec"; Value = "2.7"; VariantName = "[No Variations]"
Add component (AddParameter): Name = "HelpURL"; Value = ""; VariantName = "[No Variations]"
Add component (AddParameter): Name = "Magnetic Material"; Value = ""; VariantName = "[No Variations]"
Add component (AddParameter): Name = "Manufacturer #1"; Value = ""; VariantName = "[No Variations]"
Add component (AddParameter): Name = "Manufacturer #2"; Value = ""; VariantName = "[No Variations]"
Add component (AddParameter): Name = "Note"; Value = ""; VariantName = "[No Variations]"
Add component (AddParameter): Name = "Package"; Value = ""; VariantName = "[No Variations]"
Add component (AddParameter): Name = "Part Number #1"; Value = ""; VariantName = "[No Variations]"
Add component (AddParameter): Name = "Part Number #2"; Value = ""; VariantName = "[No Variations]"
Add component (AddParameter): Name = "Polarized"; Value = ""; VariantName = "[No Variations]"
Add component (AddParameter): Name = "Power Max"; Value = ""; VariantName = "[No Variations]"
Add component (AddParameter): Name = "Supplier 1"; Value = ""; VariantName = "[No Variations]"
Add component (AddParameter): Name = "Supplier Part Number 1"; Value = ""; VariantName = "[No Variations]"
Add component (AddParameter): Name = "Temperature"; Value = ""; VariantName = "[No Variations]"
Add component (AddParameter): Name = "Tolerance"; Value = ""; VariantName = "[No Variations]"
Add component (AddParameter): Name = "Value"; Value = ""; VariantName = "[No Variations]"
Add component (AddParameter): Name = "VerifiedBy"; Value = ""; VariantName = "[No Variations]"
Add component (AddParameter): Name = "Voltage Rating"; Value = ""; VariantName = "[No Variations]"
Added Component: Designator=R6_H(0402_Resistor)
Add component (AddParameter): Name = "Assembly Note"; Value = ""; VariantName = "[No Variations]"
Add component (AddParameter): Name = "Assembly Type"; Value = ""; VariantName = "[No Variations]"
Add component (AddParameter): Name = "CreatedBy/Date"; Value = ""; VariantName = "[No Variations]"
Add component (AddParameter): Name = "Current Rating"; Value = ""; VariantName = "[No Variations]"
Add component (AddParameter): Name = "GRAMS Lib Spec"; Value = "2.7"; VariantName = "[No Variations]"
Add component (AddParameter): Name = "HelpURL"; Value = ""; VariantName = "[No Variations]"
Add component (AddParameter): Name = "Magnetic Material"; Value = ""; VariantName = "[No Variations]"
Add component (AddParameter): Name = "Manufacturer #1"; Value = ""; VariantName = "[No Variations]"
Add component (AddParameter): Name = "Manufacturer #2"; Value = ""; VariantName = "[No Variations]"
Add component (AddParameter): Name = "Note"; Value = ""; VariantName = "[No Variations]"
Add component (AddParameter): Name = "Package"; Value = ""; VariantName = "[No Variations]"
Add component (AddParameter): Name = "Part Number #1"; Value = ""; VariantName = "[No Variations]"
Add component (AddParameter): Name = "Part Number #2"; Value = ""; VariantName = "[No Variations]"
Add component (AddParameter): Name = "Polarized"; Value = ""; VariantName = "[No Variations]"
Add component (AddParameter): Name = "Power Max"; Value = ""; VariantName = "[No Variations]"
Add component (AddParameter): Name = "Supplier 1"; Value = ""; VariantName = "[No Variations]"
Add component (AddParameter): Name = "Supplier Part Number 1"; Value = ""; VariantName = "[No Variations]"
Add component (AddParameter): Name = "Temperature"; Value = ""; VariantName = "[No Variations]"
Add component (AddParameter): Name = "Tolerance"; Value = ""; VariantName = "[No Variations]"
Add component (AddParameter): Name = "Value"; Value = ""; VariantName = "[No Variations]"
Add component (AddParameter): Name = "VerifiedBy"; Value = ""; VariantName = "[No Variations]"
Add component (AddParameter): Name = "Voltage Rating"; Value = ""; VariantName = "[No Variations]"
Added Component: Designator=R7_A(0402_Resistor)
Add component (AddParameter): Name = "Assembly Note"; Value = ""; VariantName = "[No Variations]"
Add component (AddParameter): Name = "Assembly Type"; Value = ""; VariantName = "[No Variations]"
Add component (AddParameter): Name = "CreatedBy/Date"; Value = ""; VariantName = "[No Variations]"
Add component (AddParameter): Name = "Current Rating"; Value = ""; VariantName = "[No Variations]"
Add component (AddParameter): Name = "GRAMS Lib Spec"; Value = "2.7"; VariantName = "[No Variations]"
Add component (AddParameter): Name = "HelpURL"; Value = ""; VariantName = "[No Variations]"
Add component (AddParameter): Name = "Magnetic Material"; Value = ""; VariantName = "[No Variations]"
Add component (AddParameter): Name = "Manufacturer #1"; Value = ""; VariantName = "[No Variations]"
Add component (AddParameter): Name = "Manufacturer #2"; Value = ""; VariantName = "[No Variations]"
Add component (AddParameter): Name = "Note"; Value = ""; VariantName = "[No Variations]"
Add component (AddParameter): Name = "Package"; Value = ""; VariantName = "[No Variations]"
Add component (AddParameter): Name = "Part Number #1"; Value = ""; VariantName = "[No Variations]"
Add component (AddParameter): Name = "Part Number #2"; Value = ""; VariantName = "[No Variations]"
Add component (AddParameter): Name = "Polarized"; Value = ""; VariantName = "[No Variations]"
Add component (AddParameter): Name = "Power Max"; Value = ""; VariantName = "[No Variations]"
Add component (AddParameter): Name = "Supplier 1"; Value = ""; VariantName = "[No Variations]"
Add component (AddParameter): Name = "Supplier Part Number 1"; Value = ""; VariantName = "[No Variations]"
Add component (AddParameter): Name = "Temperature"; Value = ""; VariantName = "[No Variations]"
Add component (AddParameter): Name = "Tolerance"; Value = ""; VariantName = "[No Variations]"
Add component (AddParameter): Name = "Value"; Value = ""; VariantName = "[No Variations]"
Add component (AddParameter): Name = "VerifiedBy"; Value = ""; VariantName = "[No Variations]"
Add component (AddParameter): Name = "Voltage Rating"; Value = ""; VariantName = "[No Variations]"
Added Component: Designator=R7_B(0402_Resistor)
Add component (AddParameter): Name = "Assembly Note"; Value = ""; VariantName = "[No Variations]"
Add component (AddParameter): Name = "Assembly Type"; Value = ""; VariantName = "[No Variations]"
Add component (AddParameter): Name = "CreatedBy/Date"; Value = ""; VariantName = "[No Variations]"
Add component (AddParameter): Name = "Current Rating"; Value = ""; VariantName = "[No Variations]"
Add component (AddParameter): Name = "GRAMS Lib Spec"; Value = "2.7"; VariantName = "[No Variations]"
Add component (AddParameter): Name = "HelpURL"; Value = ""; VariantName = "[No Variations]"
Add component (AddParameter): Name = "Magnetic Material"; Value = ""; VariantName = "[No Variations]"
Add component (AddParameter): Name = "Manufacturer #1"; Value = ""; VariantName = "[No Variations]"
Add component (AddParameter): Name = "Manufacturer #2"; Value = ""; VariantName = "[No Variations]"
Add component (AddParameter): Name = "Note"; Value = ""; VariantName = "[No Variations]"
Add component (AddParameter): Name = "Package"; Value = ""; VariantName = "[No Variations]"
Add component (AddParameter): Name = "Part Number #1"; Value = ""; VariantName = "[No Variations]"
Add component (AddParameter): Name = "Part Number #2"; Value = ""; VariantName = "[No Variations]"
Add component (AddParameter): Name = "Polarized"; Value = ""; VariantName = "[No Variations]"
Add component (AddParameter): Name = "Power Max"; Value = ""; VariantName = "[No Variations]"
Add component (AddParameter): Name = "Supplier 1"; Value = ""; VariantName = "[No Variations]"
Add component (AddParameter): Name = "Supplier Part Number 1"; Value = ""; VariantName = "[No Variations]"
Add component (AddParameter): Name = "Temperature"; Value = ""; VariantName = "[No Variations]"
Add component (AddParameter): Name = "Tolerance"; Value = ""; VariantName = "[No Variations]"
Add component (AddParameter): Name = "Value"; Value = ""; VariantName = "[No Variations]"
Add component (AddParameter): Name = "VerifiedBy"; Value = ""; VariantName = "[No Variations]"
Add component (AddParameter): Name = "Voltage Rating"; Value = ""; VariantName = "[No Variations]"
Added Component: Designator=R7_C(0402_Resistor)
Add component (AddParameter): Name = "Assembly Note"; Value = ""; VariantName = "[No Variations]"
Add component (AddParameter): Name = "Assembly Type"; Value = ""; VariantName = "[No Variations]"
Add component (AddParameter): Name = "CreatedBy/Date"; Value = ""; VariantName = "[No Variations]"
Add component (AddParameter): Name = "Current Rating"; Value = ""; VariantName = "[No Variations]"
Add component (AddParameter): Name = "GRAMS Lib Spec"; Value = "2.7"; VariantName = "[No Variations]"
Add component (AddParameter): Name = "HelpURL"; Value = ""; VariantName = "[No Variations]"
Add component (AddParameter): Name = "Magnetic Material"; Value = ""; VariantName = "[No Variations]"
Add component (AddParameter): Name = "Manufacturer #1"; Value = ""; VariantName = "[No Variations]"
Add component (AddParameter): Name = "Manufacturer #2"; Value = ""; VariantName = "[No Variations]"
Add component (AddParameter): Name = "Note"; Value = ""; VariantName = "[No Variations]"
Add component (AddParameter): Name = "Package"; Value = ""; VariantName = "[No Variations]"
Add component (AddParameter): Name = "Part Number #1"; Value = ""; VariantName = "[No Variations]"
Add component (AddParameter): Name = "Part Number #2"; Value = ""; VariantName = "[No Variations]"
Add component (AddParameter): Name = "Polarized"; Value = ""; VariantName = "[No Variations]"
Add component (AddParameter): Name = "Power Max"; Value = ""; VariantName = "[No Variations]"
Add component (AddParameter): Name = "Supplier 1"; Value = ""; VariantName = "[No Variations]"
Add component (AddParameter): Name = "Supplier Part Number 1"; Value = ""; VariantName = "[No Variations]"
Add component (AddParameter): Name = "Temperature"; Value = ""; VariantName = "[No Variations]"
Add component (AddParameter): Name = "Tolerance"; Value = ""; VariantName = "[No Variations]"
Add component (AddParameter): Name = "Value"; Value = ""; VariantName = "[No Variations]"
Add component (AddParameter): Name = "VerifiedBy"; Value = ""; VariantName = "[No Variations]"
Add component (AddParameter): Name = "Voltage Rating"; Value = ""; VariantName = "[No Variations]"
Added Component: Designator=R7_D(0402_Resistor)
Add component (AddParameter): Name = "Assembly Note"; Value = ""; VariantName = "[No Variations]"
Add component (AddParameter): Name = "Assembly Type"; Value = ""; VariantName = "[No Variations]"
Add component (AddParameter): Name = "CreatedBy/Date"; Value = ""; VariantName = "[No Variations]"
Add component (AddParameter): Name = "Current Rating"; Value = ""; VariantName = "[No Variations]"
Add component (AddParameter): Name = "GRAMS Lib Spec"; Value = "2.7"; VariantName = "[No Variations]"
Add component (AddParameter): Name = "HelpURL"; Value = ""; VariantName = "[No Variations]"
Add component (AddParameter): Name = "Magnetic Material"; Value = ""; VariantName = "[No Variations]"
Add component (AddParameter): Name = "Manufacturer #1"; Value = ""; VariantName = "[No Variations]"
Add component (AddParameter): Name = "Manufacturer #2"; Value = ""; VariantName = "[No Variations]"
Add component (AddParameter): Name = "Note"; Value = ""; VariantName = "[No Variations]"
Add component (AddParameter): Name = "Package"; Value = ""; VariantName = "[No Variations]"
Add component (AddParameter): Name = "Part Number #1"; Value = ""; VariantName = "[No Variations]"
Add component (AddParameter): Name = "Part Number #2"; Value = ""; VariantName = "[No Variations]"
Add component (AddParameter): Name = "Polarized"; Value = ""; VariantName = "[No Variations]"
Add component (AddParameter): Name = "Power Max"; Value = ""; VariantName = "[No Variations]"
Add component (AddParameter): Name = "Supplier 1"; Value = ""; VariantName = "[No Variations]"
Add component (AddParameter): Name = "Supplier Part Number 1"; Value = ""; VariantName = "[No Variations]"
Add component (AddParameter): Name = "Temperature"; Value = ""; VariantName = "[No Variations]"
Add component (AddParameter): Name = "Tolerance"; Value = ""; VariantName = "[No Variations]"
Add component (AddParameter): Name = "Value"; Value = ""; VariantName = "[No Variations]"
Add component (AddParameter): Name = "VerifiedBy"; Value = ""; VariantName = "[No Variations]"
Add component (AddParameter): Name = "Voltage Rating"; Value = ""; VariantName = "[No Variations]"
Added Component: Designator=R7_E(0402_Resistor)
Add component (AddParameter): Name = "Assembly Note"; Value = ""; VariantName = "[No Variations]"
Add component (AddParameter): Name = "Assembly Type"; Value = ""; VariantName = "[No Variations]"
Add component (AddParameter): Name = "CreatedBy/Date"; Value = ""; VariantName = "[No Variations]"
Add component (AddParameter): Name = "Current Rating"; Value = ""; VariantName = "[No Variations]"
Add component (AddParameter): Name = "GRAMS Lib Spec"; Value = "2.7"; VariantName = "[No Variations]"
Add component (AddParameter): Name = "HelpURL"; Value = ""; VariantName = "[No Variations]"
Add component (AddParameter): Name = "Magnetic Material"; Value = ""; VariantName = "[No Variations]"
Add component (AddParameter): Name = "Manufacturer #1"; Value = ""; VariantName = "[No Variations]"
Add component (AddParameter): Name = "Manufacturer #2"; Value = ""; VariantName = "[No Variations]"
Add component (AddParameter): Name = "Note"; Value = ""; VariantName = "[No Variations]"
Add component (AddParameter): Name = "Package"; Value = ""; VariantName = "[No Variations]"
Add component (AddParameter): Name = "Part Number #1"; Value = ""; VariantName = "[No Variations]"
Add component (AddParameter): Name = "Part Number #2"; Value = ""; VariantName = "[No Variations]"
Add component (AddParameter): Name = "Polarized"; Value = ""; VariantName = "[No Variations]"
Add component (AddParameter): Name = "Power Max"; Value = ""; VariantName = "[No Variations]"
Add component (AddParameter): Name = "Supplier 1"; Value = ""; VariantName = "[No Variations]"
Add component (AddParameter): Name = "Supplier Part Number 1"; Value = ""; VariantName = "[No Variations]"
Add component (AddParameter): Name = "Temperature"; Value = ""; VariantName = "[No Variations]"
Add component (AddParameter): Name = "Tolerance"; Value = ""; VariantName = "[No Variations]"
Add component (AddParameter): Name = "Value"; Value = ""; VariantName = "[No Variations]"
Add component (AddParameter): Name = "VerifiedBy"; Value = ""; VariantName = "[No Variations]"
Add component (AddParameter): Name = "Voltage Rating"; Value = ""; VariantName = "[No Variations]"
Added Component: Designator=R7_F(0402_Resistor)
Add component (AddParameter): Name = "Assembly Note"; Value = ""; VariantName = "[No Variations]"
Add component (AddParameter): Name = "Assembly Type"; Value = ""; VariantName = "[No Variations]"
Add component (AddParameter): Name = "CreatedBy/Date"; Value = ""; VariantName = "[No Variations]"
Add component (AddParameter): Name = "Current Rating"; Value = ""; VariantName = "[No Variations]"
Add component (AddParameter): Name = "GRAMS Lib Spec"; Value = "2.7"; VariantName = "[No Variations]"
Add component (AddParameter): Name = "HelpURL"; Value = ""; VariantName = "[No Variations]"
Add component (AddParameter): Name = "Magnetic Material"; Value = ""; VariantName = "[No Variations]"
Add component (AddParameter): Name = "Manufacturer #1"; Value = ""; VariantName = "[No Variations]"
Add component (AddParameter): Name = "Manufacturer #2"; Value = ""; VariantName = "[No Variations]"
Add component (AddParameter): Name = "Note"; Value = ""; VariantName = "[No Variations]"
Add component (AddParameter): Name = "Package"; Value = ""; VariantName = "[No Variations]"
Add component (AddParameter): Name = "Part Number #1"; Value = ""; VariantName = "[No Variations]"
Add component (AddParameter): Name = "Part Number #2"; Value = ""; VariantName = "[No Variations]"
Add component (AddParameter): Name = "Polarized"; Value = ""; VariantName = "[No Variations]"
Add component (AddParameter): Name = "Power Max"; Value = ""; VariantName = "[No Variations]"
Add component (AddParameter): Name = "Supplier 1"; Value = ""; VariantName = "[No Variations]"
Add component (AddParameter): Name = "Supplier Part Number 1"; Value = ""; VariantName = "[No Variations]"
Add component (AddParameter): Name = "Temperature"; Value = ""; VariantName = "[No Variations]"
Add component (AddParameter): Name = "Tolerance"; Value = ""; VariantName = "[No Variations]"
Add component (AddParameter): Name = "Value"; Value = ""; VariantName = "[No Variations]"
Add component (AddParameter): Name = "VerifiedBy"; Value = ""; VariantName = "[No Variations]"
Add component (AddParameter): Name = "Voltage Rating"; Value = ""; VariantName = "[No Variations]"
Added Component: Designator=R7_G(0402_Resistor)
Add component (AddParameter): Name = "Assembly Note"; Value = ""; VariantName = "[No Variations]"
Add component (AddParameter): Name = "Assembly Type"; Value = ""; VariantName = "[No Variations]"
Add component (AddParameter): Name = "CreatedBy/Date"; Value = ""; VariantName = "[No Variations]"
Add component (AddParameter): Name = "Current Rating"; Value = ""; VariantName = "[No Variations]"
Add component (AddParameter): Name = "GRAMS Lib Spec"; Value = "2.7"; VariantName = "[No Variations]"
Add component (AddParameter): Name = "HelpURL"; Value = ""; VariantName = "[No Variations]"
Add component (AddParameter): Name = "Magnetic Material"; Value = ""; VariantName = "[No Variations]"
Add component (AddParameter): Name = "Manufacturer #1"; Value = ""; VariantName = "[No Variations]"
Add component (AddParameter): Name = "Manufacturer #2"; Value = ""; VariantName = "[No Variations]"
Add component (AddParameter): Name = "Note"; Value = ""; VariantName = "[No Variations]"
Add component (AddParameter): Name = "Package"; Value = ""; VariantName = "[No Variations]"
Add component (AddParameter): Name = "Part Number #1"; Value = ""; VariantName = "[No Variations]"
Add component (AddParameter): Name = "Part Number #2"; Value = ""; VariantName = "[No Variations]"
Add component (AddParameter): Name = "Polarized"; Value = ""; VariantName = "[No Variations]"
Add component (AddParameter): Name = "Power Max"; Value = ""; VariantName = "[No Variations]"
Add component (AddParameter): Name = "Supplier 1"; Value = ""; VariantName = "[No Variations]"
Add component (AddParameter): Name = "Supplier Part Number 1"; Value = ""; VariantName = "[No Variations]"
Add component (AddParameter): Name = "Temperature"; Value = ""; VariantName = "[No Variations]"
Add component (AddParameter): Name = "Tolerance"; Value = ""; VariantName = "[No Variations]"
Add component (AddParameter): Name = "Value"; Value = ""; VariantName = "[No Variations]"
Add component (AddParameter): Name = "VerifiedBy"; Value = ""; VariantName = "[No Variations]"
Add component (AddParameter): Name = "Voltage Rating"; Value = ""; VariantName = "[No Variations]"
Added Component: Designator=R7_H(0402_Resistor)
Add component (AddParameter): Name = "Assembly Note"; Value = ""; VariantName = "[No Variations]"
Add component (AddParameter): Name = "Assembly Type"; Value = ""; VariantName = "[No Variations]"
Add component (AddParameter): Name = "CreatedBy/Date"; Value = ""; VariantName = "[No Variations]"
Add component (AddParameter): Name = "Current Rating"; Value = ""; VariantName = "[No Variations]"
Add component (AddParameter): Name = "GRAMS Lib Spec"; Value = "2.7"; VariantName = "[No Variations]"
Add component (AddParameter): Name = "HelpURL"; Value = ""; VariantName = "[No Variations]"
Add component (AddParameter): Name = "Magnetic Material"; Value = ""; VariantName = "[No Variations]"
Add component (AddParameter): Name = "Manufacturer #1"; Value = ""; VariantName = "[No Variations]"
Add component (AddParameter): Name = "Manufacturer #2"; Value = ""; VariantName = "[No Variations]"
Add component (AddParameter): Name = "Note"; Value = ""; VariantName = "[No Variations]"
Add component (AddParameter): Name = "Package"; Value = ""; VariantName = "[No Variations]"
Add component (AddParameter): Name = "Part Number #1"; Value = ""; VariantName = "[No Variations]"
Add component (AddParameter): Name = "Part Number #2"; Value = ""; VariantName = "[No Variations]"
Add component (AddParameter): Name = "Polarized"; Value = ""; VariantName = "[No Variations]"
Add component (AddParameter): Name = "Power Max"; Value = ""; VariantName = "[No Variations]"
Add component (AddParameter): Name = "Supplier 1"; Value = ""; VariantName = "[No Variations]"
Add component (AddParameter): Name = "Supplier Part Number 1"; Value = ""; VariantName = "[No Variations]"
Add component (AddParameter): Name = "Temperature"; Value = ""; VariantName = "[No Variations]"
Add component (AddParameter): Name = "Tolerance"; Value = ""; VariantName = "[No Variations]"
Add component (AddParameter): Name = "Value"; Value = ""; VariantName = "[No Variations]"
Add component (AddParameter): Name = "VerifiedBy"; Value = ""; VariantName = "[No Variations]"
Add component (AddParameter): Name = "Voltage Rating"; Value = ""; VariantName = "[No Variations]"
Added Component: Designator=R8_A(0402_Resistor)
Add component (AddParameter): Name = "Assembly Note"; Value = ""; VariantName = "[No Variations]"
Add component (AddParameter): Name = "Assembly Type"; Value = ""; VariantName = "[No Variations]"
Add component (AddParameter): Name = "CreatedBy/Date"; Value = ""; VariantName = "[No Variations]"
Add component (AddParameter): Name = "Current Rating"; Value = ""; VariantName = "[No Variations]"
Add component (AddParameter): Name = "GRAMS Lib Spec"; Value = "2.7"; VariantName = "[No Variations]"
Add component (AddParameter): Name = "HelpURL"; Value = ""; VariantName = "[No Variations]"
Add component (AddParameter): Name = "Magnetic Material"; Value = ""; VariantName = "[No Variations]"
Add component (AddParameter): Name = "Manufacturer #1"; Value = ""; VariantName = "[No Variations]"
Add component (AddParameter): Name = "Manufacturer #2"; Value = ""; VariantName = "[No Variations]"
Add component (AddParameter): Name = "Note"; Value = ""; VariantName = "[No Variations]"
Add component (AddParameter): Name = "Package"; Value = ""; VariantName = "[No Variations]"
Add component (AddParameter): Name = "Part Number #1"; Value = ""; VariantName = "[No Variations]"
Add component (AddParameter): Name = "Part Number #2"; Value = ""; VariantName = "[No Variations]"
Add component (AddParameter): Name = "Polarized"; Value = ""; VariantName = "[No Variations]"
Add component (AddParameter): Name = "Power Max"; Value = ""; VariantName = "[No Variations]"
Add component (AddParameter): Name = "Supplier 1"; Value = ""; VariantName = "[No Variations]"
Add component (AddParameter): Name = "Supplier Part Number 1"; Value = ""; VariantName = "[No Variations]"
Add component (AddParameter): Name = "Temperature"; Value = ""; VariantName = "[No Variations]"
Add component (AddParameter): Name = "Tolerance"; Value = ""; VariantName = "[No Variations]"
Add component (AddParameter): Name = "Value"; Value = ""; VariantName = "[No Variations]"
Add component (AddParameter): Name = "VerifiedBy"; Value = ""; VariantName = "[No Variations]"
Add component (AddParameter): Name = "Voltage Rating"; Value = ""; VariantName = "[No Variations]"
Added Component: Designator=R8_B(0402_Resistor)
Add component (AddParameter): Name = "Assembly Note"; Value = ""; VariantName = "[No Variations]"
Add component (AddParameter): Name = "Assembly Type"; Value = ""; VariantName = "[No Variations]"
Add component (AddParameter): Name = "CreatedBy/Date"; Value = ""; VariantName = "[No Variations]"
Add component (AddParameter): Name = "Current Rating"; Value = ""; VariantName = "[No Variations]"
Add component (AddParameter): Name = "GRAMS Lib Spec"; Value = "2.7"; VariantName = "[No Variations]"
Add component (AddParameter): Name = "HelpURL"; Value = ""; VariantName = "[No Variations]"
Add component (AddParameter): Name = "Magnetic Material"; Value = ""; VariantName = "[No Variations]"
Add component (AddParameter): Name = "Manufacturer #1"; Value = ""; VariantName = "[No Variations]"
Add component (AddParameter): Name = "Manufacturer #2"; Value = ""; VariantName = "[No Variations]"
Add component (AddParameter): Name = "Note"; Value = ""; VariantName = "[No Variations]"
Add component (AddParameter): Name = "Package"; Value = ""; VariantName = "[No Variations]"
Add component (AddParameter): Name = "Part Number #1"; Value = ""; VariantName = "[No Variations]"
Add component (AddParameter): Name = "Part Number #2"; Value = ""; VariantName = "[No Variations]"
Add component (AddParameter): Name = "Polarized"; Value = ""; VariantName = "[No Variations]"
Add component (AddParameter): Name = "Power Max"; Value = ""; VariantName = "[No Variations]"
Add component (AddParameter): Name = "Supplier 1"; Value = ""; VariantName = "[No Variations]"
Add component (AddParameter): Name = "Supplier Part Number 1"; Value = ""; VariantName = "[No Variations]"
Add component (AddParameter): Name = "Temperature"; Value = ""; VariantName = "[No Variations]"
Add component (AddParameter): Name = "Tolerance"; Value = ""; VariantName = "[No Variations]"
Add component (AddParameter): Name = "Value"; Value = ""; VariantName = "[No Variations]"
Add component (AddParameter): Name = "VerifiedBy"; Value = ""; VariantName = "[No Variations]"
Add component (AddParameter): Name = "Voltage Rating"; Value = ""; VariantName = "[No Variations]"
Added Component: Designator=R8_C(0402_Resistor)
Add component (AddParameter): Name = "Assembly Note"; Value = ""; VariantName = "[No Variations]"
Add component (AddParameter): Name = "Assembly Type"; Value = ""; VariantName = "[No Variations]"
Add component (AddParameter): Name = "CreatedBy/Date"; Value = ""; VariantName = "[No Variations]"
Add component (AddParameter): Name = "Current Rating"; Value = ""; VariantName = "[No Variations]"
Add component (AddParameter): Name = "GRAMS Lib Spec"; Value = "2.7"; VariantName = "[No Variations]"
Add component (AddParameter): Name = "HelpURL"; Value = ""; VariantName = "[No Variations]"
Add component (AddParameter): Name = "Magnetic Material"; Value = ""; VariantName = "[No Variations]"
Add component (AddParameter): Name = "Manufacturer #1"; Value = ""; VariantName = "[No Variations]"
Add component (AddParameter): Name = "Manufacturer #2"; Value = ""; VariantName = "[No Variations]"
Add component (AddParameter): Name = "Note"; Value = ""; VariantName = "[No Variations]"
Add component (AddParameter): Name = "Package"; Value = ""; VariantName = "[No Variations]"
Add component (AddParameter): Name = "Part Number #1"; Value = ""; VariantName = "[No Variations]"
Add component (AddParameter): Name = "Part Number #2"; Value = ""; VariantName = "[No Variations]"
Add component (AddParameter): Name = "Polarized"; Value = ""; VariantName = "[No Variations]"
Add component (AddParameter): Name = "Power Max"; Value = ""; VariantName = "[No Variations]"
Add component (AddParameter): Name = "Supplier 1"; Value = ""; VariantName = "[No Variations]"
Add component (AddParameter): Name = "Supplier Part Number 1"; Value = ""; VariantName = "[No Variations]"
Add component (AddParameter): Name = "Temperature"; Value = ""; VariantName = "[No Variations]"
Add component (AddParameter): Name = "Tolerance"; Value = ""; VariantName = "[No Variations]"
Add component (AddParameter): Name = "Value"; Value = ""; VariantName = "[No Variations]"
Add component (AddParameter): Name = "VerifiedBy"; Value = ""; VariantName = "[No Variations]"
Add component (AddParameter): Name = "Voltage Rating"; Value = ""; VariantName = "[No Variations]"
Added Component: Designator=R8_D(0402_Resistor)
Add component (AddParameter): Name = "Assembly Note"; Value = ""; VariantName = "[No Variations]"
Add component (AddParameter): Name = "Assembly Type"; Value = ""; VariantName = "[No Variations]"
Add component (AddParameter): Name = "CreatedBy/Date"; Value = ""; VariantName = "[No Variations]"
Add component (AddParameter): Name = "Current Rating"; Value = ""; VariantName = "[No Variations]"
Add component (AddParameter): Name = "GRAMS Lib Spec"; Value = "2.7"; VariantName = "[No Variations]"
Add component (AddParameter): Name = "HelpURL"; Value = ""; VariantName = "[No Variations]"
Add component (AddParameter): Name = "Magnetic Material"; Value = ""; VariantName = "[No Variations]"
Add component (AddParameter): Name = "Manufacturer #1"; Value = ""; VariantName = "[No Variations]"
Add component (AddParameter): Name = "Manufacturer #2"; Value = ""; VariantName = "[No Variations]"
Add component (AddParameter): Name = "Note"; Value = ""; VariantName = "[No Variations]"
Add component (AddParameter): Name = "Package"; Value = ""; VariantName = "[No Variations]"
Add component (AddParameter): Name = "Part Number #1"; Value = ""; VariantName = "[No Variations]"
Add component (AddParameter): Name = "Part Number #2"; Value = ""; VariantName = "[No Variations]"
Add component (AddParameter): Name = "Polarized"; Value = ""; VariantName = "[No Variations]"
Add component (AddParameter): Name = "Power Max"; Value = ""; VariantName = "[No Variations]"
Add component (AddParameter): Name = "Supplier 1"; Value = ""; VariantName = "[No Variations]"
Add component (AddParameter): Name = "Supplier Part Number 1"; Value = ""; VariantName = "[No Variations]"
Add component (AddParameter): Name = "Temperature"; Value = ""; VariantName = "[No Variations]"
Add component (AddParameter): Name = "Tolerance"; Value = ""; VariantName = "[No Variations]"
Add component (AddParameter): Name = "Value"; Value = ""; VariantName = "[No Variations]"
Add component (AddParameter): Name = "VerifiedBy"; Value = ""; VariantName = "[No Variations]"
Add component (AddParameter): Name = "Voltage Rating"; Value = ""; VariantName = "[No Variations]"
Added Component: Designator=R8_E(0402_Resistor)
Add component (AddParameter): Name = "Assembly Note"; Value = ""; VariantName = "[No Variations]"
Add component (AddParameter): Name = "Assembly Type"; Value = ""; VariantName = "[No Variations]"
Add component (AddParameter): Name = "CreatedBy/Date"; Value = ""; VariantName = "[No Variations]"
Add component (AddParameter): Name = "Current Rating"; Value = ""; VariantName = "[No Variations]"
Add component (AddParameter): Name = "GRAMS Lib Spec"; Value = "2.7"; VariantName = "[No Variations]"
Add component (AddParameter): Name = "HelpURL"; Value = ""; VariantName = "[No Variations]"
Add component (AddParameter): Name = "Magnetic Material"; Value = ""; VariantName = "[No Variations]"
Add component (AddParameter): Name = "Manufacturer #1"; Value = ""; VariantName = "[No Variations]"
Add component (AddParameter): Name = "Manufacturer #2"; Value = ""; VariantName = "[No Variations]"
Add component (AddParameter): Name = "Note"; Value = ""; VariantName = "[No Variations]"
Add component (AddParameter): Name = "Package"; Value = ""; VariantName = "[No Variations]"
Add component (AddParameter): Name = "Part Number #1"; Value = ""; VariantName = "[No Variations]"
Add component (AddParameter): Name = "Part Number #2"; Value = ""; VariantName = "[No Variations]"
Add component (AddParameter): Name = "Polarized"; Value = ""; VariantName = "[No Variations]"
Add component (AddParameter): Name = "Power Max"; Value = ""; VariantName = "[No Variations]"
Add component (AddParameter): Name = "Supplier 1"; Value = ""; VariantName = "[No Variations]"
Add component (AddParameter): Name = "Supplier Part Number 1"; Value = ""; VariantName = "[No Variations]"
Add component (AddParameter): Name = "Temperature"; Value = ""; VariantName = "[No Variations]"
Add component (AddParameter): Name = "Tolerance"; Value = ""; VariantName = "[No Variations]"
Add component (AddParameter): Name = "Value"; Value = ""; VariantName = "[No Variations]"
Add component (AddParameter): Name = "VerifiedBy"; Value = ""; VariantName = "[No Variations]"
Add component (AddParameter): Name = "Voltage Rating"; Value = ""; VariantName = "[No Variations]"
Added Component: Designator=R8_F(0402_Resistor)
Add component (AddParameter): Name = "Assembly Note"; Value = ""; VariantName = "[No Variations]"
Add component (AddParameter): Name = "Assembly Type"; Value = ""; VariantName = "[No Variations]"
Add component (AddParameter): Name = "CreatedBy/Date"; Value = ""; VariantName = "[No Variations]"
Add component (AddParameter): Name = "Current Rating"; Value = ""; VariantName = "[No Variations]"
Add component (AddParameter): Name = "GRAMS Lib Spec"; Value = "2.7"; VariantName = "[No Variations]"
Add component (AddParameter): Name = "HelpURL"; Value = ""; VariantName = "[No Variations]"
Add component (AddParameter): Name = "Magnetic Material"; Value = ""; VariantName = "[No Variations]"
Add component (AddParameter): Name = "Manufacturer #1"; Value = ""; VariantName = "[No Variations]"
Add component (AddParameter): Name = "Manufacturer #2"; Value = ""; VariantName = "[No Variations]"
Add component (AddParameter): Name = "Note"; Value = ""; VariantName = "[No Variations]"
Add component (AddParameter): Name = "Package"; Value = ""; VariantName = "[No Variations]"
Add component (AddParameter): Name = "Part Number #1"; Value = ""; VariantName = "[No Variations]"
Add component (AddParameter): Name = "Part Number #2"; Value = ""; VariantName = "[No Variations]"
Add component (AddParameter): Name = "Polarized"; Value = ""; VariantName = "[No Variations]"
Add component (AddParameter): Name = "Power Max"; Value = ""; VariantName = "[No Variations]"
Add component (AddParameter): Name = "Supplier 1"; Value = ""; VariantName = "[No Variations]"
Add component (AddParameter): Name = "Supplier Part Number 1"; Value = ""; VariantName = "[No Variations]"
Add component (AddParameter): Name = "Temperature"; Value = ""; VariantName = "[No Variations]"
Add component (AddParameter): Name = "Tolerance"; Value = ""; VariantName = "[No Variations]"
Add component (AddParameter): Name = "Value"; Value = ""; VariantName = "[No Variations]"
Add component (AddParameter): Name = "VerifiedBy"; Value = ""; VariantName = "[No Variations]"
Add component (AddParameter): Name = "Voltage Rating"; Value = ""; VariantName = "[No Variations]"
Added Component: Designator=R8_G(0402_Resistor)
Add component (AddParameter): Name = "Assembly Note"; Value = ""; VariantName = "[No Variations]"
Add component (AddParameter): Name = "Assembly Type"; Value = ""; VariantName = "[No Variations]"
Add component (AddParameter): Name = "CreatedBy/Date"; Value = ""; VariantName = "[No Variations]"
Add component (AddParameter): Name = "Current Rating"; Value = ""; VariantName = "[No Variations]"
Add component (AddParameter): Name = "GRAMS Lib Spec"; Value = "2.7"; VariantName = "[No Variations]"
Add component (AddParameter): Name = "HelpURL"; Value = ""; VariantName = "[No Variations]"
Add component (AddParameter): Name = "Magnetic Material"; Value = ""; VariantName = "[No Variations]"
Add component (AddParameter): Name = "Manufacturer #1"; Value = ""; VariantName = "[No Variations]"
Add component (AddParameter): Name = "Manufacturer #2"; Value = ""; VariantName = "[No Variations]"
Add component (AddParameter): Name = "Note"; Value = ""; VariantName = "[No Variations]"
Add component (AddParameter): Name = "Package"; Value = ""; VariantName = "[No Variations]"
Add component (AddParameter): Name = "Part Number #1"; Value = ""; VariantName = "[No Variations]"
Add component (AddParameter): Name = "Part Number #2"; Value = ""; VariantName = "[No Variations]"
Add component (AddParameter): Name = "Polarized"; Value = ""; VariantName = "[No Variations]"
Add component (AddParameter): Name = "Power Max"; Value = ""; VariantName = "[No Variations]"
Add component (AddParameter): Name = "Supplier 1"; Value = ""; VariantName = "[No Variations]"
Add component (AddParameter): Name = "Supplier Part Number 1"; Value = ""; VariantName = "[No Variations]"
Add component (AddParameter): Name = "Temperature"; Value = ""; VariantName = "[No Variations]"
Add component (AddParameter): Name = "Tolerance"; Value = ""; VariantName = "[No Variations]"
Add component (AddParameter): Name = "Value"; Value = ""; VariantName = "[No Variations]"
Add component (AddParameter): Name = "VerifiedBy"; Value = ""; VariantName = "[No Variations]"
Add component (AddParameter): Name = "Voltage Rating"; Value = ""; VariantName = "[No Variations]"
Added Component: Designator=R8_H(0402_Resistor)
Add component (AddParameter): Name = "Assembly Note"; Value = ""; VariantName = "[No Variations]"
Add component (AddParameter): Name = "Assembly Type"; Value = ""; VariantName = "[No Variations]"
Add component (AddParameter): Name = "CreatedBy/Date"; Value = ""; VariantName = "[No Variations]"
Add component (AddParameter): Name = "Current Rating"; Value = ""; VariantName = "[No Variations]"
Add component (AddParameter): Name = "GRAMS Lib Spec"; Value = "2.7"; VariantName = "[No Variations]"
Add component (AddParameter): Name = "HelpURL"; Value = ""; VariantName = "[No Variations]"
Add component (AddParameter): Name = "Magnetic Material"; Value = ""; VariantName = "[No Variations]"
Add component (AddParameter): Name = "Manufacturer #1"; Value = ""; VariantName = "[No Variations]"
Add component (AddParameter): Name = "Manufacturer #2"; Value = ""; VariantName = "[No Variations]"
Add component (AddParameter): Name = "Note"; Value = ""; VariantName = "[No Variations]"
Add component (AddParameter): Name = "Package"; Value = ""; VariantName = "[No Variations]"
Add component (AddParameter): Name = "Part Number #1"; Value = ""; VariantName = "[No Variations]"
Add component (AddParameter): Name = "Part Number #2"; Value = ""; VariantName = "[No Variations]"
Add component (AddParameter): Name = "Polarized"; Value = ""; VariantName = "[No Variations]"
Add component (AddParameter): Name = "Power Max"; Value = ""; VariantName = "[No Variations]"
Add component (AddParameter): Name = "Supplier 1"; Value = ""; VariantName = "[No Variations]"
Add component (AddParameter): Name = "Supplier Part Number 1"; Value = ""; VariantName = "[No Variations]"
Add component (AddParameter): Name = "Temperature"; Value = ""; VariantName = "[No Variations]"
Add component (AddParameter): Name = "Tolerance"; Value = ""; VariantName = "[No Variations]"
Add component (AddParameter): Name = "Value"; Value = ""; VariantName = "[No Variations]"
Add component (AddParameter): Name = "VerifiedBy"; Value = ""; VariantName = "[No Variations]"
Add component (AddParameter): Name = "Voltage Rating"; Value = ""; VariantName = "[No Variations]"
Added Component: Designator=R9_A(0402_Resistor)
Add component (AddParameter): Name = "Assembly Note"; Value = ""; VariantName = "[No Variations]"
Add component (AddParameter): Name = "Assembly Type"; Value = ""; VariantName = "[No Variations]"
Add component (AddParameter): Name = "CreatedBy/Date"; Value = ""; VariantName = "[No Variations]"
Add component (AddParameter): Name = "Current Rating"; Value = ""; VariantName = "[No Variations]"
Add component (AddParameter): Name = "GRAMS Lib Spec"; Value = "2.7"; VariantName = "[No Variations]"
Add component (AddParameter): Name = "HelpURL"; Value = ""; VariantName = "[No Variations]"
Add component (AddParameter): Name = "Magnetic Material"; Value = ""; VariantName = "[No Variations]"
Add component (AddParameter): Name = "Manufacturer #1"; Value = ""; VariantName = "[No Variations]"
Add component (AddParameter): Name = "Manufacturer #2"; Value = ""; VariantName = "[No Variations]"
Add component (AddParameter): Name = "Note"; Value = ""; VariantName = "[No Variations]"
Add component (AddParameter): Name = "Package"; Value = ""; VariantName = "[No Variations]"
Add component (AddParameter): Name = "Part Number #1"; Value = ""; VariantName = "[No Variations]"
Add component (AddParameter): Name = "Part Number #2"; Value = ""; VariantName = "[No Variations]"
Add component (AddParameter): Name = "Polarized"; Value = ""; VariantName = "[No Variations]"
Add component (AddParameter): Name = "Power Max"; Value = ""; VariantName = "[No Variations]"
Add component (AddParameter): Name = "Supplier 1"; Value = ""; VariantName = "[No Variations]"
Add component (AddParameter): Name = "Supplier Part Number 1"; Value = ""; VariantName = "[No Variations]"
Add component (AddParameter): Name = "Temperature"; Value = ""; VariantName = "[No Variations]"
Add component (AddParameter): Name = "Tolerance"; Value = ""; VariantName = "[No Variations]"
Add component (AddParameter): Name = "Value"; Value = ""; VariantName = "[No Variations]"
Add component (AddParameter): Name = "VerifiedBy"; Value = ""; VariantName = "[No Variations]"
Add component (AddParameter): Name = "Voltage Rating"; Value = ""; VariantName = "[No Variations]"
Added Component: Designator=R9_B(0402_Resistor)
Add component (AddParameter): Name = "Assembly Note"; Value = ""; VariantName = "[No Variations]"
Add component (AddParameter): Name = "Assembly Type"; Value = ""; VariantName = "[No Variations]"
Add component (AddParameter): Name = "CreatedBy/Date"; Value = ""; VariantName = "[No Variations]"
Add component (AddParameter): Name = "Current Rating"; Value = ""; VariantName = "[No Variations]"
Add component (AddParameter): Name = "GRAMS Lib Spec"; Value = "2.7"; VariantName = "[No Variations]"
Add component (AddParameter): Name = "HelpURL"; Value = ""; VariantName = "[No Variations]"
Add component (AddParameter): Name = "Magnetic Material"; Value = ""; VariantName = "[No Variations]"
Add component (AddParameter): Name = "Manufacturer #1"; Value = ""; VariantName = "[No Variations]"
Add component (AddParameter): Name = "Manufacturer #2"; Value = ""; VariantName = "[No Variations]"
Add component (AddParameter): Name = "Note"; Value = ""; VariantName = "[No Variations]"
Add component (AddParameter): Name = "Package"; Value = ""; VariantName = "[No Variations]"
Add component (AddParameter): Name = "Part Number #1"; Value = ""; VariantName = "[No Variations]"
Add component (AddParameter): Name = "Part Number #2"; Value = ""; VariantName = "[No Variations]"
Add component (AddParameter): Name = "Polarized"; Value = ""; VariantName = "[No Variations]"
Add component (AddParameter): Name = "Power Max"; Value = ""; VariantName = "[No Variations]"
Add component (AddParameter): Name = "Supplier 1"; Value = ""; VariantName = "[No Variations]"
Add component (AddParameter): Name = "Supplier Part Number 1"; Value = ""; VariantName = "[No Variations]"
Add component (AddParameter): Name = "Temperature"; Value = ""; VariantName = "[No Variations]"
Add component (AddParameter): Name = "Tolerance"; Value = ""; VariantName = "[No Variations]"
Add component (AddParameter): Name = "Value"; Value = ""; VariantName = "[No Variations]"
Add component (AddParameter): Name = "VerifiedBy"; Value = ""; VariantName = "[No Variations]"
Add component (AddParameter): Name = "Voltage Rating"; Value = ""; VariantName = "[No Variations]"
Added Component: Designator=R9_C(0402_Resistor)
Add component (AddParameter): Name = "Assembly Note"; Value = ""; VariantName = "[No Variations]"
Add component (AddParameter): Name = "Assembly Type"; Value = ""; VariantName = "[No Variations]"
Add component (AddParameter): Name = "CreatedBy/Date"; Value = ""; VariantName = "[No Variations]"
Add component (AddParameter): Name = "Current Rating"; Value = ""; VariantName = "[No Variations]"
Add component (AddParameter): Name = "GRAMS Lib Spec"; Value = "2.7"; VariantName = "[No Variations]"
Add component (AddParameter): Name = "HelpURL"; Value = ""; VariantName = "[No Variations]"
Add component (AddParameter): Name = "Magnetic Material"; Value = ""; VariantName = "[No Variations]"
Add component (AddParameter): Name = "Manufacturer #1"; Value = ""; VariantName = "[No Variations]"
Add component (AddParameter): Name = "Manufacturer #2"; Value = ""; VariantName = "[No Variations]"
Add component (AddParameter): Name = "Note"; Value = ""; VariantName = "[No Variations]"
Add component (AddParameter): Name = "Package"; Value = ""; VariantName = "[No Variations]"
Add component (AddParameter): Name = "Part Number #1"; Value = ""; VariantName = "[No Variations]"
Add component (AddParameter): Name = "Part Number #2"; Value = ""; VariantName = "[No Variations]"
Add component (AddParameter): Name = "Polarized"; Value = ""; VariantName = "[No Variations]"
Add component (AddParameter): Name = "Power Max"; Value = ""; VariantName = "[No Variations]"
Add component (AddParameter): Name = "Supplier 1"; Value = ""; VariantName = "[No Variations]"
Add component (AddParameter): Name = "Supplier Part Number 1"; Value = ""; VariantName = "[No Variations]"
Add component (AddParameter): Name = "Temperature"; Value = ""; VariantName = "[No Variations]"
Add component (AddParameter): Name = "Tolerance"; Value = ""; VariantName = "[No Variations]"
Add component (AddParameter): Name = "Value"; Value = ""; VariantName = "[No Variations]"
Add component (AddParameter): Name = "VerifiedBy"; Value = ""; VariantName = "[No Variations]"
Add component (AddParameter): Name = "Voltage Rating"; Value = ""; VariantName = "[No Variations]"
Added Component: Designator=R9_D(0402_Resistor)
Add component (AddParameter): Name = "Assembly Note"; Value = ""; VariantName = "[No Variations]"
Add component (AddParameter): Name = "Assembly Type"; Value = ""; VariantName = "[No Variations]"
Add component (AddParameter): Name = "CreatedBy/Date"; Value = ""; VariantName = "[No Variations]"
Add component (AddParameter): Name = "Current Rating"; Value = ""; VariantName = "[No Variations]"
Add component (AddParameter): Name = "GRAMS Lib Spec"; Value = "2.7"; VariantName = "[No Variations]"
Add component (AddParameter): Name = "HelpURL"; Value = ""; VariantName = "[No Variations]"
Add component (AddParameter): Name = "Magnetic Material"; Value = ""; VariantName = "[No Variations]"
Add component (AddParameter): Name = "Manufacturer #1"; Value = ""; VariantName = "[No Variations]"
Add component (AddParameter): Name = "Manufacturer #2"; Value = ""; VariantName = "[No Variations]"
Add component (AddParameter): Name = "Note"; Value = ""; VariantName = "[No Variations]"
Add component (AddParameter): Name = "Package"; Value = ""; VariantName = "[No Variations]"
Add component (AddParameter): Name = "Part Number #1"; Value = ""; VariantName = "[No Variations]"
Add component (AddParameter): Name = "Part Number #2"; Value = ""; VariantName = "[No Variations]"
Add component (AddParameter): Name = "Polarized"; Value = ""; VariantName = "[No Variations]"
Add component (AddParameter): Name = "Power Max"; Value = ""; VariantName = "[No Variations]"
Add component (AddParameter): Name = "Supplier 1"; Value = ""; VariantName = "[No Variations]"
Add component (AddParameter): Name = "Supplier Part Number 1"; Value = ""; VariantName = "[No Variations]"
Add component (AddParameter): Name = "Temperature"; Value = ""; VariantName = "[No Variations]"
Add component (AddParameter): Name = "Tolerance"; Value = ""; VariantName = "[No Variations]"
Add component (AddParameter): Name = "Value"; Value = ""; VariantName = "[No Variations]"
Add component (AddParameter): Name = "VerifiedBy"; Value = ""; VariantName = "[No Variations]"
Add component (AddParameter): Name = "Voltage Rating"; Value = ""; VariantName = "[No Variations]"
Added Component: Designator=R9_E(0402_Resistor)
Add component (AddParameter): Name = "Assembly Note"; Value = ""; VariantName = "[No Variations]"
Add component (AddParameter): Name = "Assembly Type"; Value = ""; VariantName = "[No Variations]"
Add component (AddParameter): Name = "CreatedBy/Date"; Value = ""; VariantName = "[No Variations]"
Add component (AddParameter): Name = "Current Rating"; Value = ""; VariantName = "[No Variations]"
Add component (AddParameter): Name = "GRAMS Lib Spec"; Value = "2.7"; VariantName = "[No Variations]"
Add component (AddParameter): Name = "HelpURL"; Value = ""; VariantName = "[No Variations]"
Add component (AddParameter): Name = "Magnetic Material"; Value = ""; VariantName = "[No Variations]"
Add component (AddParameter): Name = "Manufacturer #1"; Value = ""; VariantName = "[No Variations]"
Add component (AddParameter): Name = "Manufacturer #2"; Value = ""; VariantName = "[No Variations]"
Add component (AddParameter): Name = "Note"; Value = ""; VariantName = "[No Variations]"
Add component (AddParameter): Name = "Package"; Value = ""; VariantName = "[No Variations]"
Add component (AddParameter): Name = "Part Number #1"; Value = ""; VariantName = "[No Variations]"
Add component (AddParameter): Name = "Part Number #2"; Value = ""; VariantName = "[No Variations]"
Add component (AddParameter): Name = "Polarized"; Value = ""; VariantName = "[No Variations]"
Add component (AddParameter): Name = "Power Max"; Value = ""; VariantName = "[No Variations]"
Add component (AddParameter): Name = "Supplier 1"; Value = ""; VariantName = "[No Variations]"
Add component (AddParameter): Name = "Supplier Part Number 1"; Value = ""; VariantName = "[No Variations]"
Add component (AddParameter): Name = "Temperature"; Value = ""; VariantName = "[No Variations]"
Add component (AddParameter): Name = "Tolerance"; Value = ""; VariantName = "[No Variations]"
Add component (AddParameter): Name = "Value"; Value = ""; VariantName = "[No Variations]"
Add component (AddParameter): Name = "VerifiedBy"; Value = ""; VariantName = "[No Variations]"
Add component (AddParameter): Name = "Voltage Rating"; Value = ""; VariantName = "[No Variations]"
Added Component: Designator=R9_F(0402_Resistor)
Add component (AddParameter): Name = "Assembly Note"; Value = ""; VariantName = "[No Variations]"
Add component (AddParameter): Name = "Assembly Type"; Value = ""; VariantName = "[No Variations]"
Add component (AddParameter): Name = "CreatedBy/Date"; Value = ""; VariantName = "[No Variations]"
Add component (AddParameter): Name = "Current Rating"; Value = ""; VariantName = "[No Variations]"
Add component (AddParameter): Name = "GRAMS Lib Spec"; Value = "2.7"; VariantName = "[No Variations]"
Add component (AddParameter): Name = "HelpURL"; Value = ""; VariantName = "[No Variations]"
Add component (AddParameter): Name = "Magnetic Material"; Value = ""; VariantName = "[No Variations]"
Add component (AddParameter): Name = "Manufacturer #1"; Value = ""; VariantName = "[No Variations]"
Add component (AddParameter): Name = "Manufacturer #2"; Value = ""; VariantName = "[No Variations]"
Add component (AddParameter): Name = "Note"; Value = ""; VariantName = "[No Variations]"
Add component (AddParameter): Name = "Package"; Value = ""; VariantName = "[No Variations]"
Add component (AddParameter): Name = "Part Number #1"; Value = ""; VariantName = "[No Variations]"
Add component (AddParameter): Name = "Part Number #2"; Value = ""; VariantName = "[No Variations]"
Add component (AddParameter): Name = "Polarized"; Value = ""; VariantName = "[No Variations]"
Add component (AddParameter): Name = "Power Max"; Value = ""; VariantName = "[No Variations]"
Add component (AddParameter): Name = "Supplier 1"; Value = ""; VariantName = "[No Variations]"
Add component (AddParameter): Name = "Supplier Part Number 1"; Value = ""; VariantName = "[No Variations]"
Add component (AddParameter): Name = "Temperature"; Value = ""; VariantName = "[No Variations]"
Add component (AddParameter): Name = "Tolerance"; Value = ""; VariantName = "[No Variations]"
Add component (AddParameter): Name = "Value"; Value = ""; VariantName = "[No Variations]"
Add component (AddParameter): Name = "VerifiedBy"; Value = ""; VariantName = "[No Variations]"
Add component (AddParameter): Name = "Voltage Rating"; Value = ""; VariantName = "[No Variations]"
Added Component: Designator=R9_G(0402_Resistor)
Add component (AddParameter): Name = "Assembly Note"; Value = ""; VariantName = "[No Variations]"
Add component (AddParameter): Name = "Assembly Type"; Value = ""; VariantName = "[No Variations]"
Add component (AddParameter): Name = "CreatedBy/Date"; Value = ""; VariantName = "[No Variations]"
Add component (AddParameter): Name = "Current Rating"; Value = ""; VariantName = "[No Variations]"
Add component (AddParameter): Name = "GRAMS Lib Spec"; Value = "2.7"; VariantName = "[No Variations]"
Add component (AddParameter): Name = "HelpURL"; Value = ""; VariantName = "[No Variations]"
Add component (AddParameter): Name = "Magnetic Material"; Value = ""; VariantName = "[No Variations]"
Add component (AddParameter): Name = "Manufacturer #1"; Value = ""; VariantName = "[No Variations]"
Add component (AddParameter): Name = "Manufacturer #2"; Value = ""; VariantName = "[No Variations]"
Add component (AddParameter): Name = "Note"; Value = ""; VariantName = "[No Variations]"
Add component (AddParameter): Name = "Package"; Value = ""; VariantName = "[No Variations]"
Add component (AddParameter): Name = "Part Number #1"; Value = ""; VariantName = "[No Variations]"
Add component (AddParameter): Name = "Part Number #2"; Value = ""; VariantName = "[No Variations]"
Add component (AddParameter): Name = "Polarized"; Value = ""; VariantName = "[No Variations]"
Add component (AddParameter): Name = "Power Max"; Value = ""; VariantName = "[No Variations]"
Add component (AddParameter): Name = "Supplier 1"; Value = ""; VariantName = "[No Variations]"
Add component (AddParameter): Name = "Supplier Part Number 1"; Value = ""; VariantName = "[No Variations]"
Add component (AddParameter): Name = "Temperature"; Value = ""; VariantName = "[No Variations]"
Add component (AddParameter): Name = "Tolerance"; Value = ""; VariantName = "[No Variations]"
Add component (AddParameter): Name = "Value"; Value = ""; VariantName = "[No Variations]"
Add component (AddParameter): Name = "VerifiedBy"; Value = ""; VariantName = "[No Variations]"
Add component (AddParameter): Name = "Voltage Rating"; Value = ""; VariantName = "[No Variations]"
Added Component: Designator=R9_H(0402_Resistor)
Add component (AddParameter): Name = "Assembly Note"; Value = ""; VariantName = "[No Variations]"
Add component (AddParameter): Name = "Assembly Type"; Value = ""; VariantName = "[No Variations]"
Add component (AddParameter): Name = "CreatedBy/Date"; Value = ""; VariantName = "[No Variations]"
Add component (AddParameter): Name = "Current Rating"; Value = ""; VariantName = "[No Variations]"
Add component (AddParameter): Name = "GRAMS Lib Spec"; Value = "2.7"; VariantName = "[No Variations]"
Add component (AddParameter): Name = "HelpURL"; Value = ""; VariantName = "[No Variations]"
Add component (AddParameter): Name = "Magnetic Material"; Value = ""; VariantName = "[No Variations]"
Add component (AddParameter): Name = "Manufacturer #1"; Value = ""; VariantName = "[No Variations]"
Add component (AddParameter): Name = "Manufacturer #2"; Value = ""; VariantName = "[No Variations]"
Add component (AddParameter): Name = "Note"; Value = ""; VariantName = "[No Variations]"
Add component (AddParameter): Name = "Package"; Value = ""; VariantName = "[No Variations]"
Add component (AddParameter): Name = "Part Number #1"; Value = ""; VariantName = "[No Variations]"
Add component (AddParameter): Name = "Part Number #2"; Value = ""; VariantName = "[No Variations]"
Add component (AddParameter): Name = "Polarized"; Value = ""; VariantName = "[No Variations]"
Add component (AddParameter): Name = "Power Max"; Value = ""; VariantName = "[No Variations]"
Add component (AddParameter): Name = "Supplier 1"; Value = ""; VariantName = "[No Variations]"
Add component (AddParameter): Name = "Supplier Part Number 1"; Value = ""; VariantName = "[No Variations]"
Add component (AddParameter): Name = "Temperature"; Value = ""; VariantName = "[No Variations]"
Add component (AddParameter): Name = "Tolerance"; Value = ""; VariantName = "[No Variations]"
Add component (AddParameter): Name = "Value"; Value = ""; VariantName = "[No Variations]"
Add component (AddParameter): Name = "VerifiedBy"; Value = ""; VariantName = "[No Variations]"
Add component (AddParameter): Name = "Voltage Rating"; Value = ""; VariantName = "[No Variations]"
Added Component: Designator=R10_A(0402_Resistor)
Add component (AddParameter): Name = "Assembly Note"; Value = ""; VariantName = "[No Variations]"
Add component (AddParameter): Name = "Assembly Type"; Value = ""; VariantName = "[No Variations]"
Add component (AddParameter): Name = "CreatedBy/Date"; Value = ""; VariantName = "[No Variations]"
Add component (AddParameter): Name = "Current Rating"; Value = ""; VariantName = "[No Variations]"
Add component (AddParameter): Name = "GRAMS Lib Spec"; Value = "2.7"; VariantName = "[No Variations]"
Add component (AddParameter): Name = "HelpURL"; Value = ""; VariantName = "[No Variations]"
Add component (AddParameter): Name = "Magnetic Material"; Value = ""; VariantName = "[No Variations]"
Add component (AddParameter): Name = "Manufacturer #1"; Value = ""; VariantName = "[No Variations]"
Add component (AddParameter): Name = "Manufacturer #2"; Value = ""; VariantName = "[No Variations]"
Add component (AddParameter): Name = "Note"; Value = ""; VariantName = "[No Variations]"
Add component (AddParameter): Name = "Package"; Value = ""; VariantName = "[No Variations]"
Add component (AddParameter): Name = "Part Number #1"; Value = ""; VariantName = "[No Variations]"
Add component (AddParameter): Name = "Part Number #2"; Value = ""; VariantName = "[No Variations]"
Add component (AddParameter): Name = "Polarized"; Value = ""; VariantName = "[No Variations]"
Add component (AddParameter): Name = "Power Max"; Value = ""; VariantName = "[No Variations]"
Add component (AddParameter): Name = "Supplier 1"; Value = ""; VariantName = "[No Variations]"
Add component (AddParameter): Name = "Supplier Part Number 1"; Value = ""; VariantName = "[No Variations]"
Add component (AddParameter): Name = "Temperature"; Value = ""; VariantName = "[No Variations]"
Add component (AddParameter): Name = "Tolerance"; Value = ""; VariantName = "[No Variations]"
Add component (AddParameter): Name = "Value"; Value = ""; VariantName = "[No Variations]"
Add component (AddParameter): Name = "VerifiedBy"; Value = ""; VariantName = "[No Variations]"
Add component (AddParameter): Name = "Voltage Rating"; Value = ""; VariantName = "[No Variations]"
Added Component: Designator=R10_B(0402_Resistor)
Add component (AddParameter): Name = "Assembly Note"; Value = ""; VariantName = "[No Variations]"
Add component (AddParameter): Name = "Assembly Type"; Value = ""; VariantName = "[No Variations]"
Add component (AddParameter): Name = "CreatedBy/Date"; Value = ""; VariantName = "[No Variations]"
Add component (AddParameter): Name = "Current Rating"; Value = ""; VariantName = "[No Variations]"
Add component (AddParameter): Name = "GRAMS Lib Spec"; Value = "2.7"; VariantName = "[No Variations]"
Add component (AddParameter): Name = "HelpURL"; Value = ""; VariantName = "[No Variations]"
Add component (AddParameter): Name = "Magnetic Material"; Value = ""; VariantName = "[No Variations]"
Add component (AddParameter): Name = "Manufacturer #1"; Value = ""; VariantName = "[No Variations]"
Add component (AddParameter): Name = "Manufacturer #2"; Value = ""; VariantName = "[No Variations]"
Add component (AddParameter): Name = "Note"; Value = ""; VariantName = "[No Variations]"
Add component (AddParameter): Name = "Package"; Value = ""; VariantName = "[No Variations]"
Add component (AddParameter): Name = "Part Number #1"; Value = ""; VariantName = "[No Variations]"
Add component (AddParameter): Name = "Part Number #2"; Value = ""; VariantName = "[No Variations]"
Add component (AddParameter): Name = "Polarized"; Value = ""; VariantName = "[No Variations]"
Add component (AddParameter): Name = "Power Max"; Value = ""; VariantName = "[No Variations]"
Add component (AddParameter): Name = "Supplier 1"; Value = ""; VariantName = "[No Variations]"
Add component (AddParameter): Name = "Supplier Part Number 1"; Value = ""; VariantName = "[No Variations]"
Add component (AddParameter): Name = "Temperature"; Value = ""; VariantName = "[No Variations]"
Add component (AddParameter): Name = "Tolerance"; Value = ""; VariantName = "[No Variations]"
Add component (AddParameter): Name = "Value"; Value = ""; VariantName = "[No Variations]"
Add component (AddParameter): Name = "VerifiedBy"; Value = ""; VariantName = "[No Variations]"
Add component (AddParameter): Name = "Voltage Rating"; Value = ""; VariantName = "[No Variations]"
Added Component: Designator=R10_C(0402_Resistor)
Add component (AddParameter): Name = "Assembly Note"; Value = ""; VariantName = "[No Variations]"
Add component (AddParameter): Name = "Assembly Type"; Value = ""; VariantName = "[No Variations]"
Add component (AddParameter): Name = "CreatedBy/Date"; Value = ""; VariantName = "[No Variations]"
Add component (AddParameter): Name = "Current Rating"; Value = ""; VariantName = "[No Variations]"
Add component (AddParameter): Name = "GRAMS Lib Spec"; Value = "2.7"; VariantName = "[No Variations]"
Add component (AddParameter): Name = "HelpURL"; Value = ""; VariantName = "[No Variations]"
Add component (AddParameter): Name = "Magnetic Material"; Value = ""; VariantName = "[No Variations]"
Add component (AddParameter): Name = "Manufacturer #1"; Value = ""; VariantName = "[No Variations]"
Add component (AddParameter): Name = "Manufacturer #2"; Value = ""; VariantName = "[No Variations]"
Add component (AddParameter): Name = "Note"; Value = ""; VariantName = "[No Variations]"
Add component (AddParameter): Name = "Package"; Value = ""; VariantName = "[No Variations]"
Add component (AddParameter): Name = "Part Number #1"; Value = ""; VariantName = "[No Variations]"
Add component (AddParameter): Name = "Part Number #2"; Value = ""; VariantName = "[No Variations]"
Add component (AddParameter): Name = "Polarized"; Value = ""; VariantName = "[No Variations]"
Add component (AddParameter): Name = "Power Max"; Value = ""; VariantName = "[No Variations]"
Add component (AddParameter): Name = "Supplier 1"; Value = ""; VariantName = "[No Variations]"
Add component (AddParameter): Name = "Supplier Part Number 1"; Value = ""; VariantName = "[No Variations]"
Add component (AddParameter): Name = "Temperature"; Value = ""; VariantName = "[No Variations]"
Add component (AddParameter): Name = "Tolerance"; Value = ""; VariantName = "[No Variations]"
Add component (AddParameter): Name = "Value"; Value = ""; VariantName = "[No Variations]"
Add component (AddParameter): Name = "VerifiedBy"; Value = ""; VariantName = "[No Variations]"
Add component (AddParameter): Name = "Voltage Rating"; Value = ""; VariantName = "[No Variations]"
Added Component: Designator=R10_D(0402_Resistor)
Add component (AddParameter): Name = "Assembly Note"; Value = ""; VariantName = "[No Variations]"
Add component (AddParameter): Name = "Assembly Type"; Value = ""; VariantName = "[No Variations]"
Add component (AddParameter): Name = "CreatedBy/Date"; Value = ""; VariantName = "[No Variations]"
Add component (AddParameter): Name = "Current Rating"; Value = ""; VariantName = "[No Variations]"
Add component (AddParameter): Name = "GRAMS Lib Spec"; Value = "2.7"; VariantName = "[No Variations]"
Add component (AddParameter): Name = "HelpURL"; Value = ""; VariantName = "[No Variations]"
Add component (AddParameter): Name = "Magnetic Material"; Value = ""; VariantName = "[No Variations]"
Add component (AddParameter): Name = "Manufacturer #1"; Value = ""; VariantName = "[No Variations]"
Add component (AddParameter): Name = "Manufacturer #2"; Value = ""; VariantName = "[No Variations]"
Add component (AddParameter): Name = "Note"; Value = ""; VariantName = "[No Variations]"
Add component (AddParameter): Name = "Package"; Value = ""; VariantName = "[No Variations]"
Add component (AddParameter): Name = "Part Number #1"; Value = ""; VariantName = "[No Variations]"
Add component (AddParameter): Name = "Part Number #2"; Value = ""; VariantName = "[No Variations]"
Add component (AddParameter): Name = "Polarized"; Value = ""; VariantName = "[No Variations]"
Add component (AddParameter): Name = "Power Max"; Value = ""; VariantName = "[No Variations]"
Add component (AddParameter): Name = "Supplier 1"; Value = ""; VariantName = "[No Variations]"
Add component (AddParameter): Name = "Supplier Part Number 1"; Value = ""; VariantName = "[No Variations]"
Add component (AddParameter): Name = "Temperature"; Value = ""; VariantName = "[No Variations]"
Add component (AddParameter): Name = "Tolerance"; Value = ""; VariantName = "[No Variations]"
Add component (AddParameter): Name = "Value"; Value = ""; VariantName = "[No Variations]"
Add component (AddParameter): Name = "VerifiedBy"; Value = ""; VariantName = "[No Variations]"
Add component (AddParameter): Name = "Voltage Rating"; Value = ""; VariantName = "[No Variations]"
Added Component: Designator=R10_E(0402_Resistor)
Add component (AddParameter): Name = "Assembly Note"; Value = ""; VariantName = "[No Variations]"
Add component (AddParameter): Name = "Assembly Type"; Value = ""; VariantName = "[No Variations]"
Add component (AddParameter): Name = "CreatedBy/Date"; Value = ""; VariantName = "[No Variations]"
Add component (AddParameter): Name = "Current Rating"; Value = ""; VariantName = "[No Variations]"
Add component (AddParameter): Name = "GRAMS Lib Spec"; Value = "2.7"; VariantName = "[No Variations]"
Add component (AddParameter): Name = "HelpURL"; Value = ""; VariantName = "[No Variations]"
Add component (AddParameter): Name = "Magnetic Material"; Value = ""; VariantName = "[No Variations]"
Add component (AddParameter): Name = "Manufacturer #1"; Value = ""; VariantName = "[No Variations]"
Add component (AddParameter): Name = "Manufacturer #2"; Value = ""; VariantName = "[No Variations]"
Add component (AddParameter): Name = "Note"; Value = ""; VariantName = "[No Variations]"
Add component (AddParameter): Name = "Package"; Value = ""; VariantName = "[No Variations]"
Add component (AddParameter): Name = "Part Number #1"; Value = ""; VariantName = "[No Variations]"
Add component (AddParameter): Name = "Part Number #2"; Value = ""; VariantName = "[No Variations]"
Add component (AddParameter): Name = "Polarized"; Value = ""; VariantName = "[No Variations]"
Add component (AddParameter): Name = "Power Max"; Value = ""; VariantName = "[No Variations]"
Add component (AddParameter): Name = "Supplier 1"; Value = ""; VariantName = "[No Variations]"
Add component (AddParameter): Name = "Supplier Part Number 1"; Value = ""; VariantName = "[No Variations]"
Add component (AddParameter): Name = "Temperature"; Value = ""; VariantName = "[No Variations]"
Add component (AddParameter): Name = "Tolerance"; Value = ""; VariantName = "[No Variations]"
Add component (AddParameter): Name = "Value"; Value = ""; VariantName = "[No Variations]"
Add component (AddParameter): Name = "VerifiedBy"; Value = ""; VariantName = "[No Variations]"
Add component (AddParameter): Name = "Voltage Rating"; Value = ""; VariantName = "[No Variations]"
Added Component: Designator=R10_F(0402_Resistor)
Add component (AddParameter): Name = "Assembly Note"; Value = ""; VariantName = "[No Variations]"
Add component (AddParameter): Name = "Assembly Type"; Value = ""; VariantName = "[No Variations]"
Add component (AddParameter): Name = "CreatedBy/Date"; Value = ""; VariantName = "[No Variations]"
Add component (AddParameter): Name = "Current Rating"; Value = ""; VariantName = "[No Variations]"
Add component (AddParameter): Name = "GRAMS Lib Spec"; Value = "2.7"; VariantName = "[No Variations]"
Add component (AddParameter): Name = "HelpURL"; Value = ""; VariantName = "[No Variations]"
Add component (AddParameter): Name = "Magnetic Material"; Value = ""; VariantName = "[No Variations]"
Add component (AddParameter): Name = "Manufacturer #1"; Value = ""; VariantName = "[No Variations]"
Add component (AddParameter): Name = "Manufacturer #2"; Value = ""; VariantName = "[No Variations]"
Add component (AddParameter): Name = "Note"; Value = ""; VariantName = "[No Variations]"
Add component (AddParameter): Name = "Package"; Value = ""; VariantName = "[No Variations]"
Add component (AddParameter): Name = "Part Number #1"; Value = ""; VariantName = "[No Variations]"
Add component (AddParameter): Name = "Part Number #2"; Value = ""; VariantName = "[No Variations]"
Add component (AddParameter): Name = "Polarized"; Value = ""; VariantName = "[No Variations]"
Add component (AddParameter): Name = "Power Max"; Value = ""; VariantName = "[No Variations]"
Add component (AddParameter): Name = "Supplier 1"; Value = ""; VariantName = "[No Variations]"
Add component (AddParameter): Name = "Supplier Part Number 1"; Value = ""; VariantName = "[No Variations]"
Add component (AddParameter): Name = "Temperature"; Value = ""; VariantName = "[No Variations]"
Add component (AddParameter): Name = "Tolerance"; Value = ""; VariantName = "[No Variations]"
Add component (AddParameter): Name = "Value"; Value = ""; VariantName = "[No Variations]"
Add component (AddParameter): Name = "VerifiedBy"; Value = ""; VariantName = "[No Variations]"
Add component (AddParameter): Name = "Voltage Rating"; Value = ""; VariantName = "[No Variations]"
Added Component: Designator=R10_G(0402_Resistor)
Add component (AddParameter): Name = "Assembly Note"; Value = ""; VariantName = "[No Variations]"
Add component (AddParameter): Name = "Assembly Type"; Value = ""; VariantName = "[No Variations]"
Add component (AddParameter): Name = "CreatedBy/Date"; Value = ""; VariantName = "[No Variations]"
Add component (AddParameter): Name = "Current Rating"; Value = ""; VariantName = "[No Variations]"
Add component (AddParameter): Name = "GRAMS Lib Spec"; Value = "2.7"; VariantName = "[No Variations]"
Add component (AddParameter): Name = "HelpURL"; Value = ""; VariantName = "[No Variations]"
Add component (AddParameter): Name = "Magnetic Material"; Value = ""; VariantName = "[No Variations]"
Add component (AddParameter): Name = "Manufacturer #1"; Value = ""; VariantName = "[No Variations]"
Add component (AddParameter): Name = "Manufacturer #2"; Value = ""; VariantName = "[No Variations]"
Add component (AddParameter): Name = "Note"; Value = ""; VariantName = "[No Variations]"
Add component (AddParameter): Name = "Package"; Value = ""; VariantName = "[No Variations]"
Add component (AddParameter): Name = "Part Number #1"; Value = ""; VariantName = "[No Variations]"
Add component (AddParameter): Name = "Part Number #2"; Value = ""; VariantName = "[No Variations]"
Add component (AddParameter): Name = "Polarized"; Value = ""; VariantName = "[No Variations]"
Add component (AddParameter): Name = "Power Max"; Value = ""; VariantName = "[No Variations]"
Add component (AddParameter): Name = "Supplier 1"; Value = ""; VariantName = "[No Variations]"
Add component (AddParameter): Name = "Supplier Part Number 1"; Value = ""; VariantName = "[No Variations]"
Add component (AddParameter): Name = "Temperature"; Value = ""; VariantName = "[No Variations]"
Add component (AddParameter): Name = "Tolerance"; Value = ""; VariantName = "[No Variations]"
Add component (AddParameter): Name = "Value"; Value = ""; VariantName = "[No Variations]"
Add component (AddParameter): Name = "VerifiedBy"; Value = ""; VariantName = "[No Variations]"
Add component (AddParameter): Name = "Voltage Rating"; Value = ""; VariantName = "[No Variations]"
Added Component: Designator=R10_H(0402_Resistor)
Add component (AddParameter): Name = "Assembly Note"; Value = ""; VariantName = "[No Variations]"
Add component (AddParameter): Name = "Assembly Type"; Value = ""; VariantName = "[No Variations]"
Add component (AddParameter): Name = "CreatedBy/Date"; Value = ""; VariantName = "[No Variations]"
Add component (AddParameter): Name = "Current Rating"; Value = ""; VariantName = "[No Variations]"
Add component (AddParameter): Name = "GRAMS Lib Spec"; Value = "2.7"; VariantName = "[No Variations]"
Add component (AddParameter): Name = "HelpURL"; Value = ""; VariantName = "[No Variations]"
Add component (AddParameter): Name = "Magnetic Material"; Value = ""; VariantName = "[No Variations]"
Add component (AddParameter): Name = "Manufacturer #1"; Value = ""; VariantName = "[No Variations]"
Add component (AddParameter): Name = "Manufacturer #2"; Value = ""; VariantName = "[No Variations]"
Add component (AddParameter): Name = "Note"; Value = ""; VariantName = "[No Variations]"
Add component (AddParameter): Name = "Package"; Value = ""; VariantName = "[No Variations]"
Add component (AddParameter): Name = "Part Number #1"; Value = ""; VariantName = "[No Variations]"
Add component (AddParameter): Name = "Part Number #2"; Value = ""; VariantName = "[No Variations]"
Add component (AddParameter): Name = "Polarized"; Value = ""; VariantName = "[No Variations]"
Add component (AddParameter): Name = "Power Max"; Value = ""; VariantName = "[No Variations]"
Add component (AddParameter): Name = "Supplier 1"; Value = ""; VariantName = "[No Variations]"
Add component (AddParameter): Name = "Supplier Part Number 1"; Value = ""; VariantName = "[No Variations]"
Add component (AddParameter): Name = "Temperature"; Value = ""; VariantName = "[No Variations]"
Add component (AddParameter): Name = "Tolerance"; Value = ""; VariantName = "[No Variations]"
Add component (AddParameter): Name = "Value"; Value = ""; VariantName = "[No Variations]"
Add component (AddParameter): Name = "VerifiedBy"; Value = ""; VariantName = "[No Variations]"
Add component (AddParameter): Name = "Voltage Rating"; Value = ""; VariantName = "[No Variations]"
Added Component: Designator=R11_A(0402_Resistor)
Add component (AddParameter): Name = "Assembly Note"; Value = ""; VariantName = "[No Variations]"
Add component (AddParameter): Name = "Assembly Type"; Value = ""; VariantName = "[No Variations]"
Add component (AddParameter): Name = "CreatedBy/Date"; Value = ""; VariantName = "[No Variations]"
Add component (AddParameter): Name = "Current Rating"; Value = ""; VariantName = "[No Variations]"
Add component (AddParameter): Name = "GRAMS Lib Spec"; Value = "2.7"; VariantName = "[No Variations]"
Add component (AddParameter): Name = "HelpURL"; Value = ""; VariantName = "[No Variations]"
Add component (AddParameter): Name = "Magnetic Material"; Value = ""; VariantName = "[No Variations]"
Add component (AddParameter): Name = "Manufacturer #1"; Value = ""; VariantName = "[No Variations]"
Add component (AddParameter): Name = "Manufacturer #2"; Value = ""; VariantName = "[No Variations]"
Add component (AddParameter): Name = "Note"; Value = ""; VariantName = "[No Variations]"
Add component (AddParameter): Name = "Package"; Value = ""; VariantName = "[No Variations]"
Add component (AddParameter): Name = "Part Number #1"; Value = ""; VariantName = "[No Variations]"
Add component (AddParameter): Name = "Part Number #2"; Value = ""; VariantName = "[No Variations]"
Add component (AddParameter): Name = "Polarized"; Value = ""; VariantName = "[No Variations]"
Add component (AddParameter): Name = "Power Max"; Value = ""; VariantName = "[No Variations]"
Add component (AddParameter): Name = "Supplier 1"; Value = ""; VariantName = "[No Variations]"
Add component (AddParameter): Name = "Supplier Part Number 1"; Value = ""; VariantName = "[No Variations]"
Add component (AddParameter): Name = "Temperature"; Value = ""; VariantName = "[No Variations]"
Add component (AddParameter): Name = "Tolerance"; Value = ""; VariantName = "[No Variations]"
Add component (AddParameter): Name = "Value"; Value = ""; VariantName = "[No Variations]"
Add component (AddParameter): Name = "VerifiedBy"; Value = ""; VariantName = "[No Variations]"
Add component (AddParameter): Name = "Voltage Rating"; Value = ""; VariantName = "[No Variations]"
Added Component: Designator=R11_B(0402_Resistor)
Add component (AddParameter): Name = "Assembly Note"; Value = ""; VariantName = "[No Variations]"
Add component (AddParameter): Name = "Assembly Type"; Value = ""; VariantName = "[No Variations]"
Add component (AddParameter): Name = "CreatedBy/Date"; Value = ""; VariantName = "[No Variations]"
Add component (AddParameter): Name = "Current Rating"; Value = ""; VariantName = "[No Variations]"
Add component (AddParameter): Name = "GRAMS Lib Spec"; Value = "2.7"; VariantName = "[No Variations]"
Add component (AddParameter): Name = "HelpURL"; Value = ""; VariantName = "[No Variations]"
Add component (AddParameter): Name = "Magnetic Material"; Value = ""; VariantName = "[No Variations]"
Add component (AddParameter): Name = "Manufacturer #1"; Value = ""; VariantName = "[No Variations]"
Add component (AddParameter): Name = "Manufacturer #2"; Value = ""; VariantName = "[No Variations]"
Add component (AddParameter): Name = "Note"; Value = ""; VariantName = "[No Variations]"
Add component (AddParameter): Name = "Package"; Value = ""; VariantName = "[No Variations]"
Add component (AddParameter): Name = "Part Number #1"; Value = ""; VariantName = "[No Variations]"
Add component (AddParameter): Name = "Part Number #2"; Value = ""; VariantName = "[No Variations]"
Add component (AddParameter): Name = "Polarized"; Value = ""; VariantName = "[No Variations]"
Add component (AddParameter): Name = "Power Max"; Value = ""; VariantName = "[No Variations]"
Add component (AddParameter): Name = "Supplier 1"; Value = ""; VariantName = "[No Variations]"
Add component (AddParameter): Name = "Supplier Part Number 1"; Value = ""; VariantName = "[No Variations]"
Add component (AddParameter): Name = "Temperature"; Value = ""; VariantName = "[No Variations]"
Add component (AddParameter): Name = "Tolerance"; Value = ""; VariantName = "[No Variations]"
Add component (AddParameter): Name = "Value"; Value = ""; VariantName = "[No Variations]"
Add component (AddParameter): Name = "VerifiedBy"; Value = ""; VariantName = "[No Variations]"
Add component (AddParameter): Name = "Voltage Rating"; Value = ""; VariantName = "[No Variations]"
Added Component: Designator=R11_C(0402_Resistor)
Add component (AddParameter): Name = "Assembly Note"; Value = ""; VariantName = "[No Variations]"
Add component (AddParameter): Name = "Assembly Type"; Value = ""; VariantName = "[No Variations]"
Add component (AddParameter): Name = "CreatedBy/Date"; Value = ""; VariantName = "[No Variations]"
Add component (AddParameter): Name = "Current Rating"; Value = ""; VariantName = "[No Variations]"
Add component (AddParameter): Name = "GRAMS Lib Spec"; Value = "2.7"; VariantName = "[No Variations]"
Add component (AddParameter): Name = "HelpURL"; Value = ""; VariantName = "[No Variations]"
Add component (AddParameter): Name = "Magnetic Material"; Value = ""; VariantName = "[No Variations]"
Add component (AddParameter): Name = "Manufacturer #1"; Value = ""; VariantName = "[No Variations]"
Add component (AddParameter): Name = "Manufacturer #2"; Value = ""; VariantName = "[No Variations]"
Add component (AddParameter): Name = "Note"; Value = ""; VariantName = "[No Variations]"
Add component (AddParameter): Name = "Package"; Value = ""; VariantName = "[No Variations]"
Add component (AddParameter): Name = "Part Number #1"; Value = ""; VariantName = "[No Variations]"
Add component (AddParameter): Name = "Part Number #2"; Value = ""; VariantName = "[No Variations]"
Add component (AddParameter): Name = "Polarized"; Value = ""; VariantName = "[No Variations]"
Add component (AddParameter): Name = "Power Max"; Value = ""; VariantName = "[No Variations]"
Add component (AddParameter): Name = "Supplier 1"; Value = ""; VariantName = "[No Variations]"
Add component (AddParameter): Name = "Supplier Part Number 1"; Value = ""; VariantName = "[No Variations]"
Add component (AddParameter): Name = "Temperature"; Value = ""; VariantName = "[No Variations]"
Add component (AddParameter): Name = "Tolerance"; Value = ""; VariantName = "[No Variations]"
Add component (AddParameter): Name = "Value"; Value = ""; VariantName = "[No Variations]"
Add component (AddParameter): Name = "VerifiedBy"; Value = ""; VariantName = "[No Variations]"
Add component (AddParameter): Name = "Voltage Rating"; Value = ""; VariantName = "[No Variations]"
Added Component: Designator=R11_D(0402_Resistor)
Add component (AddParameter): Name = "Assembly Note"; Value = ""; VariantName = "[No Variations]"
Add component (AddParameter): Name = "Assembly Type"; Value = ""; VariantName = "[No Variations]"
Add component (AddParameter): Name = "CreatedBy/Date"; Value = ""; VariantName = "[No Variations]"
Add component (AddParameter): Name = "Current Rating"; Value = ""; VariantName = "[No Variations]"
Add component (AddParameter): Name = "GRAMS Lib Spec"; Value = "2.7"; VariantName = "[No Variations]"
Add component (AddParameter): Name = "HelpURL"; Value = ""; VariantName = "[No Variations]"
Add component (AddParameter): Name = "Magnetic Material"; Value = ""; VariantName = "[No Variations]"
Add component (AddParameter): Name = "Manufacturer #1"; Value = ""; VariantName = "[No Variations]"
Add component (AddParameter): Name = "Manufacturer #2"; Value = ""; VariantName = "[No Variations]"
Add component (AddParameter): Name = "Note"; Value = ""; VariantName = "[No Variations]"
Add component (AddParameter): Name = "Package"; Value = ""; VariantName = "[No Variations]"
Add component (AddParameter): Name = "Part Number #1"; Value = ""; VariantName = "[No Variations]"
Add component (AddParameter): Name = "Part Number #2"; Value = ""; VariantName = "[No Variations]"
Add component (AddParameter): Name = "Polarized"; Value = ""; VariantName = "[No Variations]"
Add component (AddParameter): Name = "Power Max"; Value = ""; VariantName = "[No Variations]"
Add component (AddParameter): Name = "Supplier 1"; Value = ""; VariantName = "[No Variations]"
Add component (AddParameter): Name = "Supplier Part Number 1"; Value = ""; VariantName = "[No Variations]"
Add component (AddParameter): Name = "Temperature"; Value = ""; VariantName = "[No Variations]"
Add component (AddParameter): Name = "Tolerance"; Value = ""; VariantName = "[No Variations]"
Add component (AddParameter): Name = "Value"; Value = ""; VariantName = "[No Variations]"
Add component (AddParameter): Name = "VerifiedBy"; Value = ""; VariantName = "[No Variations]"
Add component (AddParameter): Name = "Voltage Rating"; Value = ""; VariantName = "[No Variations]"
Added Component: Designator=R11_E(0402_Resistor)
Add component (AddParameter): Name = "Assembly Note"; Value = ""; VariantName = "[No Variations]"
Add component (AddParameter): Name = "Assembly Type"; Value = ""; VariantName = "[No Variations]"
Add component (AddParameter): Name = "CreatedBy/Date"; Value = ""; VariantName = "[No Variations]"
Add component (AddParameter): Name = "Current Rating"; Value = ""; VariantName = "[No Variations]"
Add component (AddParameter): Name = "GRAMS Lib Spec"; Value = "2.7"; VariantName = "[No Variations]"
Add component (AddParameter): Name = "HelpURL"; Value = ""; VariantName = "[No Variations]"
Add component (AddParameter): Name = "Magnetic Material"; Value = ""; VariantName = "[No Variations]"
Add component (AddParameter): Name = "Manufacturer #1"; Value = ""; VariantName = "[No Variations]"
Add component (AddParameter): Name = "Manufacturer #2"; Value = ""; VariantName = "[No Variations]"
Add component (AddParameter): Name = "Note"; Value = ""; VariantName = "[No Variations]"
Add component (AddParameter): Name = "Package"; Value = ""; VariantName = "[No Variations]"
Add component (AddParameter): Name = "Part Number #1"; Value = ""; VariantName = "[No Variations]"
Add component (AddParameter): Name = "Part Number #2"; Value = ""; VariantName = "[No Variations]"
Add component (AddParameter): Name = "Polarized"; Value = ""; VariantName = "[No Variations]"
Add component (AddParameter): Name = "Power Max"; Value = ""; VariantName = "[No Variations]"
Add component (AddParameter): Name = "Supplier 1"; Value = ""; VariantName = "[No Variations]"
Add component (AddParameter): Name = "Supplier Part Number 1"; Value = ""; VariantName = "[No Variations]"
Add component (AddParameter): Name = "Temperature"; Value = ""; VariantName = "[No Variations]"
Add component (AddParameter): Name = "Tolerance"; Value = ""; VariantName = "[No Variations]"
Add component (AddParameter): Name = "Value"; Value = ""; VariantName = "[No Variations]"
Add component (AddParameter): Name = "VerifiedBy"; Value = ""; VariantName = "[No Variations]"
Add component (AddParameter): Name = "Voltage Rating"; Value = ""; VariantName = "[No Variations]"
Added Component: Designator=R11_F(0402_Resistor)
Add component (AddParameter): Name = "Assembly Note"; Value = ""; VariantName = "[No Variations]"
Add component (AddParameter): Name = "Assembly Type"; Value = ""; VariantName = "[No Variations]"
Add component (AddParameter): Name = "CreatedBy/Date"; Value = ""; VariantName = "[No Variations]"
Add component (AddParameter): Name = "Current Rating"; Value = ""; VariantName = "[No Variations]"
Add component (AddParameter): Name = "GRAMS Lib Spec"; Value = "2.7"; VariantName = "[No Variations]"
Add component (AddParameter): Name = "HelpURL"; Value = ""; VariantName = "[No Variations]"
Add component (AddParameter): Name = "Magnetic Material"; Value = ""; VariantName = "[No Variations]"
Add component (AddParameter): Name = "Manufacturer #1"; Value = ""; VariantName = "[No Variations]"
Add component (AddParameter): Name = "Manufacturer #2"; Value = ""; VariantName = "[No Variations]"
Add component (AddParameter): Name = "Note"; Value = ""; VariantName = "[No Variations]"
Add component (AddParameter): Name = "Package"; Value = ""; VariantName = "[No Variations]"
Add component (AddParameter): Name = "Part Number #1"; Value = ""; VariantName = "[No Variations]"
Add component (AddParameter): Name = "Part Number #2"; Value = ""; VariantName = "[No Variations]"
Add component (AddParameter): Name = "Polarized"; Value = ""; VariantName = "[No Variations]"
Add component (AddParameter): Name = "Power Max"; Value = ""; VariantName = "[No Variations]"
Add component (AddParameter): Name = "Supplier 1"; Value = ""; VariantName = "[No Variations]"
Add component (AddParameter): Name = "Supplier Part Number 1"; Value = ""; VariantName = "[No Variations]"
Add component (AddParameter): Name = "Temperature"; Value = ""; VariantName = "[No Variations]"
Add component (AddParameter): Name = "Tolerance"; Value = ""; VariantName = "[No Variations]"
Add component (AddParameter): Name = "Value"; Value = ""; VariantName = "[No Variations]"
Add component (AddParameter): Name = "VerifiedBy"; Value = ""; VariantName = "[No Variations]"
Add component (AddParameter): Name = "Voltage Rating"; Value = ""; VariantName = "[No Variations]"
Added Component: Designator=R11_G(0402_Resistor)
Add component (AddParameter): Name = "Assembly Note"; Value = ""; VariantName = "[No Variations]"
Add component (AddParameter): Name = "Assembly Type"; Value = ""; VariantName = "[No Variations]"
Add component (AddParameter): Name = "CreatedBy/Date"; Value = ""; VariantName = "[No Variations]"
Add component (AddParameter): Name = "Current Rating"; Value = ""; VariantName = "[No Variations]"
Add component (AddParameter): Name = "GRAMS Lib Spec"; Value = "2.7"; VariantName = "[No Variations]"
Add component (AddParameter): Name = "HelpURL"; Value = ""; VariantName = "[No Variations]"
Add component (AddParameter): Name = "Magnetic Material"; Value = ""; VariantName = "[No Variations]"
Add component (AddParameter): Name = "Manufacturer #1"; Value = ""; VariantName = "[No Variations]"
Add component (AddParameter): Name = "Manufacturer #2"; Value = ""; VariantName = "[No Variations]"
Add component (AddParameter): Name = "Note"; Value = ""; VariantName = "[No Variations]"
Add component (AddParameter): Name = "Package"; Value = ""; VariantName = "[No Variations]"
Add component (AddParameter): Name = "Part Number #1"; Value = ""; VariantName = "[No Variations]"
Add component (AddParameter): Name = "Part Number #2"; Value = ""; VariantName = "[No Variations]"
Add component (AddParameter): Name = "Polarized"; Value = ""; VariantName = "[No Variations]"
Add component (AddParameter): Name = "Power Max"; Value = ""; VariantName = "[No Variations]"
Add component (AddParameter): Name = "Supplier 1"; Value = ""; VariantName = "[No Variations]"
Add component (AddParameter): Name = "Supplier Part Number 1"; Value = ""; VariantName = "[No Variations]"
Add component (AddParameter): Name = "Temperature"; Value = ""; VariantName = "[No Variations]"
Add component (AddParameter): Name = "Tolerance"; Value = ""; VariantName = "[No Variations]"
Add component (AddParameter): Name = "Value"; Value = ""; VariantName = "[No Variations]"
Add component (AddParameter): Name = "VerifiedBy"; Value = ""; VariantName = "[No Variations]"
Add component (AddParameter): Name = "Voltage Rating"; Value = ""; VariantName = "[No Variations]"
Added Component: Designator=R11_H(0402_Resistor)
Add component (AddParameter): Name = "Assembly Note"; Value = ""; VariantName = "[No Variations]"
Add component (AddParameter): Name = "Assembly Type"; Value = ""; VariantName = "[No Variations]"
Add component (AddParameter): Name = "CreatedBy/Date"; Value = ""; VariantName = "[No Variations]"
Add component (AddParameter): Name = "Current Rating"; Value = ""; VariantName = "[No Variations]"
Add component (AddParameter): Name = "GRAMS Lib Spec"; Value = "2.7"; VariantName = "[No Variations]"
Add component (AddParameter): Name = "HelpURL"; Value = ""; VariantName = "[No Variations]"
Add component (AddParameter): Name = "Magnetic Material"; Value = ""; VariantName = "[No Variations]"
Add component (AddParameter): Name = "Manufacturer #1"; Value = ""; VariantName = "[No Variations]"
Add component (AddParameter): Name = "Manufacturer #2"; Value = ""; VariantName = "[No Variations]"
Add component (AddParameter): Name = "Note"; Value = ""; VariantName = "[No Variations]"
Add component (AddParameter): Name = "Package"; Value = ""; VariantName = "[No Variations]"
Add component (AddParameter): Name = "Part Number #1"; Value = ""; VariantName = "[No Variations]"
Add component (AddParameter): Name = "Part Number #2"; Value = ""; VariantName = "[No Variations]"
Add component (AddParameter): Name = "Polarized"; Value = ""; VariantName = "[No Variations]"
Add component (AddParameter): Name = "Power Max"; Value = ""; VariantName = "[No Variations]"
Add component (AddParameter): Name = "Supplier 1"; Value = ""; VariantName = "[No Variations]"
Add component (AddParameter): Name = "Supplier Part Number 1"; Value = ""; VariantName = "[No Variations]"
Add component (AddParameter): Name = "Temperature"; Value = ""; VariantName = "[No Variations]"
Add component (AddParameter): Name = "Tolerance"; Value = ""; VariantName = "[No Variations]"
Add component (AddParameter): Name = "Value"; Value = ""; VariantName = "[No Variations]"
Add component (AddParameter): Name = "VerifiedBy"; Value = ""; VariantName = "[No Variations]"
Add component (AddParameter): Name = "Voltage Rating"; Value = ""; VariantName = "[No Variations]"
Added Component: Designator=R12_A(0402_Resistor)
Add component (AddParameter): Name = "Assembly Note"; Value = ""; VariantName = "[No Variations]"
Add component (AddParameter): Name = "Assembly Type"; Value = ""; VariantName = "[No Variations]"
Add component (AddParameter): Name = "CreatedBy/Date"; Value = ""; VariantName = "[No Variations]"
Add component (AddParameter): Name = "Current Rating"; Value = ""; VariantName = "[No Variations]"
Add component (AddParameter): Name = "GRAMS Lib Spec"; Value = "2.7"; VariantName = "[No Variations]"
Add component (AddParameter): Name = "HelpURL"; Value = ""; VariantName = "[No Variations]"
Add component (AddParameter): Name = "Magnetic Material"; Value = ""; VariantName = "[No Variations]"
Add component (AddParameter): Name = "Manufacturer #1"; Value = ""; VariantName = "[No Variations]"
Add component (AddParameter): Name = "Manufacturer #2"; Value = ""; VariantName = "[No Variations]"
Add component (AddParameter): Name = "Note"; Value = ""; VariantName = "[No Variations]"
Add component (AddParameter): Name = "Package"; Value = ""; VariantName = "[No Variations]"
Add component (AddParameter): Name = "Part Number #1"; Value = ""; VariantName = "[No Variations]"
Add component (AddParameter): Name = "Part Number #2"; Value = ""; VariantName = "[No Variations]"
Add component (AddParameter): Name = "Polarized"; Value = ""; VariantName = "[No Variations]"
Add component (AddParameter): Name = "Power Max"; Value = ""; VariantName = "[No Variations]"
Add component (AddParameter): Name = "Supplier 1"; Value = ""; VariantName = "[No Variations]"
Add component (AddParameter): Name = "Supplier Part Number 1"; Value = ""; VariantName = "[No Variations]"
Add component (AddParameter): Name = "Temperature"; Value = ""; VariantName = "[No Variations]"
Add component (AddParameter): Name = "Tolerance"; Value = ""; VariantName = "[No Variations]"
Add component (AddParameter): Name = "Value"; Value = ""; VariantName = "[No Variations]"
Add component (AddParameter): Name = "VerifiedBy"; Value = ""; VariantName = "[No Variations]"
Add component (AddParameter): Name = "Voltage Rating"; Value = ""; VariantName = "[No Variations]"
Added Component: Designator=R12_B(0402_Resistor)
Add component (AddParameter): Name = "Assembly Note"; Value = ""; VariantName = "[No Variations]"
Add component (AddParameter): Name = "Assembly Type"; Value = ""; VariantName = "[No Variations]"
Add component (AddParameter): Name = "CreatedBy/Date"; Value = ""; VariantName = "[No Variations]"
Add component (AddParameter): Name = "Current Rating"; Value = ""; VariantName = "[No Variations]"
Add component (AddParameter): Name = "GRAMS Lib Spec"; Value = "2.7"; VariantName = "[No Variations]"
Add component (AddParameter): Name = "HelpURL"; Value = ""; VariantName = "[No Variations]"
Add component (AddParameter): Name = "Magnetic Material"; Value = ""; VariantName = "[No Variations]"
Add component (AddParameter): Name = "Manufacturer #1"; Value = ""; VariantName = "[No Variations]"
Add component (AddParameter): Name = "Manufacturer #2"; Value = ""; VariantName = "[No Variations]"
Add component (AddParameter): Name = "Note"; Value = ""; VariantName = "[No Variations]"
Add component (AddParameter): Name = "Package"; Value = ""; VariantName = "[No Variations]"
Add component (AddParameter): Name = "Part Number #1"; Value = ""; VariantName = "[No Variations]"
Add component (AddParameter): Name = "Part Number #2"; Value = ""; VariantName = "[No Variations]"
Add component (AddParameter): Name = "Polarized"; Value = ""; VariantName = "[No Variations]"
Add component (AddParameter): Name = "Power Max"; Value = ""; VariantName = "[No Variations]"
Add component (AddParameter): Name = "Supplier 1"; Value = ""; VariantName = "[No Variations]"
Add component (AddParameter): Name = "Supplier Part Number 1"; Value = ""; VariantName = "[No Variations]"
Add component (AddParameter): Name = "Temperature"; Value = ""; VariantName = "[No Variations]"
Add component (AddParameter): Name = "Tolerance"; Value = ""; VariantName = "[No Variations]"
Add component (AddParameter): Name = "Value"; Value = ""; VariantName = "[No Variations]"
Add component (AddParameter): Name = "VerifiedBy"; Value = ""; VariantName = "[No Variations]"
Add component (AddParameter): Name = "Voltage Rating"; Value = ""; VariantName = "[No Variations]"
Added Component: Designator=R12_C(0402_Resistor)
Add component (AddParameter): Name = "Assembly Note"; Value = ""; VariantName = "[No Variations]"
Add component (AddParameter): Name = "Assembly Type"; Value = ""; VariantName = "[No Variations]"
Add component (AddParameter): Name = "CreatedBy/Date"; Value = ""; VariantName = "[No Variations]"
Add component (AddParameter): Name = "Current Rating"; Value = ""; VariantName = "[No Variations]"
Add component (AddParameter): Name = "GRAMS Lib Spec"; Value = "2.7"; VariantName = "[No Variations]"
Add component (AddParameter): Name = "HelpURL"; Value = ""; VariantName = "[No Variations]"
Add component (AddParameter): Name = "Magnetic Material"; Value = ""; VariantName = "[No Variations]"
Add component (AddParameter): Name = "Manufacturer #1"; Value = ""; VariantName = "[No Variations]"
Add component (AddParameter): Name = "Manufacturer #2"; Value = ""; VariantName = "[No Variations]"
Add component (AddParameter): Name = "Note"; Value = ""; VariantName = "[No Variations]"
Add component (AddParameter): Name = "Package"; Value = ""; VariantName = "[No Variations]"
Add component (AddParameter): Name = "Part Number #1"; Value = ""; VariantName = "[No Variations]"
Add component (AddParameter): Name = "Part Number #2"; Value = ""; VariantName = "[No Variations]"
Add component (AddParameter): Name = "Polarized"; Value = ""; VariantName = "[No Variations]"
Add component (AddParameter): Name = "Power Max"; Value = ""; VariantName = "[No Variations]"
Add component (AddParameter): Name = "Supplier 1"; Value = ""; VariantName = "[No Variations]"
Add component (AddParameter): Name = "Supplier Part Number 1"; Value = ""; VariantName = "[No Variations]"
Add component (AddParameter): Name = "Temperature"; Value = ""; VariantName = "[No Variations]"
Add component (AddParameter): Name = "Tolerance"; Value = ""; VariantName = "[No Variations]"
Add component (AddParameter): Name = "Value"; Value = ""; VariantName = "[No Variations]"
Add component (AddParameter): Name = "VerifiedBy"; Value = ""; VariantName = "[No Variations]"
Add component (AddParameter): Name = "Voltage Rating"; Value = ""; VariantName = "[No Variations]"
Added Component: Designator=R12_D(0402_Resistor)
Add component (AddParameter): Name = "Assembly Note"; Value = ""; VariantName = "[No Variations]"
Add component (AddParameter): Name = "Assembly Type"; Value = ""; VariantName = "[No Variations]"
Add component (AddParameter): Name = "CreatedBy/Date"; Value = ""; VariantName = "[No Variations]"
Add component (AddParameter): Name = "Current Rating"; Value = ""; VariantName = "[No Variations]"
Add component (AddParameter): Name = "GRAMS Lib Spec"; Value = "2.7"; VariantName = "[No Variations]"
Add component (AddParameter): Name = "HelpURL"; Value = ""; VariantName = "[No Variations]"
Add component (AddParameter): Name = "Magnetic Material"; Value = ""; VariantName = "[No Variations]"
Add component (AddParameter): Name = "Manufacturer #1"; Value = ""; VariantName = "[No Variations]"
Add component (AddParameter): Name = "Manufacturer #2"; Value = ""; VariantName = "[No Variations]"
Add component (AddParameter): Name = "Note"; Value = ""; VariantName = "[No Variations]"
Add component (AddParameter): Name = "Package"; Value = ""; VariantName = "[No Variations]"
Add component (AddParameter): Name = "Part Number #1"; Value = ""; VariantName = "[No Variations]"
Add component (AddParameter): Name = "Part Number #2"; Value = ""; VariantName = "[No Variations]"
Add component (AddParameter): Name = "Polarized"; Value = ""; VariantName = "[No Variations]"
Add component (AddParameter): Name = "Power Max"; Value = ""; VariantName = "[No Variations]"
Add component (AddParameter): Name = "Supplier 1"; Value = ""; VariantName = "[No Variations]"
Add component (AddParameter): Name = "Supplier Part Number 1"; Value = ""; VariantName = "[No Variations]"
Add component (AddParameter): Name = "Temperature"; Value = ""; VariantName = "[No Variations]"
Add component (AddParameter): Name = "Tolerance"; Value = ""; VariantName = "[No Variations]"
Add component (AddParameter): Name = "Value"; Value = ""; VariantName = "[No Variations]"
Add component (AddParameter): Name = "VerifiedBy"; Value = ""; VariantName = "[No Variations]"
Add component (AddParameter): Name = "Voltage Rating"; Value = ""; VariantName = "[No Variations]"
Added Component: Designator=R12_E(0402_Resistor)
Add component (AddParameter): Name = "Assembly Note"; Value = ""; VariantName = "[No Variations]"
Add component (AddParameter): Name = "Assembly Type"; Value = ""; VariantName = "[No Variations]"
Add component (AddParameter): Name = "CreatedBy/Date"; Value = ""; VariantName = "[No Variations]"
Add component (AddParameter): Name = "Current Rating"; Value = ""; VariantName = "[No Variations]"
Add component (AddParameter): Name = "GRAMS Lib Spec"; Value = "2.7"; VariantName = "[No Variations]"
Add component (AddParameter): Name = "HelpURL"; Value = ""; VariantName = "[No Variations]"
Add component (AddParameter): Name = "Magnetic Material"; Value = ""; VariantName = "[No Variations]"
Add component (AddParameter): Name = "Manufacturer #1"; Value = ""; VariantName = "[No Variations]"
Add component (AddParameter): Name = "Manufacturer #2"; Value = ""; VariantName = "[No Variations]"
Add component (AddParameter): Name = "Note"; Value = ""; VariantName = "[No Variations]"
Add component (AddParameter): Name = "Package"; Value = ""; VariantName = "[No Variations]"
Add component (AddParameter): Name = "Part Number #1"; Value = ""; VariantName = "[No Variations]"
Add component (AddParameter): Name = "Part Number #2"; Value = ""; VariantName = "[No Variations]"
Add component (AddParameter): Name = "Polarized"; Value = ""; VariantName = "[No Variations]"
Add component (AddParameter): Name = "Power Max"; Value = ""; VariantName = "[No Variations]"
Add component (AddParameter): Name = "Supplier 1"; Value = ""; VariantName = "[No Variations]"
Add component (AddParameter): Name = "Supplier Part Number 1"; Value = ""; VariantName = "[No Variations]"
Add component (AddParameter): Name = "Temperature"; Value = ""; VariantName = "[No Variations]"
Add component (AddParameter): Name = "Tolerance"; Value = ""; VariantName = "[No Variations]"
Add component (AddParameter): Name = "Value"; Value = ""; VariantName = "[No Variations]"
Add component (AddParameter): Name = "VerifiedBy"; Value = ""; VariantName = "[No Variations]"
Add component (AddParameter): Name = "Voltage Rating"; Value = ""; VariantName = "[No Variations]"
Added Component: Designator=R12_F(0402_Resistor)
Add component (AddParameter): Name = "Assembly Note"; Value = ""; VariantName = "[No Variations]"
Add component (AddParameter): Name = "Assembly Type"; Value = ""; VariantName = "[No Variations]"
Add component (AddParameter): Name = "CreatedBy/Date"; Value = ""; VariantName = "[No Variations]"
Add component (AddParameter): Name = "Current Rating"; Value = ""; VariantName = "[No Variations]"
Add component (AddParameter): Name = "GRAMS Lib Spec"; Value = "2.7"; VariantName = "[No Variations]"
Add component (AddParameter): Name = "HelpURL"; Value = ""; VariantName = "[No Variations]"
Add component (AddParameter): Name = "Magnetic Material"; Value = ""; VariantName = "[No Variations]"
Add component (AddParameter): Name = "Manufacturer #1"; Value = ""; VariantName = "[No Variations]"
Add component (AddParameter): Name = "Manufacturer #2"; Value = ""; VariantName = "[No Variations]"
Add component (AddParameter): Name = "Note"; Value = ""; VariantName = "[No Variations]"
Add component (AddParameter): Name = "Package"; Value = ""; VariantName = "[No Variations]"
Add component (AddParameter): Name = "Part Number #1"; Value = ""; VariantName = "[No Variations]"
Add component (AddParameter): Name = "Part Number #2"; Value = ""; VariantName = "[No Variations]"
Add component (AddParameter): Name = "Polarized"; Value = ""; VariantName = "[No Variations]"
Add component (AddParameter): Name = "Power Max"; Value = ""; VariantName = "[No Variations]"
Add component (AddParameter): Name = "Supplier 1"; Value = ""; VariantName = "[No Variations]"
Add component (AddParameter): Name = "Supplier Part Number 1"; Value = ""; VariantName = "[No Variations]"
Add component (AddParameter): Name = "Temperature"; Value = ""; VariantName = "[No Variations]"
Add component (AddParameter): Name = "Tolerance"; Value = ""; VariantName = "[No Variations]"
Add component (AddParameter): Name = "Value"; Value = ""; VariantName = "[No Variations]"
Add component (AddParameter): Name = "VerifiedBy"; Value = ""; VariantName = "[No Variations]"
Add component (AddParameter): Name = "Voltage Rating"; Value = ""; VariantName = "[No Variations]"
Added Component: Designator=R12_G(0402_Resistor)
Add component (AddParameter): Name = "Assembly Note"; Value = ""; VariantName = "[No Variations]"
Add component (AddParameter): Name = "Assembly Type"; Value = ""; VariantName = "[No Variations]"
Add component (AddParameter): Name = "CreatedBy/Date"; Value = ""; VariantName = "[No Variations]"
Add component (AddParameter): Name = "Current Rating"; Value = ""; VariantName = "[No Variations]"
Add component (AddParameter): Name = "GRAMS Lib Spec"; Value = "2.7"; VariantName = "[No Variations]"
Add component (AddParameter): Name = "HelpURL"; Value = ""; VariantName = "[No Variations]"
Add component (AddParameter): Name = "Magnetic Material"; Value = ""; VariantName = "[No Variations]"
Add component (AddParameter): Name = "Manufacturer #1"; Value = ""; VariantName = "[No Variations]"
Add component (AddParameter): Name = "Manufacturer #2"; Value = ""; VariantName = "[No Variations]"
Add component (AddParameter): Name = "Note"; Value = ""; VariantName = "[No Variations]"
Add component (AddParameter): Name = "Package"; Value = ""; VariantName = "[No Variations]"
Add component (AddParameter): Name = "Part Number #1"; Value = ""; VariantName = "[No Variations]"
Add component (AddParameter): Name = "Part Number #2"; Value = ""; VariantName = "[No Variations]"
Add component (AddParameter): Name = "Polarized"; Value = ""; VariantName = "[No Variations]"
Add component (AddParameter): Name = "Power Max"; Value = ""; VariantName = "[No Variations]"
Add component (AddParameter): Name = "Supplier 1"; Value = ""; VariantName = "[No Variations]"
Add component (AddParameter): Name = "Supplier Part Number 1"; Value = ""; VariantName = "[No Variations]"
Add component (AddParameter): Name = "Temperature"; Value = ""; VariantName = "[No Variations]"
Add component (AddParameter): Name = "Tolerance"; Value = ""; VariantName = "[No Variations]"
Add component (AddParameter): Name = "Value"; Value = ""; VariantName = "[No Variations]"
Add component (AddParameter): Name = "VerifiedBy"; Value = ""; VariantName = "[No Variations]"
Add component (AddParameter): Name = "Voltage Rating"; Value = ""; VariantName = "[No Variations]"
Added Component: Designator=R12_H(0402_Resistor)
Add component (AddParameter): Name = "Assembly Note"; Value = ""; VariantName = "[No Variations]"
Add component (AddParameter): Name = "Assembly Type"; Value = ""; VariantName = "[No Variations]"
Add component (AddParameter): Name = "CreatedBy/Date"; Value = ""; VariantName = "[No Variations]"
Add component (AddParameter): Name = "Current Rating"; Value = ""; VariantName = "[No Variations]"
Add component (AddParameter): Name = "GRAMS Lib Spec"; Value = "2.7"; VariantName = "[No Variations]"
Add component (AddParameter): Name = "HelpURL"; Value = ""; VariantName = "[No Variations]"
Add component (AddParameter): Name = "Magnetic Material"; Value = ""; VariantName = "[No Variations]"
Add component (AddParameter): Name = "Manufacturer #1"; Value = ""; VariantName = "[No Variations]"
Add component (AddParameter): Name = "Manufacturer #2"; Value = ""; VariantName = "[No Variations]"
Add component (AddParameter): Name = "Note"; Value = ""; VariantName = "[No Variations]"
Add component (AddParameter): Name = "Package"; Value = ""; VariantName = "[No Variations]"
Add component (AddParameter): Name = "Part Number #1"; Value = ""; VariantName = "[No Variations]"
Add component (AddParameter): Name = "Part Number #2"; Value = ""; VariantName = "[No Variations]"
Add component (AddParameter): Name = "Polarized"; Value = ""; VariantName = "[No Variations]"
Add component (AddParameter): Name = "Power Max"; Value = ""; VariantName = "[No Variations]"
Add component (AddParameter): Name = "Supplier 1"; Value = ""; VariantName = "[No Variations]"
Add component (AddParameter): Name = "Supplier Part Number 1"; Value = ""; VariantName = "[No Variations]"
Add component (AddParameter): Name = "Temperature"; Value = ""; VariantName = "[No Variations]"
Add component (AddParameter): Name = "Tolerance"; Value = ""; VariantName = "[No Variations]"
Add component (AddParameter): Name = "Value"; Value = ""; VariantName = "[No Variations]"
Add component (AddParameter): Name = "VerifiedBy"; Value = ""; VariantName = "[No Variations]"
Add component (AddParameter): Name = "Voltage Rating"; Value = ""; VariantName = "[No Variations]"
Added Component: Designator=S1(SW_DS04-254-2-04BK-SMT-TR)
Add component (AddParameter): Name = "Check_prices"; Value = "https://www.snapeda.com/parts/DS04-254-2-04BK-SMT-TR/Same+Sky/view-part/?ref=eda"; VariantName = "[No Variations]"
Add component (AddParameter): Name = "MF"; Value = "Same Sky"; VariantName = "[No Variations]"
Add component (AddParameter): Name = "MP"; Value = "DS04-254-2-04BK-SMT-TR"; VariantName = "[No Variations]"
Add component (AddParameter): Name = "Package"; Value = "None"; VariantName = "[No Variations]"
Add component (AddParameter): Name = "SnapEDA_Link"; Value = "https://www.snapeda.com/parts/DS04-254-2-04BK-SMT-TR/Same+Sky/view-part/?ref=snap"; VariantName = "[No Variations]"
Add component (AddParameter): Name = "Value"; Value = ""; VariantName = "[No Variations]"
Added Component: Designator=U1_A(TTSOP_16)
Added Component: Designator=U1_B(TTSOP_16)
Added Component: Designator=U1_C(TTSOP_16)
Added Component: Designator=U1_D(TTSOP_16)
Added Component: Designator=U1_E(TTSOP_16)
Added Component: Designator=U1_F(TTSOP_16)
Added Component: Designator=U1_G(TTSOP_16)
Added Component: Designator=U1_H(TTSOP_16)
Added Component: Designator=U2_A(TTSOP_16)
Added Component: Designator=U2_B(TTSOP_16)
Added Component: Designator=U2_C(TTSOP_16)
Added Component: Designator=U2_D(TTSOP_16)
Added Component: Designator=U2_E(TTSOP_16)
Added Component: Designator=U2_F(TTSOP_16)
Added Component: Designator=U2_G(TTSOP_16)
Added Component: Designator=U2_H(TTSOP_16)
Added Pin To Net: NetName=1V0 Pin=J1-04
Added Pin To Net: NetName=1V0 Pin=J1-06
Added Pin To Net: NetName=1V0 Pin=J2-04
Added Pin To Net: NetName=1V0 Pin=J2-06
Added Net: Name=1V0
Added Pin To Net: NetName=1V8 Pin=J1-07
Added Pin To Net: NetName=1V8 Pin=J2-07
Added Net: Name=1V8
Added Pin To Net: NetName=3V3 Pin=C6_A-2
Added Pin To Net: NetName=3V3 Pin=C6_B-2
Added Pin To Net: NetName=3V3 Pin=C6_C-2
Added Pin To Net: NetName=3V3 Pin=C6_D-2
Added Pin To Net: NetName=3V3 Pin=C6_E-2
Added Pin To Net: NetName=3V3 Pin=C6_F-2
Added Pin To Net: NetName=3V3 Pin=C6_G-2
Added Pin To Net: NetName=3V3 Pin=C6_H-2
Added Pin To Net: NetName=3V3 Pin=C7_A-2
Added Pin To Net: NetName=3V3 Pin=C7_B-2
Added Pin To Net: NetName=3V3 Pin=C7_C-2
Added Pin To Net: NetName=3V3 Pin=C7_D-2
Added Pin To Net: NetName=3V3 Pin=C7_E-2
Added Pin To Net: NetName=3V3 Pin=C7_F-2
Added Pin To Net: NetName=3V3 Pin=C7_G-2
Added Pin To Net: NetName=3V3 Pin=C7_H-2
Added Pin To Net: NetName=3V3 Pin=C8_A-1
Added Pin To Net: NetName=3V3 Pin=C8_B-1
Added Pin To Net: NetName=3V3 Pin=C8_C-1
Added Pin To Net: NetName=3V3 Pin=C8_D-1
Added Pin To Net: NetName=3V3 Pin=C8_E-1
Added Pin To Net: NetName=3V3 Pin=C8_F-1
Added Pin To Net: NetName=3V3 Pin=C8_G-1
Added Pin To Net: NetName=3V3 Pin=C8_H-1
Added Pin To Net: NetName=3V3 Pin=C9_A-1
Added Pin To Net: NetName=3V3 Pin=C9_B-1
Added Pin To Net: NetName=3V3 Pin=C9_C-1
Added Pin To Net: NetName=3V3 Pin=C9_D-1
Added Pin To Net: NetName=3V3 Pin=C9_E-1
Added Pin To Net: NetName=3V3 Pin=C9_F-1
Added Pin To Net: NetName=3V3 Pin=C9_G-1
Added Pin To Net: NetName=3V3 Pin=C9_H-1
Added Pin To Net: NetName=3V3 Pin=C10_A-1
Added Pin To Net: NetName=3V3 Pin=C10_B-1
Added Pin To Net: NetName=3V3 Pin=C10_C-1
Added Pin To Net: NetName=3V3 Pin=C10_D-1
Added Pin To Net: NetName=3V3 Pin=C10_E-1
Added Pin To Net: NetName=3V3 Pin=C10_F-1
Added Pin To Net: NetName=3V3 Pin=C10_G-1
Added Pin To Net: NetName=3V3 Pin=C10_H-1
Added Pin To Net: NetName=3V3 Pin=C11_A-1
Added Pin To Net: NetName=3V3 Pin=C11_B-1
Added Pin To Net: NetName=3V3 Pin=C11_C-1
Added Pin To Net: NetName=3V3 Pin=C11_D-1
Added Pin To Net: NetName=3V3 Pin=C11_E-1
Added Pin To Net: NetName=3V3 Pin=C11_F-1
Added Pin To Net: NetName=3V3 Pin=C11_G-1
Added Pin To Net: NetName=3V3 Pin=C11_H-1
Added Pin To Net: NetName=3V3 Pin=J1-09
Added Pin To Net: NetName=3V3 Pin=J1-11
Added Pin To Net: NetName=3V3 Pin=J1-13
Added Pin To Net: NetName=3V3 Pin=J2-09
Added Pin To Net: NetName=3V3 Pin=J2-11
Added Pin To Net: NetName=3V3 Pin=J2-13
Added Pin To Net: NetName=3V3 Pin=J4-02
Added Pin To Net: NetName=3V3 Pin=J4-04
Added Pin To Net: NetName=3V3 Pin=J4-06
Added Pin To Net: NetName=3V3 Pin=J6-02
Added Pin To Net: NetName=3V3 Pin=J6-04
Added Pin To Net: NetName=3V3 Pin=J6-06
Added Pin To Net: NetName=3V3 Pin=J10_A-A4
Added Pin To Net: NetName=3V3 Pin=J10_A-A9
Added Pin To Net: NetName=3V3 Pin=J10_A-B4
Added Pin To Net: NetName=3V3 Pin=J10_A-B9
Added Pin To Net: NetName=3V3 Pin=J10_B-A4
Added Pin To Net: NetName=3V3 Pin=J10_B-A9
Added Pin To Net: NetName=3V3 Pin=J10_B-B4
Added Pin To Net: NetName=3V3 Pin=J10_B-B9
Added Pin To Net: NetName=3V3 Pin=J10_C-A4
Added Pin To Net: NetName=3V3 Pin=J10_C-A9
Added Pin To Net: NetName=3V3 Pin=J10_C-B4
Added Pin To Net: NetName=3V3 Pin=J10_C-B9
Added Pin To Net: NetName=3V3 Pin=J10_D-A4
Added Pin To Net: NetName=3V3 Pin=J10_D-A9
Added Pin To Net: NetName=3V3 Pin=J10_D-B4
Added Pin To Net: NetName=3V3 Pin=J10_D-B9
Added Pin To Net: NetName=3V3 Pin=J10_E-A4
Added Pin To Net: NetName=3V3 Pin=J10_E-A9
Added Pin To Net: NetName=3V3 Pin=J10_E-B4
Added Pin To Net: NetName=3V3 Pin=J10_E-B9
Added Pin To Net: NetName=3V3 Pin=J10_F-A4
Added Pin To Net: NetName=3V3 Pin=J10_F-A9
Added Pin To Net: NetName=3V3 Pin=J10_F-B4
Added Pin To Net: NetName=3V3 Pin=J10_F-B9
Added Pin To Net: NetName=3V3 Pin=J10_G-A4
Added Pin To Net: NetName=3V3 Pin=J10_G-A9
Added Pin To Net: NetName=3V3 Pin=J10_G-B4
Added Pin To Net: NetName=3V3 Pin=J10_G-B9
Added Pin To Net: NetName=3V3 Pin=J10_H-A4
Added Pin To Net: NetName=3V3 Pin=J10_H-A9
Added Pin To Net: NetName=3V3 Pin=J10_H-B4
Added Pin To Net: NetName=3V3 Pin=J10_H-B9
Added Pin To Net: NetName=3V3 Pin=U1_A-4
Added Pin To Net: NetName=3V3 Pin=U1_B-4
Added Pin To Net: NetName=3V3 Pin=U1_C-4
Added Pin To Net: NetName=3V3 Pin=U1_D-4
Added Pin To Net: NetName=3V3 Pin=U1_E-4
Added Pin To Net: NetName=3V3 Pin=U1_F-4
Added Pin To Net: NetName=3V3 Pin=U1_G-4
Added Pin To Net: NetName=3V3 Pin=U1_H-4
Added Pin To Net: NetName=3V3 Pin=U2_A-13
Added Pin To Net: NetName=3V3 Pin=U2_B-13
Added Pin To Net: NetName=3V3 Pin=U2_C-13
Added Pin To Net: NetName=3V3 Pin=U2_D-13
Added Pin To Net: NetName=3V3 Pin=U2_E-13
Added Pin To Net: NetName=3V3 Pin=U2_F-13
Added Pin To Net: NetName=3V3 Pin=U2_G-13
Added Pin To Net: NetName=3V3 Pin=U2_H-13
Added Net: Name=3V3
Added Pin To Net: NetName=5V0 Pin=C1-2
Added Pin To Net: NetName=5V0 Pin=C2-2
Added Pin To Net: NetName=5V0 Pin=C4-2
Added Pin To Net: NetName=5V0 Pin=C5-2
Added Pin To Net: NetName=5V0 Pin=J1-01
Added Pin To Net: NetName=5V0 Pin=J1-03
Added Pin To Net: NetName=5V0 Pin=J1-05
Added Pin To Net: NetName=5V0 Pin=J2-01
Added Pin To Net: NetName=5V0 Pin=J2-03
Added Pin To Net: NetName=5V0 Pin=J2-05
Added Pin To Net: NetName=5V0 Pin=J7-2
Added Pin To Net: NetName=5V0 Pin=J9-1
Added Pin To Net: NetName=5V0 Pin=R2-2
Added Pin To Net: NetName=5V0 Pin=R3-2
Added Pin To Net: NetName=5V0 Pin=R4-2
Added Pin To Net: NetName=5V0 Pin=R5-2
Added Net: Name=5V0
Added Pin To Net: NetName=board_mode_0 Pin=J1-32
Added Pin To Net: NetName=board_mode_0 Pin=J2-32
Added Pin To Net: NetName=board_mode_0 Pin=R2-1
Added Pin To Net: NetName=board_mode_0 Pin=S1-4A
Added Net: Name=board_mode_0
Added Pin To Net: NetName=board_mode_1 Pin=J1-34
Added Pin To Net: NetName=board_mode_1 Pin=J2-34
Added Pin To Net: NetName=board_mode_1 Pin=R3-1
Added Pin To Net: NetName=board_mode_1 Pin=S1-3A
Added Net: Name=board_mode_1
Added Pin To Net: NetName=board_mode_2 Pin=J1-38
Added Pin To Net: NetName=board_mode_2 Pin=J2-38
Added Pin To Net: NetName=board_mode_2 Pin=R4-1
Added Pin To Net: NetName=board_mode_2 Pin=S1-2A
Added Net: Name=board_mode_2
Added Pin To Net: NetName=board_mode_3 Pin=J1-40
Added Pin To Net: NetName=board_mode_3 Pin=J2-40
Added Pin To Net: NetName=board_mode_3 Pin=R5-1
Added Pin To Net: NetName=board_mode_3 Pin=S1-1A
Added Net: Name=board_mode_3
Added Pin To Net: NetName=C\S\_A_N Pin=J10_A-B11
Added Pin To Net: NetName=C\S\_A_N Pin=R7_A-1
Added Pin To Net: NetName=C\S\_A_N Pin=U1_A-16
Added Net: Name=C\S\_A_N
Added Pin To Net: NetName=C\S\_A_P Pin=J10_A-B10
Added Pin To Net: NetName=C\S\_A_P Pin=R7_A-2
Added Pin To Net: NetName=C\S\_A_P Pin=U1_A-15
Added Net: Name=C\S\_A_P
Added Pin To Net: NetName=C\S\_A Pin=J6-16
Added Pin To Net: NetName=C\S\_A Pin=U1_A-2
Added Net: Name=C\S\_A
Added Pin To Net: NetName=C\S\_B_N Pin=J10_B-B11
Added Pin To Net: NetName=C\S\_B_N Pin=R7_B-1
Added Pin To Net: NetName=C\S\_B_N Pin=U1_B-16
Added Net: Name=C\S\_B_N
Added Pin To Net: NetName=C\S\_B_P Pin=J10_B-B10
Added Pin To Net: NetName=C\S\_B_P Pin=R7_B-2
Added Pin To Net: NetName=C\S\_B_P Pin=U1_B-15
Added Net: Name=C\S\_B_P
Added Pin To Net: NetName=C\S\_B Pin=J6-28
Added Pin To Net: NetName=C\S\_B Pin=U1_B-2
Added Net: Name=C\S\_B
Added Pin To Net: NetName=C\S\_C_N Pin=J10_C-B11
Added Pin To Net: NetName=C\S\_C_N Pin=R7_C-1
Added Pin To Net: NetName=C\S\_C_N Pin=U1_C-16
Added Net: Name=C\S\_C_N
Added Pin To Net: NetName=C\S\_C_P Pin=J10_C-B10
Added Pin To Net: NetName=C\S\_C_P Pin=R7_C-2
Added Pin To Net: NetName=C\S\_C_P Pin=U1_C-15
Added Net: Name=C\S\_C_P
Added Pin To Net: NetName=C\S\_C Pin=J6-42
Added Pin To Net: NetName=C\S\_C Pin=U1_C-2
Added Net: Name=C\S\_C
Added Pin To Net: NetName=C\S\_D_N Pin=J10_D-B11
Added Pin To Net: NetName=C\S\_D_N Pin=R7_D-1
Added Pin To Net: NetName=C\S\_D_N Pin=U1_D-16
Added Net: Name=C\S\_D_N
Added Pin To Net: NetName=C\S\_D_P Pin=J10_D-B10
Added Pin To Net: NetName=C\S\_D_P Pin=R7_D-2
Added Pin To Net: NetName=C\S\_D_P Pin=U1_D-15
Added Net: Name=C\S\_D_P
Added Pin To Net: NetName=C\S\_D Pin=J6-54
Added Pin To Net: NetName=C\S\_D Pin=U1_D-2
Added Net: Name=C\S\_D
Added Pin To Net: NetName=C\S\_E_N Pin=J10_E-B11
Added Pin To Net: NetName=C\S\_E_N Pin=R7_E-1
Added Pin To Net: NetName=C\S\_E_N Pin=U1_E-16
Added Net: Name=C\S\_E_N
Added Pin To Net: NetName=C\S\_E_P Pin=J10_E-B10
Added Pin To Net: NetName=C\S\_E_P Pin=R7_E-2
Added Pin To Net: NetName=C\S\_E_P Pin=U1_E-15
Added Net: Name=C\S\_E_P
Added Pin To Net: NetName=C\S\_E Pin=J6-68
Added Pin To Net: NetName=C\S\_E Pin=U1_E-2
Added Net: Name=C\S\_E
Added Pin To Net: NetName=C\S\_F_N Pin=J10_F-B11
Added Pin To Net: NetName=C\S\_F_N Pin=R7_F-1
Added Pin To Net: NetName=C\S\_F_N Pin=U1_F-16
Added Net: Name=C\S\_F_N
Added Pin To Net: NetName=C\S\_F_P Pin=J10_F-B10
Added Pin To Net: NetName=C\S\_F_P Pin=R7_F-2
Added Pin To Net: NetName=C\S\_F_P Pin=U1_F-15
Added Net: Name=C\S\_F_P
Added Pin To Net: NetName=C\S\_F Pin=J6-77
Added Pin To Net: NetName=C\S\_F Pin=U1_F-2
Added Net: Name=C\S\_F
Added Pin To Net: NetName=C\S\_G_N Pin=J10_G-B11
Added Pin To Net: NetName=C\S\_G_N Pin=R7_G-1
Added Pin To Net: NetName=C\S\_G_N Pin=U1_G-16
Added Net: Name=C\S\_G_N
Added Pin To Net: NetName=C\S\_G_P Pin=J10_G-B10
Added Pin To Net: NetName=C\S\_G_P Pin=R7_G-2
Added Pin To Net: NetName=C\S\_G_P Pin=U1_G-15
Added Net: Name=C\S\_G_P
Added Pin To Net: NetName=C\S\_G Pin=J6-65
Added Pin To Net: NetName=C\S\_G Pin=U1_G-2
Added Net: Name=C\S\_G
Added Pin To Net: NetName=C\S\_H_N Pin=J10_H-B11
Added Pin To Net: NetName=C\S\_H_N Pin=R7_H-1
Added Pin To Net: NetName=C\S\_H_N Pin=U1_H-16
Added Net: Name=C\S\_H_N
Added Pin To Net: NetName=C\S\_H_P Pin=J10_H-B10
Added Pin To Net: NetName=C\S\_H_P Pin=R7_H-2
Added Pin To Net: NetName=C\S\_H_P Pin=U1_H-15
Added Net: Name=C\S\_H_P
Added Pin To Net: NetName=C\S\_H Pin=J6-51
Added Pin To Net: NetName=C\S\_H Pin=U1_H-2
Added Net: Name=C\S\_H
Added Pin To Net: NetName=E\N\_A Pin=J10_A-B8
Added Pin To Net: NetName=E\N\_A Pin=R10_A-2
Added Pin To Net: NetName=E\N\_A Pin=U1_A-8
Added Pin To Net: NetName=E\N\_A Pin=U2_A-9
Added Net: Name=E\N\_A
Added Pin To Net: NetName=E\N\_B Pin=J10_B-B8
Added Pin To Net: NetName=E\N\_B Pin=R10_B-2
Added Pin To Net: NetName=E\N\_B Pin=U1_B-8
Added Pin To Net: NetName=E\N\_B Pin=U2_B-9
Added Net: Name=E\N\_B
Added Pin To Net: NetName=E\N\_C Pin=J10_C-B8
Added Pin To Net: NetName=E\N\_C Pin=R10_C-2
Added Pin To Net: NetName=E\N\_C Pin=U1_C-8
Added Pin To Net: NetName=E\N\_C Pin=U2_C-9
Added Net: Name=E\N\_C
Added Pin To Net: NetName=E\N\_D Pin=J10_D-B8
Added Pin To Net: NetName=E\N\_D Pin=R10_D-2
Added Pin To Net: NetName=E\N\_D Pin=U1_D-8
Added Pin To Net: NetName=E\N\_D Pin=U2_D-9
Added Net: Name=E\N\_D
Added Pin To Net: NetName=E\N\_E Pin=J10_E-B8
Added Pin To Net: NetName=E\N\_E Pin=R10_E-2
Added Pin To Net: NetName=E\N\_E Pin=U1_E-8
Added Pin To Net: NetName=E\N\_E Pin=U2_E-9
Added Net: Name=E\N\_E
Added Pin To Net: NetName=E\N\_F Pin=J10_F-B8
Added Pin To Net: NetName=E\N\_F Pin=R10_F-2
Added Pin To Net: NetName=E\N\_F Pin=U1_F-8
Added Pin To Net: NetName=E\N\_F Pin=U2_F-9
Added Net: Name=E\N\_F
Added Pin To Net: NetName=E\N\_G Pin=J10_G-B8
Added Pin To Net: NetName=E\N\_G Pin=R10_G-2
Added Pin To Net: NetName=E\N\_G Pin=U1_G-8
Added Pin To Net: NetName=E\N\_G Pin=U2_G-9
Added Net: Name=E\N\_G
Added Pin To Net: NetName=E\N\_H Pin=J10_H-B8
Added Pin To Net: NetName=E\N\_H Pin=R10_H-2
Added Pin To Net: NetName=E\N\_H Pin=U1_H-8
Added Pin To Net: NetName=E\N\_H Pin=U2_H-9
Added Net: Name=E\N\_H
Added Pin To Net: NetName=EN_A Pin=J10_A-A8
Added Pin To Net: NetName=EN_A Pin=R6_A-2
Added Pin To Net: NetName=EN_A Pin=U1_A-1
Added Pin To Net: NetName=EN_A Pin=U2_A-16
Added Net: Name=EN_A
Added Pin To Net: NetName=EN_B Pin=J10_B-A8
Added Pin To Net: NetName=EN_B Pin=R6_B-2
Added Pin To Net: NetName=EN_B Pin=U1_B-1
Added Pin To Net: NetName=EN_B Pin=U2_B-16
Added Net: Name=EN_B
Added Pin To Net: NetName=EN_C Pin=J10_C-A8
Added Pin To Net: NetName=EN_C Pin=R6_C-2
Added Pin To Net: NetName=EN_C Pin=U1_C-1
Added Pin To Net: NetName=EN_C Pin=U2_C-16
Added Net: Name=EN_C
Added Pin To Net: NetName=EN_D Pin=J10_D-A8
Added Pin To Net: NetName=EN_D Pin=R6_D-2
Added Pin To Net: NetName=EN_D Pin=U1_D-1
Added Pin To Net: NetName=EN_D Pin=U2_D-16
Added Net: Name=EN_D
Added Pin To Net: NetName=EN_E Pin=J10_E-A8
Added Pin To Net: NetName=EN_E Pin=R6_E-2
Added Pin To Net: NetName=EN_E Pin=U1_E-1
Added Pin To Net: NetName=EN_E Pin=U2_E-16
Added Net: Name=EN_E
Added Pin To Net: NetName=EN_F Pin=J10_F-A8
Added Pin To Net: NetName=EN_F Pin=R6_F-2
Added Pin To Net: NetName=EN_F Pin=U1_F-1
Added Pin To Net: NetName=EN_F Pin=U2_F-16
Added Net: Name=EN_F
Added Pin To Net: NetName=EN_G Pin=J10_G-A8
Added Pin To Net: NetName=EN_G Pin=R6_G-2
Added Pin To Net: NetName=EN_G Pin=U1_G-1
Added Pin To Net: NetName=EN_G Pin=U2_G-16
Added Net: Name=EN_G
Added Pin To Net: NetName=EN_H Pin=J10_H-A8
Added Pin To Net: NetName=EN_H Pin=R6_H-2
Added Pin To Net: NetName=EN_H Pin=U1_H-1
Added Pin To Net: NetName=EN_H Pin=U2_H-16
Added Net: Name=EN_H
Added Pin To Net: NetName=FPGA_TCK Pin=J4-05
Added Pin To Net: NetName=FPGA_TCK Pin=J6-05
Added Net: Name=FPGA_TCK
Added Pin To Net: NetName=FPGA_TDI Pin=J4-09
Added Pin To Net: NetName=FPGA_TDI Pin=J6-09
Added Net: Name=FPGA_TDI
Added Pin To Net: NetName=FPGA_TDO Pin=J4-08
Added Pin To Net: NetName=FPGA_TDO Pin=J6-08
Added Net: Name=FPGA_TDO
Added Pin To Net: NetName=FPGA_TMS Pin=J4-07
Added Pin To Net: NetName=FPGA_TMS Pin=J6-07
Added Net: Name=FPGA_TMS
Added Pin To Net: NetName=GND Pin=C1-1
Added Pin To Net: NetName=GND Pin=C2-1
Added Pin To Net: NetName=GND Pin=C3-1
Added Pin To Net: NetName=GND Pin=C4-1
Added Pin To Net: NetName=GND Pin=C5-1
Added Pin To Net: NetName=GND Pin=C6_A-1
Added Pin To Net: NetName=GND Pin=C6_B-1
Added Pin To Net: NetName=GND Pin=C6_C-1
Added Pin To Net: NetName=GND Pin=C6_D-1
Added Pin To Net: NetName=GND Pin=C6_E-1
Added Pin To Net: NetName=GND Pin=C6_F-1
Added Pin To Net: NetName=GND Pin=C6_G-1
Added Pin To Net: NetName=GND Pin=C6_H-1
Added Pin To Net: NetName=GND Pin=C7_A-1
Added Pin To Net: NetName=GND Pin=C7_B-1
Added Pin To Net: NetName=GND Pin=C7_C-1
Added Pin To Net: NetName=GND Pin=C7_D-1
Added Pin To Net: NetName=GND Pin=C7_E-1
Added Pin To Net: NetName=GND Pin=C7_F-1
Added Pin To Net: NetName=GND Pin=C7_G-1
Added Pin To Net: NetName=GND Pin=C7_H-1
Added Pin To Net: NetName=GND Pin=C8_A-2
Added Pin To Net: NetName=GND Pin=C8_B-2
Added Pin To Net: NetName=GND Pin=C8_C-2
Added Pin To Net: NetName=GND Pin=C8_D-2
Added Pin To Net: NetName=GND Pin=C8_E-2
Added Pin To Net: NetName=GND Pin=C8_F-2
Added Pin To Net: NetName=GND Pin=C8_G-2
Added Pin To Net: NetName=GND Pin=C8_H-2
Added Pin To Net: NetName=GND Pin=C9_A-2
Added Pin To Net: NetName=GND Pin=C9_B-2
Added Pin To Net: NetName=GND Pin=C9_C-2
Added Pin To Net: NetName=GND Pin=C9_D-2
Added Pin To Net: NetName=GND Pin=C9_E-2
Added Pin To Net: NetName=GND Pin=C9_F-2
Added Pin To Net: NetName=GND Pin=C9_G-2
Added Pin To Net: NetName=GND Pin=C9_H-2
Added Pin To Net: NetName=GND Pin=C10_A-2
Added Pin To Net: NetName=GND Pin=C10_B-2
Added Pin To Net: NetName=GND Pin=C10_C-2
Added Pin To Net: NetName=GND Pin=C10_D-2
Added Pin To Net: NetName=GND Pin=C10_E-2
Added Pin To Net: NetName=GND Pin=C10_F-2
Added Pin To Net: NetName=GND Pin=C10_G-2
Added Pin To Net: NetName=GND Pin=C10_H-2
Added Pin To Net: NetName=GND Pin=C11_A-2
Added Pin To Net: NetName=GND Pin=C11_B-2
Added Pin To Net: NetName=GND Pin=C11_C-2
Added Pin To Net: NetName=GND Pin=C11_D-2
Added Pin To Net: NetName=GND Pin=C11_E-2
Added Pin To Net: NetName=GND Pin=C11_F-2
Added Pin To Net: NetName=GND Pin=C11_G-2
Added Pin To Net: NetName=GND Pin=C11_H-2
Added Pin To Net: NetName=GND Pin=D1_A-1
Added Pin To Net: NetName=GND Pin=D1_B-1
Added Pin To Net: NetName=GND Pin=D1_C-1
Added Pin To Net: NetName=GND Pin=D1_D-1
Added Pin To Net: NetName=GND Pin=D1_E-1
Added Pin To Net: NetName=GND Pin=D1_F-1
Added Pin To Net: NetName=GND Pin=D1_G-1
Added Pin To Net: NetName=GND Pin=D1_H-1
Added Pin To Net: NetName=GND Pin=J1-02
Added Pin To Net: NetName=GND Pin=J1-14
Added Pin To Net: NetName=GND Pin=J1-35
Added Pin To Net: NetName=GND Pin=J1-55
Added Pin To Net: NetName=GND Pin=J1-78
Added Pin To Net: NetName=GND Pin=J1-80
Added Pin To Net: NetName=GND Pin=J2-02
Added Pin To Net: NetName=GND Pin=J2-14
Added Pin To Net: NetName=GND Pin=J2-35
Added Pin To Net: NetName=GND Pin=J3-15
Added Pin To Net: NetName=GND Pin=J3-38
Added Pin To Net: NetName=GND Pin=J3-40
Added Pin To Net: NetName=GND Pin=J4-01
Added Pin To Net: NetName=GND Pin=J4-13
Added Pin To Net: NetName=GND Pin=J4-14
Added Pin To Net: NetName=GND Pin=J4-16
Added Pin To Net: NetName=GND Pin=J4-18
Added Pin To Net: NetName=GND Pin=J4-20
Added Pin To Net: NetName=GND Pin=J4-24
Added Pin To Net: NetName=GND Pin=J4-26
Added Pin To Net: NetName=GND Pin=J4-28
Added Pin To Net: NetName=GND Pin=J4-30
Added Pin To Net: NetName=GND Pin=J4-32
Added Pin To Net: NetName=GND Pin=J4-36
Added Pin To Net: NetName=GND Pin=J4-38
Added Pin To Net: NetName=GND Pin=J4-40
Added Pin To Net: NetName=GND Pin=J5-01
Added Pin To Net: NetName=GND Pin=J5-02
Added Pin To Net: NetName=GND Pin=J5-03
Added Pin To Net: NetName=GND Pin=J5-04
Added Pin To Net: NetName=GND Pin=J5-06
Added Pin To Net: NetName=GND Pin=J5-07
Added Pin To Net: NetName=GND Pin=J5-09
Added Pin To Net: NetName=GND Pin=J5-10
Added Pin To Net: NetName=GND Pin=J5-11
Added Pin To Net: NetName=GND Pin=J5-12
Added Pin To Net: NetName=GND Pin=J5-13
Added Pin To Net: NetName=GND Pin=J5-14
Added Pin To Net: NetName=GND Pin=J5-16
Added Pin To Net: NetName=GND Pin=J5-17
Added Pin To Net: NetName=GND Pin=J5-18
Added Pin To Net: NetName=GND Pin=J5-20
Added Pin To Net: NetName=GND Pin=J5-21
Added Pin To Net: NetName=GND Pin=J5-23
Added Pin To Net: NetName=GND Pin=J5-24
Added Pin To Net: NetName=GND Pin=J5-25
Added Pin To Net: NetName=GND Pin=J5-26
Added Pin To Net: NetName=GND Pin=J5-27
Added Pin To Net: NetName=GND Pin=J5-28
Added Pin To Net: NetName=GND Pin=J5-29
Added Pin To Net: NetName=GND Pin=J5-30
Added Pin To Net: NetName=GND Pin=J5-32
Added Pin To Net: NetName=GND Pin=J5-33
Added Pin To Net: NetName=GND Pin=J5-35
Added Pin To Net: NetName=GND Pin=J5-36
Added Pin To Net: NetName=GND Pin=J5-37
Added Pin To Net: NetName=GND Pin=J5-38
Added Pin To Net: NetName=GND Pin=J5-39
Added Pin To Net: NetName=GND Pin=J5-40
Added Pin To Net: NetName=GND Pin=J6-01
Added Pin To Net: NetName=GND Pin=J6-13
Added Pin To Net: NetName=GND Pin=J6-14
Added Pin To Net: NetName=GND Pin=J6-36
Added Pin To Net: NetName=GND Pin=J6-56
Added Pin To Net: NetName=GND Pin=J6-78
Added Pin To Net: NetName=GND Pin=J6-80
Added Pin To Net: NetName=GND Pin=J8-2
Added Pin To Net: NetName=GND Pin=J9-2
Added Pin To Net: NetName=GND Pin=J10_A-1
Added Pin To Net: NetName=GND Pin=J10_A-2
Added Pin To Net: NetName=GND Pin=J10_A-3
Added Pin To Net: NetName=GND Pin=J10_A-4
Added Pin To Net: NetName=GND Pin=J10_A-A1
Added Pin To Net: NetName=GND Pin=J10_A-A12
Added Pin To Net: NetName=GND Pin=J10_A-B1
Added Pin To Net: NetName=GND Pin=J10_A-B12
Added Pin To Net: NetName=GND Pin=J10_B-1
Added Pin To Net: NetName=GND Pin=J10_B-2
Added Pin To Net: NetName=GND Pin=J10_B-3
Added Pin To Net: NetName=GND Pin=J10_B-4
Added Pin To Net: NetName=GND Pin=J10_B-A1
Added Pin To Net: NetName=GND Pin=J10_B-A12
Added Pin To Net: NetName=GND Pin=J10_B-B1
Added Pin To Net: NetName=GND Pin=J10_B-B12
Added Pin To Net: NetName=GND Pin=J10_C-1
Added Pin To Net: NetName=GND Pin=J10_C-2
Added Pin To Net: NetName=GND Pin=J10_C-3
Added Pin To Net: NetName=GND Pin=J10_C-4
Added Pin To Net: NetName=GND Pin=J10_C-A1
Added Pin To Net: NetName=GND Pin=J10_C-A12
Added Pin To Net: NetName=GND Pin=J10_C-B1
Added Pin To Net: NetName=GND Pin=J10_C-B12
Added Pin To Net: NetName=GND Pin=J10_D-1
Added Pin To Net: NetName=GND Pin=J10_D-2
Added Pin To Net: NetName=GND Pin=J10_D-3
Added Pin To Net: NetName=GND Pin=J10_D-4
Added Pin To Net: NetName=GND Pin=J10_D-A1
Added Pin To Net: NetName=GND Pin=J10_D-A12
Added Pin To Net: NetName=GND Pin=J10_D-B1
Added Pin To Net: NetName=GND Pin=J10_D-B12
Added Pin To Net: NetName=GND Pin=J10_E-1
Added Pin To Net: NetName=GND Pin=J10_E-2
Added Pin To Net: NetName=GND Pin=J10_E-3
Added Pin To Net: NetName=GND Pin=J10_E-4
Added Pin To Net: NetName=GND Pin=J10_E-A1
Added Pin To Net: NetName=GND Pin=J10_E-A12
Added Pin To Net: NetName=GND Pin=J10_E-B1
Added Pin To Net: NetName=GND Pin=J10_E-B12
Added Pin To Net: NetName=GND Pin=J10_F-1
Added Pin To Net: NetName=GND Pin=J10_F-2
Added Pin To Net: NetName=GND Pin=J10_F-3
Added Pin To Net: NetName=GND Pin=J10_F-4
Added Pin To Net: NetName=GND Pin=J10_F-A1
Added Pin To Net: NetName=GND Pin=J10_F-A12
Added Pin To Net: NetName=GND Pin=J10_F-B1
Added Pin To Net: NetName=GND Pin=J10_F-B12
Added Pin To Net: NetName=GND Pin=J10_G-1
Added Pin To Net: NetName=GND Pin=J10_G-2
Added Pin To Net: NetName=GND Pin=J10_G-3
Added Pin To Net: NetName=GND Pin=J10_G-4
Added Pin To Net: NetName=GND Pin=J10_G-A1
Added Pin To Net: NetName=GND Pin=J10_G-A12
Added Pin To Net: NetName=GND Pin=J10_G-B1
Added Pin To Net: NetName=GND Pin=J10_G-B12
Added Pin To Net: NetName=GND Pin=J10_H-1
Added Pin To Net: NetName=GND Pin=J10_H-2
Added Pin To Net: NetName=GND Pin=J10_H-3
Added Pin To Net: NetName=GND Pin=J10_H-4
Added Pin To Net: NetName=GND Pin=J10_H-A1
Added Pin To Net: NetName=GND Pin=J10_H-A12
Added Pin To Net: NetName=GND Pin=J10_H-B1
Added Pin To Net: NetName=GND Pin=J10_H-B12
Added Pin To Net: NetName=GND Pin=R10_A-1
Added Pin To Net: NetName=GND Pin=R10_B-1
Added Pin To Net: NetName=GND Pin=R10_C-1
Added Pin To Net: NetName=GND Pin=R10_D-1
Added Pin To Net: NetName=GND Pin=R10_E-1
Added Pin To Net: NetName=GND Pin=R10_F-1
Added Pin To Net: NetName=GND Pin=R10_G-1
Added Pin To Net: NetName=GND Pin=R10_H-1
Added Pin To Net: NetName=GND Pin=S1-1B
Added Pin To Net: NetName=GND Pin=S1-2B
Added Pin To Net: NetName=GND Pin=S1-3B
Added Pin To Net: NetName=GND Pin=S1-4B
Added Pin To Net: NetName=GND Pin=U1_A-5
Added Pin To Net: NetName=GND Pin=U1_B-5
Added Pin To Net: NetName=GND Pin=U1_C-5
Added Pin To Net: NetName=GND Pin=U1_D-5
Added Pin To Net: NetName=GND Pin=U1_E-5
Added Pin To Net: NetName=GND Pin=U1_F-5
Added Pin To Net: NetName=GND Pin=U1_G-5
Added Pin To Net: NetName=GND Pin=U1_H-5
Added Pin To Net: NetName=GND Pin=U2_A-12
Added Pin To Net: NetName=GND Pin=U2_B-12
Added Pin To Net: NetName=GND Pin=U2_C-12
Added Pin To Net: NetName=GND Pin=U2_D-12
Added Pin To Net: NetName=GND Pin=U2_E-12
Added Pin To Net: NetName=GND Pin=U2_F-12
Added Pin To Net: NetName=GND Pin=U2_G-12
Added Pin To Net: NetName=GND Pin=U2_H-12
Added Net: Name=GND
Added Pin To Net: NetName=MC1_15 Pin=J1-15
Added Pin To Net: NetName=MC1_15 Pin=J2-15
Added Net: Name=MC1_15
Added Pin To Net: NetName=MC1_16 Pin=J1-16
Added Pin To Net: NetName=MC1_16 Pin=J2-16
Added Net: Name=MC1_16
Added Pin To Net: NetName=MC1_17 Pin=J1-17
Added Pin To Net: NetName=MC1_17 Pin=J2-17
Added Net: Name=MC1_17
Added Pin To Net: NetName=MC1_18 Pin=J1-18
Added Pin To Net: NetName=MC1_18 Pin=J2-18
Added Net: Name=MC1_18
Added Pin To Net: NetName=MC1_19 Pin=J1-19
Added Pin To Net: NetName=MC1_19 Pin=J2-19
Added Net: Name=MC1_19
Added Pin To Net: NetName=MC1_20 Pin=J1-20
Added Pin To Net: NetName=MC1_20 Pin=J2-20
Added Net: Name=MC1_20
Added Pin To Net: NetName=MC1_21 Pin=J1-21
Added Pin To Net: NetName=MC1_21 Pin=J2-21
Added Net: Name=MC1_21
Added Pin To Net: NetName=MC1_22 Pin=J1-22
Added Pin To Net: NetName=MC1_22 Pin=J2-22
Added Net: Name=MC1_22
Added Pin To Net: NetName=MC1_23 Pin=J1-23
Added Pin To Net: NetName=MC1_23 Pin=J2-23
Added Net: Name=MC1_23
Added Pin To Net: NetName=MC1_24 Pin=J1-24
Added Pin To Net: NetName=MC1_24 Pin=J2-24
Added Net: Name=MC1_24
Added Pin To Net: NetName=MC1_25 Pin=J1-25
Added Pin To Net: NetName=MC1_25 Pin=J2-25
Added Net: Name=MC1_25
Added Pin To Net: NetName=MC1_26 Pin=J1-26
Added Pin To Net: NetName=MC1_26 Pin=J2-26
Added Net: Name=MC1_26
Added Pin To Net: NetName=MC1_27 Pin=J1-27
Added Pin To Net: NetName=MC1_27 Pin=J2-27
Added Net: Name=MC1_27
Added Pin To Net: NetName=MC1_28 Pin=J1-28
Added Pin To Net: NetName=MC1_28 Pin=J2-28
Added Net: Name=MC1_28
Added Pin To Net: NetName=MC1_29 Pin=J1-29
Added Pin To Net: NetName=MC1_29 Pin=J2-29
Added Net: Name=MC1_29
Added Pin To Net: NetName=MC1_30 Pin=J1-30
Added Pin To Net: NetName=MC1_30 Pin=J2-30
Added Net: Name=MC1_30
Added Pin To Net: NetName=MC1_31 Pin=J1-31
Added Pin To Net: NetName=MC1_31 Pin=J2-31
Added Net: Name=MC1_31
Added Pin To Net: NetName=MC1_33 Pin=J1-33
Added Pin To Net: NetName=MC1_33 Pin=J2-33
Added Net: Name=MC1_33
Added Pin To Net: NetName=MC1_37 Pin=J1-37
Added Pin To Net: NetName=MC1_37 Pin=J2-37
Added Net: Name=MC1_37
Added Pin To Net: NetName=MC1_39 Pin=J1-39
Added Pin To Net: NetName=MC1_39 Pin=J2-39
Added Net: Name=MC1_39
Added Pin To Net: NetName=MC1_41 Pin=J1-41
Added Pin To Net: NetName=MC1_41 Pin=J3-01
Added Net: Name=MC1_41
Added Pin To Net: NetName=MC1_42 Pin=J1-42
Added Pin To Net: NetName=MC1_42 Pin=J3-02
Added Net: Name=MC1_42
Added Pin To Net: NetName=MC1_43 Pin=J1-43
Added Pin To Net: NetName=MC1_43 Pin=J3-03
Added Net: Name=MC1_43
Added Pin To Net: NetName=MC1_44 Pin=J1-44
Added Pin To Net: NetName=MC1_44 Pin=J3-04
Added Net: Name=MC1_44
Added Pin To Net: NetName=MC1_45 Pin=J1-45
Added Pin To Net: NetName=MC1_45 Pin=J3-05
Added Net: Name=MC1_45
Added Pin To Net: NetName=MC1_46 Pin=J1-46
Added Pin To Net: NetName=MC1_46 Pin=J3-06
Added Net: Name=MC1_46
Added Pin To Net: NetName=MC1_47 Pin=J1-47
Added Pin To Net: NetName=MC1_47 Pin=J3-07
Added Net: Name=MC1_47
Added Pin To Net: NetName=MC1_48 Pin=J1-48
Added Pin To Net: NetName=MC1_48 Pin=J3-08
Added Net: Name=MC1_48
Added Pin To Net: NetName=MC1_49 Pin=J1-49
Added Pin To Net: NetName=MC1_49 Pin=J3-09
Added Net: Name=MC1_49
Added Pin To Net: NetName=MC1_50 Pin=J1-50
Added Pin To Net: NetName=MC1_50 Pin=J3-10
Added Net: Name=MC1_50
Added Pin To Net: NetName=MC1_51 Pin=J1-51
Added Pin To Net: NetName=MC1_51 Pin=J3-11
Added Net: Name=MC1_51
Added Pin To Net: NetName=MC1_52 Pin=J1-52
Added Pin To Net: NetName=MC1_52 Pin=J3-12
Added Net: Name=MC1_52
Added Pin To Net: NetName=MC1_53 Pin=J1-53
Added Pin To Net: NetName=MC1_53 Pin=J3-13
Added Net: Name=MC1_53
Added Pin To Net: NetName=MC1_54 Pin=J1-54
Added Pin To Net: NetName=MC1_54 Pin=J3-14
Added Net: Name=MC1_54
Added Pin To Net: NetName=MC1_57 Pin=J1-57
Added Pin To Net: NetName=MC1_57 Pin=J3-17
Added Net: Name=MC1_57
Added Pin To Net: NetName=MC1_58 Pin=J1-58
Added Pin To Net: NetName=MC1_58 Pin=J3-18
Added Net: Name=MC1_58
Added Pin To Net: NetName=MC1_59 Pin=J1-59
Added Pin To Net: NetName=MC1_59 Pin=J3-19
Added Net: Name=MC1_59
Added Pin To Net: NetName=MC1_60 Pin=J1-60
Added Pin To Net: NetName=MC1_60 Pin=J3-20
Added Net: Name=MC1_60
Added Pin To Net: NetName=MC1_61 Pin=J1-61
Added Pin To Net: NetName=MC1_61 Pin=J3-21
Added Net: Name=MC1_61
Added Pin To Net: NetName=MC1_62 Pin=J1-62
Added Pin To Net: NetName=MC1_62 Pin=J3-22
Added Net: Name=MC1_62
Added Pin To Net: NetName=MC1_63 Pin=J1-63
Added Pin To Net: NetName=MC1_63 Pin=J3-23
Added Net: Name=MC1_63
Added Pin To Net: NetName=MC1_64 Pin=J1-64
Added Pin To Net: NetName=MC1_64 Pin=J3-24
Added Net: Name=MC1_64
Added Pin To Net: NetName=MC1_65 Pin=J1-65
Added Pin To Net: NetName=MC1_65 Pin=J3-25
Added Net: Name=MC1_65
Added Pin To Net: NetName=MC1_66 Pin=J1-66
Added Pin To Net: NetName=MC1_66 Pin=J3-26
Added Net: Name=MC1_66
Added Pin To Net: NetName=MC1_67 Pin=J1-67
Added Pin To Net: NetName=MC1_67 Pin=J3-27
Added Net: Name=MC1_67
Added Pin To Net: NetName=MC1_68 Pin=J1-68
Added Pin To Net: NetName=MC1_68 Pin=J3-28
Added Net: Name=MC1_68
Added Pin To Net: NetName=MC1_69 Pin=J1-69
Added Pin To Net: NetName=MC1_69 Pin=J3-29
Added Net: Name=MC1_69
Added Pin To Net: NetName=MC1_70 Pin=J1-70
Added Pin To Net: NetName=MC1_70 Pin=J3-30
Added Net: Name=MC1_70
Added Pin To Net: NetName=MC1_72 Pin=J1-72
Added Pin To Net: NetName=MC1_72 Pin=J3-32
Added Net: Name=MC1_72
Added Pin To Net: NetName=MC1_74 Pin=J1-74
Added Pin To Net: NetName=MC1_74 Pin=J3-34
Added Net: Name=MC1_74
Added Pin To Net: NetName=MC1_76 Pin=J1-76
Added Pin To Net: NetName=MC1_76 Pin=J3-36
Added Net: Name=MC1_76
Added Pin To Net: NetName=MC1_77 Pin=J1-77
Added Pin To Net: NetName=MC1_77 Pin=J3-37
Added Net: Name=MC1_77
Added Pin To Net: NetName=MC1_79 Pin=J1-79
Added Pin To Net: NetName=MC1_79 Pin=J3-39
Added Net: Name=MC1_79
Added Pin To Net: NetName=MC2_10 Pin=J4-10
Added Pin To Net: NetName=MC2_10 Pin=J6-10
Added Net: Name=MC2_10
Added Pin To Net: NetName=MC2_12 Pin=J4-12
Added Pin To Net: NetName=MC2_12 Pin=J6-12
Added Net: Name=MC2_12
Added Pin To Net: NetName=MC2_15 Pin=J4-15
Added Pin To Net: NetName=MC2_15 Pin=J6-15
Added Net: Name=MC2_15
Added Pin To Net: NetName=MC2_17 Pin=J4-17
Added Pin To Net: NetName=MC2_17 Pin=J6-17
Added Net: Name=MC2_17
Added Pin To Net: NetName=MC2_19 Pin=J4-19
Added Pin To Net: NetName=MC2_19 Pin=J6-19
Added Net: Name=MC2_19
Added Pin To Net: NetName=MC2_21 Pin=J4-21
Added Pin To Net: NetName=MC2_21 Pin=J6-21
Added Net: Name=MC2_21
Added Pin To Net: NetName=MC2_22 Pin=J4-22
Added Pin To Net: NetName=MC2_22 Pin=J6-22
Added Net: Name=MC2_22
Added Pin To Net: NetName=MC2_23 Pin=J4-23
Added Pin To Net: NetName=MC2_23 Pin=J6-23
Added Net: Name=MC2_23
Added Pin To Net: NetName=MC2_25 Pin=J4-25
Added Pin To Net: NetName=MC2_25 Pin=J6-25
Added Net: Name=MC2_25
Added Pin To Net: NetName=MC2_27 Pin=J4-27
Added Pin To Net: NetName=MC2_27 Pin=J6-27
Added Net: Name=MC2_27
Added Pin To Net: NetName=MC2_29 Pin=J4-29
Added Pin To Net: NetName=MC2_29 Pin=J6-29
Added Net: Name=MC2_29
Added Pin To Net: NetName=MC2_31 Pin=J4-31
Added Pin To Net: NetName=MC2_31 Pin=J6-31
Added Net: Name=MC2_31
Added Pin To Net: NetName=MC2_33 Pin=J4-33
Added Pin To Net: NetName=MC2_33 Pin=J6-33
Added Net: Name=MC2_33
Added Pin To Net: NetName=MC2_34 Pin=J4-34
Added Pin To Net: NetName=MC2_34 Pin=J6-34
Added Net: Name=MC2_34
Added Pin To Net: NetName=MC2_37 Pin=J4-37
Added Pin To Net: NetName=MC2_37 Pin=J6-37
Added Net: Name=MC2_37
Added Pin To Net: NetName=MC2_39 Pin=J4-39
Added Pin To Net: NetName=MC2_39 Pin=J6-39
Added Net: Name=MC2_39
Added Pin To Net: NetName=MC2_45 Pin=J5-05
Added Pin To Net: NetName=MC2_45 Pin=J6-45
Added Net: Name=MC2_45
Added Pin To Net: NetName=MC2_48 Pin=J5-08
Added Pin To Net: NetName=MC2_48 Pin=J6-48
Added Net: Name=MC2_48
Added Pin To Net: NetName=MC2_59 Pin=J5-19
Added Pin To Net: NetName=MC2_59 Pin=J6-59
Added Net: Name=MC2_59
Added Pin To Net: NetName=MC2_62 Pin=J5-22
Added Pin To Net: NetName=MC2_62 Pin=J6-62
Added Net: Name=MC2_62
Added Pin To Net: NetName=MC2_71 Pin=J5-31
Added Pin To Net: NetName=MC2_71 Pin=J6-71
Added Net: Name=MC2_71
Added Pin To Net: NetName=MC2_74 Pin=J5-34
Added Pin To Net: NetName=MC2_74 Pin=J6-74
Added Net: Name=MC2_74
Added Pin To Net: NetName=MISO1_A_N Pin=J10_A-A10
Added Pin To Net: NetName=MISO1_A_N Pin=R11_A-1
Added Pin To Net: NetName=MISO1_A_N Pin=U2_A-1
Added Net: Name=MISO1_A_N
Added Pin To Net: NetName=MISO1_A_P Pin=J10_A-A11
Added Pin To Net: NetName=MISO1_A_P Pin=R11_A-2
Added Pin To Net: NetName=MISO1_A_P Pin=U2_A-2
Added Net: Name=MISO1_A_P
Added Pin To Net: NetName=MISO1_B_N Pin=J10_B-A10
Added Pin To Net: NetName=MISO1_B_N Pin=R11_B-1
Added Pin To Net: NetName=MISO1_B_N Pin=U2_B-1
Added Net: Name=MISO1_B_N
Added Pin To Net: NetName=MISO1_B_P Pin=J10_B-A11
Added Pin To Net: NetName=MISO1_B_P Pin=R11_B-2
Added Pin To Net: NetName=MISO1_B_P Pin=U2_B-2
Added Net: Name=MISO1_B_P
Added Pin To Net: NetName=MISO1_C_N Pin=J10_C-A10
Added Pin To Net: NetName=MISO1_C_N Pin=R11_C-1
Added Pin To Net: NetName=MISO1_C_N Pin=U2_C-1
Added Net: Name=MISO1_C_N
Added Pin To Net: NetName=MISO1_C_P Pin=J10_C-A11
Added Pin To Net: NetName=MISO1_C_P Pin=R11_C-2
Added Pin To Net: NetName=MISO1_C_P Pin=U2_C-2
Added Net: Name=MISO1_C_P
Added Pin To Net: NetName=MISO1_D_N Pin=J10_D-A10
Added Pin To Net: NetName=MISO1_D_N Pin=R11_D-1
Added Pin To Net: NetName=MISO1_D_N Pin=U2_D-1
Added Net: Name=MISO1_D_N
Added Pin To Net: NetName=MISO1_D_P Pin=J10_D-A11
Added Pin To Net: NetName=MISO1_D_P Pin=R11_D-2
Added Pin To Net: NetName=MISO1_D_P Pin=U2_D-2
Added Net: Name=MISO1_D_P
Added Pin To Net: NetName=MISO1_E_N Pin=J10_E-A10
Added Pin To Net: NetName=MISO1_E_N Pin=R11_E-1
Added Pin To Net: NetName=MISO1_E_N Pin=U2_E-1
Added Net: Name=MISO1_E_N
Added Pin To Net: NetName=MISO1_E_P Pin=J10_E-A11
Added Pin To Net: NetName=MISO1_E_P Pin=R11_E-2
Added Pin To Net: NetName=MISO1_E_P Pin=U2_E-2
Added Net: Name=MISO1_E_P
Added Pin To Net: NetName=MISO1_F_N Pin=J10_F-A10
Added Pin To Net: NetName=MISO1_F_N Pin=R11_F-1
Added Pin To Net: NetName=MISO1_F_N Pin=U2_F-1
Added Net: Name=MISO1_F_N
Added Pin To Net: NetName=MISO1_F_P Pin=J10_F-A11
Added Pin To Net: NetName=MISO1_F_P Pin=R11_F-2
Added Pin To Net: NetName=MISO1_F_P Pin=U2_F-2
Added Net: Name=MISO1_F_P
Added Pin To Net: NetName=MISO1_G_N Pin=J10_G-A10
Added Pin To Net: NetName=MISO1_G_N Pin=R11_G-1
Added Pin To Net: NetName=MISO1_G_N Pin=U2_G-1
Added Net: Name=MISO1_G_N
Added Pin To Net: NetName=MISO1_G_P Pin=J10_G-A11
Added Pin To Net: NetName=MISO1_G_P Pin=R11_G-2
Added Pin To Net: NetName=MISO1_G_P Pin=U2_G-2
Added Net: Name=MISO1_G_P
Added Pin To Net: NetName=MISO1_H_N Pin=J10_H-A10
Added Pin To Net: NetName=MISO1_H_N Pin=R11_H-1
Added Pin To Net: NetName=MISO1_H_N Pin=U2_H-1
Added Net: Name=MISO1_H_N
Added Pin To Net: NetName=MISO1_H_P Pin=J10_H-A11
Added Pin To Net: NetName=MISO1_H_P Pin=R11_H-2
Added Pin To Net: NetName=MISO1_H_P Pin=U2_H-2
Added Net: Name=MISO1_H_P
Added Pin To Net: NetName=MISO2_A_N Pin=J10_A-A3
Added Pin To Net: NetName=MISO2_A_N Pin=R12_A-1
Added Pin To Net: NetName=MISO2_A_N Pin=U2_A-4
Added Net: Name=MISO2_A_N
Added Pin To Net: NetName=MISO2_A_P Pin=J10_A-A2
Added Pin To Net: NetName=MISO2_A_P Pin=R12_A-2
Added Pin To Net: NetName=MISO2_A_P Pin=U2_A-3
Added Net: Name=MISO2_A_P
Added Pin To Net: NetName=MISO2_B_N Pin=J10_B-A3
Added Pin To Net: NetName=MISO2_B_N Pin=R12_B-1
Added Pin To Net: NetName=MISO2_B_N Pin=U2_B-4
Added Net: Name=MISO2_B_N
Added Pin To Net: NetName=MISO2_B_P Pin=J10_B-A2
Added Pin To Net: NetName=MISO2_B_P Pin=R12_B-2
Added Pin To Net: NetName=MISO2_B_P Pin=U2_B-3
Added Net: Name=MISO2_B_P
Added Pin To Net: NetName=MISO2_C_N Pin=J10_C-A3
Added Pin To Net: NetName=MISO2_C_N Pin=R12_C-1
Added Pin To Net: NetName=MISO2_C_N Pin=U2_C-4
Added Net: Name=MISO2_C_N
Added Pin To Net: NetName=MISO2_C_P Pin=J10_C-A2
Added Pin To Net: NetName=MISO2_C_P Pin=R12_C-2
Added Pin To Net: NetName=MISO2_C_P Pin=U2_C-3
Added Net: Name=MISO2_C_P
Added Pin To Net: NetName=MISO2_D_N Pin=J10_D-A3
Added Pin To Net: NetName=MISO2_D_N Pin=R12_D-1
Added Pin To Net: NetName=MISO2_D_N Pin=U2_D-4
Added Net: Name=MISO2_D_N
Added Pin To Net: NetName=MISO2_D_P Pin=J10_D-A2
Added Pin To Net: NetName=MISO2_D_P Pin=R12_D-2
Added Pin To Net: NetName=MISO2_D_P Pin=U2_D-3
Added Net: Name=MISO2_D_P
Added Pin To Net: NetName=MISO2_E_N Pin=J10_E-A3
Added Pin To Net: NetName=MISO2_E_N Pin=R12_E-1
Added Pin To Net: NetName=MISO2_E_N Pin=U2_E-4
Added Net: Name=MISO2_E_N
Added Pin To Net: NetName=MISO2_E_P Pin=J10_E-A2
Added Pin To Net: NetName=MISO2_E_P Pin=R12_E-2
Added Pin To Net: NetName=MISO2_E_P Pin=U2_E-3
Added Net: Name=MISO2_E_P
Added Pin To Net: NetName=MISO2_F_N Pin=J10_F-A3
Added Pin To Net: NetName=MISO2_F_N Pin=R12_F-1
Added Pin To Net: NetName=MISO2_F_N Pin=U2_F-4
Added Net: Name=MISO2_F_N
Added Pin To Net: NetName=MISO2_F_P Pin=J10_F-A2
Added Pin To Net: NetName=MISO2_F_P Pin=R12_F-2
Added Pin To Net: NetName=MISO2_F_P Pin=U2_F-3
Added Net: Name=MISO2_F_P
Added Pin To Net: NetName=MISO2_G_N Pin=J10_G-A3
Added Pin To Net: NetName=MISO2_G_N Pin=R12_G-1
Added Pin To Net: NetName=MISO2_G_N Pin=U2_G-4
Added Net: Name=MISO2_G_N
Added Pin To Net: NetName=MISO2_G_P Pin=J10_G-A2
Added Pin To Net: NetName=MISO2_G_P Pin=R12_G-2
Added Pin To Net: NetName=MISO2_G_P Pin=U2_G-3
Added Net: Name=MISO2_G_P
Added Pin To Net: NetName=MISO2_H_N Pin=J10_H-A3
Added Pin To Net: NetName=MISO2_H_N Pin=R12_H-1
Added Pin To Net: NetName=MISO2_H_N Pin=U2_H-4
Added Net: Name=MISO2_H_N
Added Pin To Net: NetName=MISO2_H_P Pin=J10_H-A2
Added Pin To Net: NetName=MISO2_H_P Pin=R12_H-2
Added Pin To Net: NetName=MISO2_H_P Pin=U2_H-3
Added Net: Name=MISO2_H_P
Added Pin To Net: NetName=MISO_A1 Pin=J6-24
Added Pin To Net: NetName=MISO_A1 Pin=U2_A-15
Added Net: Name=MISO_A1
Added Pin To Net: NetName=MISO_A2 Pin=J6-26
Added Pin To Net: NetName=MISO_A2 Pin=U2_A-14
Added Net: Name=MISO_A2
Added Pin To Net: NetName=MISO_B1 Pin=J6-38
Added Pin To Net: NetName=MISO_B1 Pin=U2_B-15
Added Net: Name=MISO_B1
Added Pin To Net: NetName=MISO_B2 Pin=J6-40
Added Pin To Net: NetName=MISO_B2 Pin=U2_B-14
Added Net: Name=MISO_B2
Added Pin To Net: NetName=MISO_C1 Pin=J6-50
Added Pin To Net: NetName=MISO_C1 Pin=U2_C-15
Added Net: Name=MISO_C1
Added Pin To Net: NetName=MISO_C2 Pin=J6-52
Added Pin To Net: NetName=MISO_C2 Pin=U2_C-14
Added Net: Name=MISO_C2
Added Pin To Net: NetName=MISO_D1 Pin=J6-64
Added Pin To Net: NetName=MISO_D1 Pin=U2_D-15
Added Net: Name=MISO_D1
Added Pin To Net: NetName=MISO_D2 Pin=J6-66
Added Pin To Net: NetName=MISO_D2 Pin=U2_D-14
Added Net: Name=MISO_D2
Added Pin To Net: NetName=MISO_E1 Pin=J6-76
Added Pin To Net: NetName=MISO_E1 Pin=U2_E-15
Added Net: Name=MISO_E1
Added Pin To Net: NetName=MISO_E2 Pin=J6-79
Added Pin To Net: NetName=MISO_E2 Pin=U2_E-14
Added Net: Name=MISO_E2
Added Pin To Net: NetName=MISO_F1 Pin=J6-69
Added Pin To Net: NetName=MISO_F1 Pin=U2_F-15
Added Net: Name=MISO_F1
Added Pin To Net: NetName=MISO_F2 Pin=J6-67
Added Pin To Net: NetName=MISO_F2 Pin=U2_F-14
Added Net: Name=MISO_F2
Added Pin To Net: NetName=MISO_G1 Pin=J6-57
Added Pin To Net: NetName=MISO_G1 Pin=U2_G-15
Added Net: Name=MISO_G1
Added Pin To Net: NetName=MISO_G2 Pin=J6-53
Added Pin To Net: NetName=MISO_G2 Pin=U2_G-14
Added Net: Name=MISO_G2
Added Pin To Net: NetName=MISO_H1 Pin=J6-43
Added Pin To Net: NetName=MISO_H1 Pin=U2_H-15
Added Net: Name=MISO_H1
Added Pin To Net: NetName=MISO_H2 Pin=J6-41
Added Pin To Net: NetName=MISO_H2 Pin=U2_H-14
Added Net: Name=MISO_H2
Added Pin To Net: NetName=MOSI_A_N Pin=J10_A-B3
Added Pin To Net: NetName=MOSI_A_N Pin=R9_A-1
Added Pin To Net: NetName=MOSI_A_N Pin=U1_A-12
Added Net: Name=MOSI_A_N
Added Pin To Net: NetName=MOSI_A_P Pin=J10_A-B2
Added Pin To Net: NetName=MOSI_A_P Pin=R9_A-2
Added Pin To Net: NetName=MOSI_A_P Pin=U1_A-11
Added Net: Name=MOSI_A_P
Added Pin To Net: NetName=MOSI_A Pin=J6-20
Added Pin To Net: NetName=MOSI_A Pin=U1_A-6
Added Net: Name=MOSI_A
Added Pin To Net: NetName=MOSI_B_N Pin=J10_B-B3
Added Pin To Net: NetName=MOSI_B_N Pin=R9_B-1
Added Pin To Net: NetName=MOSI_B_N Pin=U1_B-12
Added Net: Name=MOSI_B_N
Added Pin To Net: NetName=MOSI_B_P Pin=J10_B-B2
Added Pin To Net: NetName=MOSI_B_P Pin=R9_B-2
Added Pin To Net: NetName=MOSI_B_P Pin=U1_B-11
Added Net: Name=MOSI_B_P
Added Pin To Net: NetName=MOSI_B Pin=J6-32
Added Pin To Net: NetName=MOSI_B Pin=U1_B-6
Added Net: Name=MOSI_B
Added Pin To Net: NetName=MOSI_C_N Pin=J10_C-B3
Added Pin To Net: NetName=MOSI_C_N Pin=R9_C-1
Added Pin To Net: NetName=MOSI_C_N Pin=U1_C-12
Added Net: Name=MOSI_C_N
Added Pin To Net: NetName=MOSI_C_P Pin=J10_C-B2
Added Pin To Net: NetName=MOSI_C_P Pin=R9_C-2
Added Pin To Net: NetName=MOSI_C_P Pin=U1_C-11
Added Net: Name=MOSI_C_P
Added Pin To Net: NetName=MOSI_C Pin=J6-46
Added Pin To Net: NetName=MOSI_C Pin=U1_C-6
Added Net: Name=MOSI_C
Added Pin To Net: NetName=MOSI_D_N Pin=J10_D-B3
Added Pin To Net: NetName=MOSI_D_N Pin=R9_D-1
Added Pin To Net: NetName=MOSI_D_N Pin=U1_D-12
Added Net: Name=MOSI_D_N
Added Pin To Net: NetName=MOSI_D_P Pin=J10_D-B2
Added Pin To Net: NetName=MOSI_D_P Pin=R9_D-2
Added Pin To Net: NetName=MOSI_D_P Pin=U1_D-11
Added Net: Name=MOSI_D_P
Added Pin To Net: NetName=MOSI_D Pin=J6-60
Added Pin To Net: NetName=MOSI_D Pin=U1_D-6
Added Net: Name=MOSI_D
Added Pin To Net: NetName=MOSI_E_N Pin=J10_E-B3
Added Pin To Net: NetName=MOSI_E_N Pin=R9_E-1
Added Pin To Net: NetName=MOSI_E_N Pin=U1_E-12
Added Net: Name=MOSI_E_N
Added Pin To Net: NetName=MOSI_E_P Pin=J10_E-B2
Added Pin To Net: NetName=MOSI_E_P Pin=R9_E-2
Added Pin To Net: NetName=MOSI_E_P Pin=U1_E-11
Added Net: Name=MOSI_E_P
Added Pin To Net: NetName=MOSI_E Pin=J6-72
Added Pin To Net: NetName=MOSI_E Pin=U1_E-6
Added Net: Name=MOSI_E
Added Pin To Net: NetName=MOSI_F_N Pin=J10_F-B3
Added Pin To Net: NetName=MOSI_F_N Pin=R9_F-1
Added Pin To Net: NetName=MOSI_F_N Pin=U1_F-12
Added Net: Name=MOSI_F_N
Added Pin To Net: NetName=MOSI_F_P Pin=J10_F-B2
Added Pin To Net: NetName=MOSI_F_P Pin=R9_F-2
Added Pin To Net: NetName=MOSI_F_P Pin=U1_F-11
Added Net: Name=MOSI_F_P
Added Pin To Net: NetName=MOSI_F Pin=J6-73
Added Pin To Net: NetName=MOSI_F Pin=U1_F-6
Added Net: Name=MOSI_F
Added Pin To Net: NetName=MOSI_G_N Pin=J10_G-B3
Added Pin To Net: NetName=MOSI_G_N Pin=R9_G-1
Added Pin To Net: NetName=MOSI_G_N Pin=U1_G-12
Added Net: Name=MOSI_G_N
Added Pin To Net: NetName=MOSI_G_P Pin=J10_G-B2
Added Pin To Net: NetName=MOSI_G_P Pin=R9_G-2
Added Pin To Net: NetName=MOSI_G_P Pin=U1_G-11
Added Net: Name=MOSI_G_P
Added Pin To Net: NetName=MOSI_G Pin=J6-61
Added Pin To Net: NetName=MOSI_G Pin=U1_G-6
Added Net: Name=MOSI_G
Added Pin To Net: NetName=MOSI_H_N Pin=J10_H-B3
Added Pin To Net: NetName=MOSI_H_N Pin=R9_H-1
Added Pin To Net: NetName=MOSI_H_N Pin=U1_H-12
Added Net: Name=MOSI_H_N
Added Pin To Net: NetName=MOSI_H_P Pin=J10_H-B2
Added Pin To Net: NetName=MOSI_H_P Pin=R9_H-2
Added Pin To Net: NetName=MOSI_H_P Pin=U1_H-11
Added Net: Name=MOSI_H_P
Added Pin To Net: NetName=MOSI_H Pin=J6-47
Added Pin To Net: NetName=MOSI_H Pin=U1_H-6
Added Net: Name=MOSI_H
Added Pin To Net: NetName=NetD1_A_2 Pin=D1_A-2
Added Pin To Net: NetName=NetD1_A_2 Pin=R6_A-1
Added Net: Name=NetD1_A_2
Added Pin To Net: NetName=NetD1_B_2 Pin=D1_B-2
Added Pin To Net: NetName=NetD1_B_2 Pin=R6_B-1
Added Net: Name=NetD1_B_2
Added Pin To Net: NetName=NetD1_C_2 Pin=D1_C-2
Added Pin To Net: NetName=NetD1_C_2 Pin=R6_C-1
Added Net: Name=NetD1_C_2
Added Pin To Net: NetName=NetD1_D_2 Pin=D1_D-2
Added Pin To Net: NetName=NetD1_D_2 Pin=R6_D-1
Added Net: Name=NetD1_D_2
Added Pin To Net: NetName=NetD1_E_2 Pin=D1_E-2
Added Pin To Net: NetName=NetD1_E_2 Pin=R6_E-1
Added Net: Name=NetD1_E_2
Added Pin To Net: NetName=NetD1_F_2 Pin=D1_F-2
Added Pin To Net: NetName=NetD1_F_2 Pin=R6_F-1
Added Net: Name=NetD1_F_2
Added Pin To Net: NetName=NetD1_G_2 Pin=D1_G-2
Added Pin To Net: NetName=NetD1_G_2 Pin=R6_G-1
Added Net: Name=NetD1_G_2
Added Pin To Net: NetName=NetD1_H_2 Pin=D1_H-2
Added Pin To Net: NetName=NetD1_H_2 Pin=R6_H-1
Added Net: Name=NetD1_H_2
Added Pin To Net: NetName=NetJ7_1 Pin=J7-1
Added Pin To Net: NetName=NetJ7_1 Pin=R1-1
Added Net: Name=NetJ7_1
Added Pin To Net: NetName=NetJ7_3 Pin=J7-3
Added Pin To Net: NetName=NetJ7_3 Pin=J8-1
Added Pin To Net: NetName=NetJ7_3 Pin=R1-2
Added Net: Name=NetJ7_3
Added Pin To Net: NetName=SCLK_A_N Pin=J10_A-A6
Added Pin To Net: NetName=SCLK_A_N Pin=R8_A-1
Added Pin To Net: NetName=SCLK_A_N Pin=U1_A-13
Added Net: Name=SCLK_A_N
Added Pin To Net: NetName=SCLK_A_P Pin=J10_A-A7
Added Pin To Net: NetName=SCLK_A_P Pin=R8_A-2
Added Pin To Net: NetName=SCLK_A_P Pin=U1_A-14
Added Net: Name=SCLK_A_P
Added Pin To Net: NetName=SCLK_A Pin=J6-18
Added Pin To Net: NetName=SCLK_A Pin=U1_A-3
Added Net: Name=SCLK_A
Added Pin To Net: NetName=SCLK_B_N Pin=J10_B-A6
Added Pin To Net: NetName=SCLK_B_N Pin=R8_B-1
Added Pin To Net: NetName=SCLK_B_N Pin=U1_B-13
Added Net: Name=SCLK_B_N
Added Pin To Net: NetName=SCLK_B_P Pin=J10_B-A7
Added Pin To Net: NetName=SCLK_B_P Pin=R8_B-2
Added Pin To Net: NetName=SCLK_B_P Pin=U1_B-14
Added Net: Name=SCLK_B_P
Added Pin To Net: NetName=SCLK_B Pin=J6-30
Added Pin To Net: NetName=SCLK_B Pin=U1_B-3
Added Net: Name=SCLK_B
Added Pin To Net: NetName=SCLK_C_N Pin=J10_C-A6
Added Pin To Net: NetName=SCLK_C_N Pin=R8_C-1
Added Pin To Net: NetName=SCLK_C_N Pin=U1_C-13
Added Net: Name=SCLK_C_N
Added Pin To Net: NetName=SCLK_C_P Pin=J10_C-A7
Added Pin To Net: NetName=SCLK_C_P Pin=R8_C-2
Added Pin To Net: NetName=SCLK_C_P Pin=U1_C-14
Added Net: Name=SCLK_C_P
Added Pin To Net: NetName=SCLK_C Pin=J6-44
Added Pin To Net: NetName=SCLK_C Pin=U1_C-3
Added Net: Name=SCLK_C
Added Pin To Net: NetName=SCLK_D_N Pin=J10_D-A6
Added Pin To Net: NetName=SCLK_D_N Pin=R8_D-1
Added Pin To Net: NetName=SCLK_D_N Pin=U1_D-13
Added Net: Name=SCLK_D_N
Added Pin To Net: NetName=SCLK_D_P Pin=J10_D-A7
Added Pin To Net: NetName=SCLK_D_P Pin=R8_D-2
Added Pin To Net: NetName=SCLK_D_P Pin=U1_D-14
Added Net: Name=SCLK_D_P
Added Pin To Net: NetName=SCLK_D Pin=J6-58
Added Pin To Net: NetName=SCLK_D Pin=U1_D-3
Added Net: Name=SCLK_D
Added Pin To Net: NetName=SCLK_E_N Pin=J10_E-A6
Added Pin To Net: NetName=SCLK_E_N Pin=R8_E-1
Added Pin To Net: NetName=SCLK_E_N Pin=U1_E-13
Added Net: Name=SCLK_E_N
Added Pin To Net: NetName=SCLK_E_P Pin=J10_E-A7
Added Pin To Net: NetName=SCLK_E_P Pin=R8_E-2
Added Pin To Net: NetName=SCLK_E_P Pin=U1_E-14
Added Net: Name=SCLK_E_P
Added Pin To Net: NetName=SCLK_E Pin=J6-70
Added Pin To Net: NetName=SCLK_E Pin=U1_E-3
Added Net: Name=SCLK_E
Added Pin To Net: NetName=SCLK_F_N Pin=J10_F-A6
Added Pin To Net: NetName=SCLK_F_N Pin=R8_F-1
Added Pin To Net: NetName=SCLK_F_N Pin=U1_F-13
Added Net: Name=SCLK_F_N
Added Pin To Net: NetName=SCLK_F_P Pin=J10_F-A7
Added Pin To Net: NetName=SCLK_F_P Pin=R8_F-2
Added Pin To Net: NetName=SCLK_F_P Pin=U1_F-14
Added Net: Name=SCLK_F_P
Added Pin To Net: NetName=SCLK_F Pin=J6-75
Added Pin To Net: NetName=SCLK_F Pin=U1_F-3
Added Net: Name=SCLK_F
Added Pin To Net: NetName=SCLK_G_N Pin=J10_G-A6
Added Pin To Net: NetName=SCLK_G_N Pin=R8_G-1
Added Pin To Net: NetName=SCLK_G_N Pin=U1_G-13
Added Net: Name=SCLK_G_N
Added Pin To Net: NetName=SCLK_G_P Pin=J10_G-A7
Added Pin To Net: NetName=SCLK_G_P Pin=R8_G-2
Added Pin To Net: NetName=SCLK_G_P Pin=U1_G-14
Added Net: Name=SCLK_G_P
Added Pin To Net: NetName=SCLK_G Pin=J6-63
Added Pin To Net: NetName=SCLK_G Pin=U1_G-3
Added Net: Name=SCLK_G
Added Pin To Net: NetName=SCLK_H_N Pin=J10_H-A6
Added Pin To Net: NetName=SCLK_H_N Pin=R8_H-1
Added Pin To Net: NetName=SCLK_H_N Pin=U1_H-13
Added Net: Name=SCLK_H_N
Added Pin To Net: NetName=SCLK_H_P Pin=J10_H-A7
Added Pin To Net: NetName=SCLK_H_P Pin=R8_H-2
Added Pin To Net: NetName=SCLK_H_P Pin=U1_H-14
Added Net: Name=SCLK_H_P
Added Pin To Net: NetName=SCLK_H Pin=J6-49
Added Pin To Net: NetName=SCLK_H Pin=U1_H-3
Added Net: Name=SCLK_H
Added Pin To Net: NetName=status_led_1 Pin=J1-75
Added Pin To Net: NetName=status_led_1 Pin=J3-35
Added Net: Name=status_led_1
Added Pin To Net: NetName=status_led_2 Pin=J1-73
Added Pin To Net: NetName=status_led_2 Pin=J3-33
Added Net: Name=status_led_2
Added Pin To Net: NetName=status_led_3 Pin=J1-71
Added Pin To Net: NetName=status_led_3 Pin=J3-31
Added Net: Name=status_led_3
Added Pin To Net: NetName=SYS_CLK_MC1 Pin=J1-08
Added Pin To Net: NetName=SYS_CLK_MC1 Pin=J2-08
Added Net: Name=SYS_CLK_MC1
Added Pin To Net: NetName=SYS_CLK_MC2 Pin=J4-11
Added Pin To Net: NetName=SYS_CLK_MC2 Pin=J6-11
Added Net: Name=SYS_CLK_MC2
Added Pin To Net: NetName=VBAT Pin=J4-03
Added Pin To Net: NetName=VBAT Pin=J6-03
Added Net: Name=VBAT
Added Pin To Net: NetName=VCCO_MC1 Pin=J1-36
Added Pin To Net: NetName=VCCO_MC1 Pin=J1-56
Added Pin To Net: NetName=VCCO_MC1 Pin=J2-36
Added Pin To Net: NetName=VCCO_MC1 Pin=J3-16
Added Net: Name=VCCO_MC1
Added Pin To Net: NetName=VCCO_MC2 Pin=J4-35
Added Pin To Net: NetName=VCCO_MC2 Pin=J5-15
Added Pin To Net: NetName=VCCO_MC2 Pin=J6-35
Added Pin To Net: NetName=VCCO_MC2 Pin=J6-55
Added Net: Name=VCCO_MC2
Added Pin To Net: NetName=XADC_VN Pin=J1-10
Added Pin To Net: NetName=XADC_VN Pin=J2-10
Added Net: Name=XADC_VN
Added Pin To Net: NetName=XADC_VP Pin=J1-12
Added Pin To Net: NetName=XADC_VP Pin=J2-12
Added Net: Name=XADC_VP
Added Class: Name=A
Added Class: Name=B
Added Class: Name=C
Added Class: Name=D
Added Class: Name=E
Added Class: Name=F
Added Class: Name=G
Added Class: Name=H
Added Class: Name=U_FPGA
Added Class: Name=U_Onboard_IO
Added Differential Pair: Name=C\S\_A
Added Differential Pair: Name=C\S\_B
Added Differential Pair: Name=C\S\_C
Added Differential Pair: Name=C\S\_D
Added Differential Pair: Name=C\S\_E
Added Differential Pair: Name=C\S\_F
Added Differential Pair: Name=C\S\_G
Added Differential Pair: Name=C\S\_H
Added Differential Pair: Name=MISO1_A
Added Differential Pair: Name=MISO1_B
Added Differential Pair: Name=MISO1_C
Added Differential Pair: Name=MISO1_D
Added Differential Pair: Name=MISO1_E
Added Differential Pair: Name=MISO1_F
Added Differential Pair: Name=MISO1_G
Added Differential Pair: Name=MISO1_H
Added Differential Pair: Name=MISO2_A
Added Differential Pair: Name=MISO2_B
Added Differential Pair: Name=MISO2_C
Added Differential Pair: Name=MISO2_D
Added Differential Pair: Name=MISO2_E
Added Differential Pair: Name=MISO2_F
Added Differential Pair: Name=MISO2_G
Added Differential Pair: Name=MISO2_H
Added Differential Pair: Name=MOSI_A
Added Differential Pair: Name=MOSI_B
Added Differential Pair: Name=MOSI_C
Added Differential Pair: Name=MOSI_D
Added Differential Pair: Name=MOSI_E
Added Differential Pair: Name=MOSI_F
Added Differential Pair: Name=MOSI_G
Added Differential Pair: Name=MOSI_H
Added Differential Pair: Name=SCLK_A
Added Differential Pair: Name=SCLK_B
Added Differential Pair: Name=SCLK_C
Added Differential Pair: Name=SCLK_D
Added Differential Pair: Name=SCLK_E
Added Differential Pair: Name=SCLK_F
Added Differential Pair: Name=SCLK_G
Added Differential Pair: Name=SCLK_H
Added Class: Name=INTAN_Interface
