ISO-10303-21;
HEADER;
FILE_DESCRIPTION((''),'2;1');
FILE_NAME('C-2492104-6','2025-03-23T22:51:03',('workeradm'),(''),
'CREO PARAMETRIC BY PTC INC, 2024374','CREO PARAMETRIC BY PTC INC, 2024374','');
FILE_SCHEMA(('AUTOMOTIVE_DESIGN { 1 0 10303 214 1 1 1 1 }'));
ENDSEC;
DATA;
#14=DIRECTION('',(1.E0,0.E0,0.E0));
#15=VECTOR('',#14,2.E-1);
#16=CARTESIAN_POINT('',(1.15E0,8.3E-1,-4.15E0));
#17=LINE('',#16,#15);
#18=DIRECTION('',(1.E0,0.E0,0.E0));
#19=VECTOR('',#18,2.E-1);
#20=CARTESIAN_POINT('',(6.5E-1,8.3E-1,-4.15E0));
#21=LINE('',#20,#19);
#22=DIRECTION('',(1.E0,0.E0,0.E0));
#23=VECTOR('',#22,2.E-1);
#24=CARTESIAN_POINT('',(1.5E-1,8.3E-1,-4.15E0));
#25=LINE('',#24,#23);
#26=DIRECTION('',(1.E0,0.E0,0.E0));
#27=VECTOR('',#26,2.E-1);
#28=CARTESIAN_POINT('',(-3.5E-1,8.3E-1,-4.15E0));
#29=LINE('',#28,#27);
#30=DIRECTION('',(1.E0,0.E0,0.E0));
#31=VECTOR('',#30,2.E-1);
#32=CARTESIAN_POINT('',(-8.5E-1,8.3E-1,-4.15E0));
#33=LINE('',#32,#31);
#34=DIRECTION('',(1.E0,0.E0,0.E0));
#35=VECTOR('',#34,2.E-1);
#36=CARTESIAN_POINT('',(-1.35E0,8.3E-1,-4.15E0));
#37=LINE('',#36,#35);
#38=DIRECTION('',(7.071067811866E-1,7.071067811865E-1,0.E0));
#39=VECTOR('',#38,4.142135623731E-2);
#40=CARTESIAN_POINT('',(-3.35E0,6.164213562373E-1,-4.15E0));
#41=LINE('',#40,#39);
#42=CARTESIAN_POINT('',(-3.25E0,5.75E-1,-4.15E0));
#43=DIRECTION('',(0.E0,0.E0,-1.E0));
#44=DIRECTION('',(-7.071067811865E-1,7.071067811865E-1,0.E0));
#45=AXIS2_PLACEMENT_3D('',#42,#43,#44);
#47=DIRECTION('',(1.E0,0.E0,0.E0));
#48=VECTOR('',#47,9.001973534738E-1);
#49=CARTESIAN_POINT('',(-3.25E0,6.75E-1,-4.15E0));
#50=LINE('',#49,#48);
#51=CARTESIAN_POINT('',(-2.349802646526E0,4.75E-1,-4.15E0));
#52=DIRECTION('',(0.E0,0.E0,-1.E0));
#53=DIRECTION('',(0.E0,1.E0,0.E0));
#54=AXIS2_PLACEMENT_3D('',#51,#52,#53);
#56=CARTESIAN_POINT('',(-1.96E0,5.647435053981E-1,-4.15E0));
#57=DIRECTION('',(0.E0,0.E0,-1.E0));
#58=DIRECTION('',(-2.25E-1,-9.743587634953E-1,0.E0));
#59=AXIS2_PLACEMENT_3D('',#56,#57,#58);
#61=CARTESIAN_POINT('',(-2.05E0,1.75E-1,-4.15E0));
#62=DIRECTION('',(0.E0,0.E0,-1.E0));
#63=DIRECTION('',(2.25E-1,9.743587634953E-1,0.E0));
#64=AXIS2_PLACEMENT_3D('',#61,#62,#63);
#66=DIRECTION('',(0.E0,-1.E0,0.E0));
#67=VECTOR('',#66,3.5E-1);
#68=CARTESIAN_POINT('',(-1.85E0,1.75E-1,-4.15E0));
#69=LINE('',#68,#67);
#70=CARTESIAN_POINT('',(-2.05E0,-1.75E-1,-4.15E0));
#71=DIRECTION('',(0.E0,0.E0,-1.E0));
#72=DIRECTION('',(1.E0,1.706967900361E-14,0.E0));
#73=AXIS2_PLACEMENT_3D('',#70,#71,#72);
#75=CARTESIAN_POINT('',(-1.96E0,-5.647435053981E-1,-4.15E0));
#76=DIRECTION('',(0.E0,0.E0,-1.E0));
#77=DIRECTION('',(-9.745066163156E-1,2.243587634953E-1,0.E0));
#78=AXIS2_PLACEMENT_3D('',#75,#76,#77);
#80=CARTESIAN_POINT('',(-2.349802646526E0,-4.75E-1,-4.15E0));
#81=DIRECTION('',(0.E0,0.E0,-1.E0));
#82=DIRECTION('',(9.745066163156E-1,-2.243587634953E-1,0.E0));
#83=AXIS2_PLACEMENT_3D('',#80,#81,#82);
#85=DIRECTION('',(-1.E0,0.E0,0.E0));
#86=VECTOR('',#85,9.001973534738E-1);
#87=CARTESIAN_POINT('',(-2.349802646526E0,-6.75E-1,-4.15E0));
#88=LINE('',#87,#86);
#89=CARTESIAN_POINT('',(-3.25E0,-5.75E-1,-4.15E0));
#90=DIRECTION('',(0.E0,0.E0,-1.E0));
#91=DIRECTION('',(0.E0,-1.E0,0.E0));
#92=AXIS2_PLACEMENT_3D('',#89,#90,#91);
#94=DIRECTION('',(7.071067811866E-1,-7.071067811865E-1,0.E0));
#95=VECTOR('',#94,4.142135623731E-2);
#96=CARTESIAN_POINT('',(-3.35E0,-6.164213562373E-1,-4.15E0));
#97=LINE('',#96,#95);
#98=DIRECTION('',(0.E0,1.E0,0.E0));
#99=VECTOR('',#98,2.384005720554E-1);
#100=CARTESIAN_POINT('',(-1.35E0,-7.E-1,-4.15E0));
#101=LINE('',#100,#99);
#102=DIRECTION('',(-1.E0,0.E0,0.E0));
#103=VECTOR('',#102,2.E-1);
#104=CARTESIAN_POINT('',(-1.15E0,-4.615994279446E-1,-4.15E0));
#105=LINE('',#104,#103);
#106=DIRECTION('',(0.E0,1.E0,0.E0));
#107=VECTOR('',#106,2.384005720554E-1);
#108=CARTESIAN_POINT('',(-1.15E0,-7.E-1,-4.15E0));
#109=LINE('',#108,#107);
#110=DIRECTION('',(0.E0,1.E0,0.E0));
#111=VECTOR('',#110,2.384005720554E-1);
#112=CARTESIAN_POINT('',(-8.5E-1,-7.E-1,-4.15E0));
#113=LINE('',#112,#111);
#114=DIRECTION('',(-1.E0,0.E0,0.E0));
#115=VECTOR('',#114,2.E-1);
#116=CARTESIAN_POINT('',(-6.5E-1,-4.615994279446E-1,-4.15E0));
#117=LINE('',#116,#115);
#118=DIRECTION('',(0.E0,1.E0,0.E0));
#119=VECTOR('',#118,2.384005720554E-1);
#120=CARTESIAN_POINT('',(-6.5E-1,-7.E-1,-4.15E0));
#121=LINE('',#120,#119);
#122=DIRECTION('',(0.E0,1.E0,0.E0));
#123=VECTOR('',#122,2.384005720554E-1);
#124=CARTESIAN_POINT('',(-3.5E-1,-7.E-1,-4.15E0));
#125=LINE('',#124,#123);
#126=DIRECTION('',(-1.E0,0.E0,0.E0));
#127=VECTOR('',#126,2.E-1);
#128=CARTESIAN_POINT('',(-1.5E-1,-4.615994279446E-1,-4.15E0));
#129=LINE('',#128,#127);
#130=DIRECTION('',(0.E0,1.E0,0.E0));
#131=VECTOR('',#130,2.384005720554E-1);
#132=CARTESIAN_POINT('',(-1.5E-1,-7.E-1,-4.15E0));
#133=LINE('',#132,#131);
#134=DIRECTION('',(0.E0,1.E0,0.E0));
#135=VECTOR('',#134,2.384005720554E-1);
#136=CARTESIAN_POINT('',(1.5E-1,-7.E-1,-4.15E0));
#137=LINE('',#136,#135);
#138=DIRECTION('',(-1.E0,0.E0,0.E0));
#139=VECTOR('',#138,2.E-1);
#140=CARTESIAN_POINT('',(3.5E-1,-4.615994279446E-1,-4.15E0));
#141=LINE('',#140,#139);
#142=DIRECTION('',(0.E0,1.E0,0.E0));
#143=VECTOR('',#142,2.384005720554E-1);
#144=CARTESIAN_POINT('',(3.5E-1,-7.E-1,-4.15E0));
#145=LINE('',#144,#143);
#146=DIRECTION('',(0.E0,1.E0,0.E0));
#147=VECTOR('',#146,2.384005720554E-1);
#148=CARTESIAN_POINT('',(6.5E-1,-7.E-1,-4.15E0));
#149=LINE('',#148,#147);
#150=DIRECTION('',(-1.E0,0.E0,0.E0));
#151=VECTOR('',#150,2.E-1);
#152=CARTESIAN_POINT('',(8.5E-1,-4.615994279446E-1,-4.15E0));
#153=LINE('',#152,#151);
#154=DIRECTION('',(0.E0,1.E0,0.E0));
#155=VECTOR('',#154,2.384005720554E-1);
#156=CARTESIAN_POINT('',(8.5E-1,-7.E-1,-4.15E0));
#157=LINE('',#156,#155);
#158=DIRECTION('',(0.E0,1.E0,0.E0));
#159=VECTOR('',#158,2.384005720554E-1);
#160=CARTESIAN_POINT('',(1.15E0,-7.E-1,-4.15E0));
#161=LINE('',#160,#159);
#162=DIRECTION('',(-1.E0,0.E0,0.E0));
#163=VECTOR('',#162,2.E-1);
#164=CARTESIAN_POINT('',(1.35E0,-4.615994279446E-1,-4.15E0));
#165=LINE('',#164,#163);
#166=DIRECTION('',(0.E0,1.E0,0.E0));
#167=VECTOR('',#166,2.384005720554E-1);
#168=CARTESIAN_POINT('',(1.35E0,-7.E-1,-4.15E0));
#169=LINE('',#168,#167);
#170=DIRECTION('',(0.E0,-1.E0,0.E0));
#171=VECTOR('',#170,8.357864376269E-2);
#172=CARTESIAN_POINT('',(3.35E0,-6.164213562373E-1,-4.15E0));
#173=LINE('',#172,#171);
#174=DIRECTION('',(-7.071067811866E-1,-7.071067811865E-1,0.E0));
#175=VECTOR('',#174,4.142135623731E-2);
#176=CARTESIAN_POINT('',(3.35E0,-6.164213562373E-1,-4.15E0));
#177=LINE('',#176,#175);
#178=CARTESIAN_POINT('',(3.25E0,-5.75E-1,-4.15E0));
#179=DIRECTION('',(0.E0,0.E0,-1.E0));
#180=DIRECTION('',(7.071067811866E-1,-7.071067811865E-1,0.E0));
#181=AXIS2_PLACEMENT_3D('',#178,#179,#180);
#183=DIRECTION('',(-1.E0,0.E0,0.E0));
#184=VECTOR('',#183,9.001973534738E-1);
#185=CARTESIAN_POINT('',(3.25E0,-6.75E-1,-4.15E0));
#186=LINE('',#185,#184);
#187=CARTESIAN_POINT('',(2.349802646526E0,-4.75E-1,-4.15E0));
#188=DIRECTION('',(0.E0,0.E0,-1.E0));
#189=DIRECTION('',(0.E0,-1.E0,0.E0));
#190=AXIS2_PLACEMENT_3D('',#187,#188,#189);
#192=CARTESIAN_POINT('',(1.96E0,-5.647435053981E-1,-4.15E0));
#193=DIRECTION('',(0.E0,0.E0,-1.E0));
#194=DIRECTION('',(2.25E-1,9.743587634952E-1,0.E0));
#195=AXIS2_PLACEMENT_3D('',#192,#193,#194);
#197=CARTESIAN_POINT('',(2.05E0,-1.75E-1,-4.15E0));
#198=DIRECTION('',(0.E0,0.E0,-1.E0));
#199=DIRECTION('',(-2.25E-1,-9.743587634953E-1,0.E0));
#200=AXIS2_PLACEMENT_3D('',#197,#198,#199);
#202=DIRECTION('',(0.E0,1.E0,0.E0));
#203=VECTOR('',#202,3.5E-1);
#204=CARTESIAN_POINT('',(1.85E0,-1.75E-1,-4.15E0));
#205=LINE('',#204,#203);
#206=CARTESIAN_POINT('',(2.05E0,1.75E-1,-4.15E0));
#207=DIRECTION('',(0.E0,0.E0,-1.E0));
#208=DIRECTION('',(-1.E0,0.E0,0.E0));
#209=AXIS2_PLACEMENT_3D('',#206,#207,#208);
#211=CARTESIAN_POINT('',(1.96E0,5.647435053981E-1,-4.15E0));
#212=DIRECTION('',(0.E0,0.E0,-1.E0));
#213=DIRECTION('',(9.745066163156E-1,-2.243587634952E-1,0.E0));
#214=AXIS2_PLACEMENT_3D('',#211,#212,#213);
#216=CARTESIAN_POINT('',(2.349802646526E0,4.75E-1,-4.15E0));
#217=DIRECTION('',(0.E0,0.E0,-1.E0));
#218=DIRECTION('',(-9.745066163156E-1,2.243587634953E-1,0.E0));
#219=AXIS2_PLACEMENT_3D('',#216,#217,#218);
#221=DIRECTION('',(1.E0,0.E0,0.E0));
#222=VECTOR('',#221,9.001973534738E-1);
#223=CARTESIAN_POINT('',(2.349802646526E0,6.75E-1,-4.15E0));
#224=LINE('',#223,#222);
#225=CARTESIAN_POINT('',(3.25E0,5.75E-1,-4.15E0));
#226=DIRECTION('',(0.E0,0.E0,-1.E0));
#227=DIRECTION('',(0.E0,1.E0,0.E0));
#228=AXIS2_PLACEMENT_3D('',#225,#226,#227);
#230=DIRECTION('',(-7.071067811866E-1,7.071067811865E-1,0.E0));
#231=VECTOR('',#230,4.142135623731E-2);
#232=CARTESIAN_POINT('',(3.35E0,6.164213562373E-1,-4.15E0));
#233=LINE('',#232,#231);
#234=DIRECTION('',(0.E0,-1.E0,0.E0));
#235=VECTOR('',#234,8.357864376269E-2);
#236=CARTESIAN_POINT('',(3.35E0,7.E-1,-4.15E0));
#237=LINE('',#236,#235);
#238=DIRECTION('',(0.E0,0.E0,1.E0));
#239=VECTOR('',#238,5.E-2);
#240=CARTESIAN_POINT('',(-2.97E0,7.E-1,-1.3E0));
#241=LINE('',#240,#239);
#242=DIRECTION('',(-1.E0,0.E0,0.E0));
#243=VECTOR('',#242,3.8E-1);
#244=CARTESIAN_POINT('',(-2.97E0,7.E-1,-1.25E0));
#245=LINE('',#244,#243);
#246=DIRECTION('',(0.E0,0.E0,1.E0));
#247=VECTOR('',#246,5.E-2);
#248=CARTESIAN_POINT('',(-3.35E0,7.E-1,-1.3E0));
#249=LINE('',#248,#247);
#250=DIRECTION('',(0.E0,0.E0,-1.E0));
#251=VECTOR('',#250,5.E-2);
#252=CARTESIAN_POINT('',(2.97E0,7.E-1,-1.25E0));
#253=LINE('',#252,#251);
#254=DIRECTION('',(0.E0,0.E0,-1.E0));
#255=VECTOR('',#254,5.E-2);
#256=CARTESIAN_POINT('',(3.35E0,7.E-1,-1.25E0));
#257=LINE('',#256,#255);
#258=DIRECTION('',(-1.E0,0.E0,0.E0));
#259=VECTOR('',#258,3.8E-1);
#260=CARTESIAN_POINT('',(3.35E0,7.E-1,-1.25E0));
#261=LINE('',#260,#259);
#262=DIRECTION('',(0.E0,0.E0,1.E0));
#263=VECTOR('',#262,3.E-1);
#264=CARTESIAN_POINT('',(-1.35E0,7.E-1,-4.15E0));
#265=LINE('',#264,#263);
#266=DIRECTION('',(0.E0,0.E0,1.E0));
#267=VECTOR('',#266,2.6E0);
#268=CARTESIAN_POINT('',(-1.7E0,7.E-1,-3.85E0));
#269=LINE('',#268,#267);
#270=DIRECTION('',(-1.E0,0.E0,0.E0));
#271=VECTOR('',#270,2.5E-1);
#272=CARTESIAN_POINT('',(-1.7E0,7.E-1,-1.25E0));
#273=LINE('',#272,#271);
#274=DIRECTION('',(0.E0,0.E0,-1.E0));
#275=VECTOR('',#274,5.E-2);
#276=CARTESIAN_POINT('',(-1.95E0,7.E-1,-1.25E0));
#277=LINE('',#276,#275);
#278=CARTESIAN_POINT('',(-1.92E0,7.E-1,-1.5E0));
#279=DIRECTION('',(0.E0,1.E0,0.E0));
#280=DIRECTION('',(0.E0,0.E0,1.E0));
#281=AXIS2_PLACEMENT_3D('',#278,#279,#280);
#283=DIRECTION('',(0.E0,0.E0,-1.E0));
#284=VECTOR('',#283,3.5E-1);
#285=CARTESIAN_POINT('',(-1.72E0,7.E-1,-1.5E0));
#286=LINE('',#285,#284);
#287=DIRECTION('',(0.E0,0.E0,-1.E0));
#288=VECTOR('',#287,1.9E0);
#289=CARTESIAN_POINT('',(-1.702180148829E0,7.E-1,-1.85E0));
#290=LINE('',#289,#288);
#291=DIRECTION('',(0.E0,0.E0,-1.E0));
#292=VECTOR('',#291,1.E-1);
#293=CARTESIAN_POINT('',(-1.95E0,7.E-1,-3.75E0));
#294=LINE('',#293,#292);
#295=DIRECTION('',(-1.E0,0.E0,0.E0));
#296=VECTOR('',#295,2.49E-1);
#297=CARTESIAN_POINT('',(-1.95E0,7.E-1,-3.85E0));
#298=LINE('',#297,#296);
#299=DIRECTION('',(-1.E0,0.E0,0.E0));
#300=VECTOR('',#299,8.909452562225E-1);
#301=CARTESIAN_POINT('',(-2.299E0,7.E-1,-4.05E0));
#302=LINE('',#301,#300);
#303=CARTESIAN_POINT('',(-3.189945256222E0,7.E-1,-3.85E0));
#304=DIRECTION('',(0.E0,1.E0,0.E0));
#305=DIRECTION('',(0.E0,0.E0,-1.E0));
#306=AXIS2_PLACEMENT_3D('',#303,#304,#305);
#308=DIRECTION('',(-9.074770925238E-1,0.E0,4.201015669389E-1));
#309=VECTOR('',#308,7.497096174682E-2);
#310=CARTESIAN_POINT('',(-3.273965569610E0,7.E-1,-4.031495418505E0));
#311=LINE('',#310,#309);
#312=DIRECTION('',(1.E0,0.E0,0.E0));
#313=VECTOR('',#312,7.999999999998E-3);
#314=CARTESIAN_POINT('',(-3.35E0,7.E-1,-4.E0));
#315=LINE('',#314,#313);
#316=DIRECTION('',(0.E0,0.E0,1.E0));
#317=VECTOR('',#316,1.5E-1);
#318=CARTESIAN_POINT('',(-3.35E0,7.E-1,-4.15E0));
#319=LINE('',#318,#317);
#320=DIRECTION('',(1.E0,0.E0,0.E0));
#321=VECTOR('',#320,2.E0);
#322=CARTESIAN_POINT('',(-3.35E0,7.E-1,-4.15E0));
#323=LINE('',#322,#321);
#324=DIRECTION('',(0.E0,0.E0,1.E0));
#325=VECTOR('',#324,3.E-1);
#326=CARTESIAN_POINT('',(-8.5E-1,7.E-1,-4.15E0));
#327=LINE('',#326,#325);
#328=DIRECTION('',(0.E0,0.E0,1.E0));
#329=VECTOR('',#328,3.E-1);
#330=CARTESIAN_POINT('',(-1.15E0,7.E-1,-4.15E0));
#331=LINE('',#330,#329);
#332=DIRECTION('',(1.E0,0.E0,0.E0));
#333=VECTOR('',#332,3.E-1);
#334=CARTESIAN_POINT('',(-1.15E0,7.E-1,-4.15E0));
#335=LINE('',#334,#333);
#336=DIRECTION('',(0.E0,0.E0,1.E0));
#337=VECTOR('',#336,3.E-1);
#338=CARTESIAN_POINT('',(-3.5E-1,7.E-1,-4.15E0));
#339=LINE('',#338,#337);
#340=DIRECTION('',(0.E0,0.E0,1.E0));
#341=VECTOR('',#340,3.E-1);
#342=CARTESIAN_POINT('',(-6.5E-1,7.E-1,-4.15E0));
#343=LINE('',#342,#341);
#344=DIRECTION('',(1.E0,0.E0,0.E0));
#345=VECTOR('',#344,3.E-1);
#346=CARTESIAN_POINT('',(-6.5E-1,7.E-1,-4.15E0));
#347=LINE('',#346,#345);
#348=DIRECTION('',(0.E0,0.E0,1.E0));
#349=VECTOR('',#348,3.E-1);
#350=CARTESIAN_POINT('',(1.5E-1,7.E-1,-4.15E0));
#351=LINE('',#350,#349);
#352=DIRECTION('',(0.E0,0.E0,1.E0));
#353=VECTOR('',#352,3.E-1);
#354=CARTESIAN_POINT('',(-1.5E-1,7.E-1,-4.15E0));
#355=LINE('',#354,#353);
#356=DIRECTION('',(1.E0,0.E0,0.E0));
#357=VECTOR('',#356,3.E-1);
#358=CARTESIAN_POINT('',(-1.5E-1,7.E-1,-4.15E0));
#359=LINE('',#358,#357);
#360=DIRECTION('',(0.E0,0.E0,1.E0));
#361=VECTOR('',#360,3.E-1);
#362=CARTESIAN_POINT('',(6.5E-1,7.E-1,-4.15E0));
#363=LINE('',#362,#361);
#364=DIRECTION('',(0.E0,0.E0,1.E0));
#365=VECTOR('',#364,3.E-1);
#366=CARTESIAN_POINT('',(3.5E-1,7.E-1,-4.15E0));
#367=LINE('',#366,#365);
#368=DIRECTION('',(1.E0,0.E0,0.E0));
#369=VECTOR('',#368,3.E-1);
#370=CARTESIAN_POINT('',(3.5E-1,7.E-1,-4.15E0));
#371=LINE('',#370,#369);
#372=DIRECTION('',(0.E0,0.E0,1.E0));
#373=VECTOR('',#372,3.E-1);
#374=CARTESIAN_POINT('',(1.15E0,7.E-1,-4.15E0));
#375=LINE('',#374,#373);
#376=DIRECTION('',(0.E0,0.E0,1.E0));
#377=VECTOR('',#376,3.E-1);
#378=CARTESIAN_POINT('',(8.5E-1,7.E-1,-4.15E0));
#379=LINE('',#378,#377);
#380=DIRECTION('',(1.E0,0.E0,0.E0));
#381=VECTOR('',#380,3.E-1);
#382=CARTESIAN_POINT('',(8.5E-1,7.E-1,-4.15E0));
#383=LINE('',#382,#381);
#384=DIRECTION('',(0.E0,0.E0,1.E0));
#385=VECTOR('',#384,3.E-1);
#386=CARTESIAN_POINT('',(1.35E0,7.E-1,-4.15E0));
#387=LINE('',#386,#385);
#388=DIRECTION('',(1.E0,0.E0,0.E0));
#389=VECTOR('',#388,2.E0);
#390=CARTESIAN_POINT('',(1.35E0,7.E-1,-4.15E0));
#391=LINE('',#390,#389);
#392=DIRECTION('',(0.E0,0.E0,-1.E0));
#393=VECTOR('',#392,1.5E-1);
#394=CARTESIAN_POINT('',(3.35E0,7.E-1,-4.E0));
#395=LINE('',#394,#393);
#396=DIRECTION('',(1.E0,0.E0,0.E0));
#397=VECTOR('',#396,8.E-3);
#398=CARTESIAN_POINT('',(3.342E0,7.E-1,-4.E0));
#399=LINE('',#398,#397);
#400=DIRECTION('',(-9.074770925238E-1,0.E0,-4.201015669389E-1));
#401=VECTOR('',#400,7.497096174682E-2);
#402=CARTESIAN_POINT('',(3.342E0,7.E-1,-4.E0));
#403=LINE('',#402,#401);
#404=CARTESIAN_POINT('',(3.189945256222E0,7.E-1,-3.85E0));
#405=DIRECTION('',(0.E0,1.E0,0.E0));
#406=DIRECTION('',(4.201015669389E-1,0.E0,-9.074770925238E-1));
#407=AXIS2_PLACEMENT_3D('',#404,#405,#406);
#409=DIRECTION('',(-1.E0,0.E0,0.E0));
#410=VECTOR('',#409,8.909452562225E-1);
#411=CARTESIAN_POINT('',(3.189945256222E0,7.E-1,-4.05E0));
#412=LINE('',#411,#410);
#413=DIRECTION('',(-1.E0,0.E0,0.E0));
#414=VECTOR('',#413,2.49E-1);
#415=CARTESIAN_POINT('',(2.199E0,7.E-1,-3.85E0));
#416=LINE('',#415,#414);
#417=DIRECTION('',(0.E0,0.E0,-1.E0));
#418=VECTOR('',#417,1.E-1);
#419=CARTESIAN_POINT('',(1.95E0,7.E-1,-3.75E0));
#420=LINE('',#419,#418);
#421=DIRECTION('',(0.E0,0.E0,-1.E0));
#422=VECTOR('',#421,1.9E0);
#423=CARTESIAN_POINT('',(1.702180148829E0,7.E-1,-1.85E0));
#424=LINE('',#423,#422);
#425=DIRECTION('',(0.E0,0.E0,1.E0));
#426=VECTOR('',#425,3.5E-1);
#427=CARTESIAN_POINT('',(1.72E0,7.E-1,-1.85E0));
#428=LINE('',#427,#426);
#429=CARTESIAN_POINT('',(1.92E0,7.E-1,-1.5E0));
#430=DIRECTION('',(0.E0,1.E0,0.E0));
#431=DIRECTION('',(-1.E0,0.E0,0.E0));
#432=AXIS2_PLACEMENT_3D('',#429,#430,#431);
#434=DIRECTION('',(0.E0,0.E0,-1.E0));
#435=VECTOR('',#434,5.E-2);
#436=CARTESIAN_POINT('',(1.95E0,7.E-1,-1.25E0));
#437=LINE('',#436,#435);
#438=DIRECTION('',(-1.E0,0.E0,0.E0));
#439=VECTOR('',#438,2.5E-1);
#440=CARTESIAN_POINT('',(1.95E0,7.E-1,-1.25E0));
#441=LINE('',#440,#439);
#442=DIRECTION('',(0.E0,0.E0,-1.E0));
#443=VECTOR('',#442,2.6E0);
#444=CARTESIAN_POINT('',(1.7E0,7.E-1,-1.25E0));
#445=LINE('',#444,#443);
#446=DIRECTION('',(1.E0,0.E0,0.E0));
#447=VECTOR('',#446,9.6E-2);
#448=CARTESIAN_POINT('',(-3.446E0,-4.75E-1,-1.3E0));
#449=LINE('',#448,#447);
#450=DIRECTION('',(1.E0,0.E0,0.E0));
#451=VECTOR('',#450,3.8E-1);
#452=CARTESIAN_POINT('',(-3.35E0,-7.E-1,-1.3E0));
#453=LINE('',#452,#451);
#454=DIRECTION('',(0.E0,-1.E0,0.E0));
#455=VECTOR('',#454,8.5E-2);
#456=CARTESIAN_POINT('',(-2.97E0,-7.E-1,-1.3E0));
#457=LINE('',#456,#455);
#458=DIRECTION('',(1.E0,0.E0,0.E0));
#459=VECTOR('',#458,1.02E0);
#460=CARTESIAN_POINT('',(-2.97E0,-7.85E-1,-1.3E0));
#461=LINE('',#460,#459);
#462=DIRECTION('',(0.E0,-1.E0,0.E0));
#463=VECTOR('',#462,8.5E-2);
#464=CARTESIAN_POINT('',(-1.95E0,-7.E-1,-1.3E0));
#465=LINE('',#464,#463);
#466=DIRECTION('',(1.E0,0.E0,0.E0));
#467=VECTOR('',#466,3.E-2);
#468=CARTESIAN_POINT('',(-1.95E0,-7.E-1,-1.3E0));
#469=LINE('',#468,#467);
#470=DIRECTION('',(-1.E0,0.E0,0.E0));
#471=VECTOR('',#470,1.58E0);
#472=CARTESIAN_POINT('',(-1.92E0,-9.85E-1,-1.3E0));
#473=LINE('',#472,#471);
#474=CARTESIAN_POINT('',(-3.5E0,-7.35E-1,-1.3E0));
#475=DIRECTION('',(0.E0,0.E0,-1.E0));
#476=DIRECTION('',(0.E0,-1.E0,0.E0));
#477=AXIS2_PLACEMENT_3D('',#474,#475,#476);
#479=DIRECTION('',(0.E0,1.E0,0.E0));
#480=VECTOR('',#479,1.47E0);
#481=CARTESIAN_POINT('',(-3.75E0,-7.35E-1,-1.3E0));
#482=LINE('',#481,#480);
#483=CARTESIAN_POINT('',(-3.5E0,7.35E-1,-1.3E0));
#484=DIRECTION('',(0.E0,0.E0,-1.E0));
#485=DIRECTION('',(-1.E0,0.E0,0.E0));
#486=AXIS2_PLACEMENT_3D('',#483,#484,#485);
#488=DIRECTION('',(1.E0,0.E0,0.E0));
#489=VECTOR('',#488,1.58E0);
#490=CARTESIAN_POINT('',(-3.5E0,9.85E-1,-1.3E0));
#491=LINE('',#490,#489);
#492=DIRECTION('',(-1.E0,0.E0,0.E0));
#493=VECTOR('',#492,3.E-2);
#494=CARTESIAN_POINT('',(-1.92E0,7.E-1,-1.3E0));
#495=LINE('',#494,#493);
#496=DIRECTION('',(0.E0,1.E0,0.E0));
#497=VECTOR('',#496,8.5E-2);
#498=CARTESIAN_POINT('',(-1.95E0,7.E-1,-1.3E0));
#499=LINE('',#498,#497);
#500=DIRECTION('',(1.E0,0.E0,0.E0));
#501=VECTOR('',#500,1.02E0);
#502=CARTESIAN_POINT('',(-2.97E0,7.85E-1,-1.3E0));
#503=LINE('',#502,#501);
#504=DIRECTION('',(0.E0,1.E0,0.E0));
#505=VECTOR('',#504,8.5E-2);
#506=CARTESIAN_POINT('',(-2.97E0,7.E-1,-1.3E0));
#507=LINE('',#506,#505);
#508=DIRECTION('',(-1.E0,0.E0,0.E0));
#509=VECTOR('',#508,3.8E-1);
#510=CARTESIAN_POINT('',(-2.97E0,7.E-1,-1.3E0));
#511=LINE('',#510,#509);
#512=DIRECTION('',(1.E0,0.E0,0.E0));
#513=VECTOR('',#512,9.6E-2);
#514=CARTESIAN_POINT('',(-3.446E0,4.75E-1,-1.3E0));
#515=LINE('',#514,#513);
#516=DIRECTION('',(0.E0,1.E0,0.E0));
#517=VECTOR('',#516,9.5E-1);
#518=CARTESIAN_POINT('',(-3.446E0,-4.75E-1,-1.3E0));
#519=LINE('',#518,#517);
#520=DIRECTION('',(1.E0,0.E0,0.E0));
#521=VECTOR('',#520,9.6E-2);
#522=CARTESIAN_POINT('',(3.35E0,-4.75E-1,-1.3E0));
#523=LINE('',#522,#521);
#524=DIRECTION('',(0.E0,1.E0,0.E0));
#525=VECTOR('',#524,9.5E-1);
#526=CARTESIAN_POINT('',(3.446E0,-4.75E-1,-1.3E0));
#527=LINE('',#526,#525);
#528=DIRECTION('',(1.E0,0.E0,0.E0));
#529=VECTOR('',#528,9.6E-2);
#530=CARTESIAN_POINT('',(3.35E0,4.75E-1,-1.3E0));
#531=LINE('',#530,#529);
#532=DIRECTION('',(-1.E0,0.E0,0.E0));
#533=VECTOR('',#532,3.8E-1);
#534=CARTESIAN_POINT('',(3.35E0,7.E-1,-1.3E0));
#535=LINE('',#534,#533);
#536=DIRECTION('',(0.E0,1.E0,0.E0));
#537=VECTOR('',#536,8.5E-2);
#538=CARTESIAN_POINT('',(2.97E0,7.E-1,-1.3E0));
#539=LINE('',#538,#537);
#540=DIRECTION('',(1.E0,0.E0,0.E0));
#541=VECTOR('',#540,1.02E0);
#542=CARTESIAN_POINT('',(1.95E0,7.85E-1,-1.3E0));
#543=LINE('',#542,#541);
#544=DIRECTION('',(0.E0,1.E0,0.E0));
#545=VECTOR('',#544,8.5E-2);
#546=CARTESIAN_POINT('',(1.95E0,7.E-1,-1.3E0));
#547=LINE('',#546,#545);
#548=DIRECTION('',(-1.E0,0.E0,0.E0));
#549=VECTOR('',#548,3.E-2);
#550=CARTESIAN_POINT('',(1.95E0,7.E-1,-1.3E0));
#551=LINE('',#550,#549);
#552=DIRECTION('',(0.E0,-1.E0,0.E0));
#553=VECTOR('',#552,2.85E-1);
#554=CARTESIAN_POINT('',(1.92E0,9.85E-1,-1.3E0));
#555=LINE('',#554,#553);
#556=DIRECTION('',(1.E0,0.E0,0.E0));
#557=VECTOR('',#556,1.58E0);
#558=CARTESIAN_POINT('',(1.92E0,9.85E-1,-1.3E0));
#559=LINE('',#558,#557);
#560=CARTESIAN_POINT('',(3.5E0,7.35E-1,-1.3E0));
#561=DIRECTION('',(0.E0,0.E0,-1.E0));
#562=DIRECTION('',(0.E0,1.E0,0.E0));
#563=AXIS2_PLACEMENT_3D('',#560,#561,#562);
#565=DIRECTION('',(0.E0,-1.E0,0.E0));
#566=VECTOR('',#565,1.47E0);
#567=CARTESIAN_POINT('',(3.75E0,7.35E-1,-1.3E0));
#568=LINE('',#567,#566);
#569=CARTESIAN_POINT('',(3.5E0,-7.35E-1,-1.3E0));
#570=DIRECTION('',(0.E0,0.E0,-1.E0));
#571=DIRECTION('',(1.E0,0.E0,0.E0));
#572=AXIS2_PLACEMENT_3D('',#569,#570,#571);
#574=DIRECTION('',(-1.E0,0.E0,0.E0));
#575=VECTOR('',#574,1.58E0);
#576=CARTESIAN_POINT('',(3.5E0,-9.85E-1,-1.3E0));
#577=LINE('',#576,#575);
#578=DIRECTION('',(0.E0,1.E0,0.E0));
#579=VECTOR('',#578,2.85E-1);
#580=CARTESIAN_POINT('',(1.92E0,-9.85E-1,-1.3E0));
#581=LINE('',#580,#579);
#582=DIRECTION('',(1.E0,0.E0,0.E0));
#583=VECTOR('',#582,3.E-2);
#584=CARTESIAN_POINT('',(1.92E0,-7.E-1,-1.3E0));
#585=LINE('',#584,#583);
#586=DIRECTION('',(0.E0,-1.E0,0.E0));
#587=VECTOR('',#586,8.5E-2);
#588=CARTESIAN_POINT('',(1.95E0,-7.E-1,-1.3E0));
#589=LINE('',#588,#587);
#590=DIRECTION('',(1.E0,0.E0,0.E0));
#591=VECTOR('',#590,1.02E0);
#592=CARTESIAN_POINT('',(1.95E0,-7.85E-1,-1.3E0));
#593=LINE('',#592,#591);
#594=DIRECTION('',(0.E0,-1.E0,0.E0));
#595=VECTOR('',#594,8.5E-2);
#596=CARTESIAN_POINT('',(2.97E0,-7.E-1,-1.3E0));
#597=LINE('',#596,#595);
#598=DIRECTION('',(1.E0,0.E0,0.E0));
#599=VECTOR('',#598,3.8E-1);
#600=CARTESIAN_POINT('',(2.97E0,-7.E-1,-1.3E0));
#601=LINE('',#600,#599);
#602=DIRECTION('',(-7.974522228288E-2,0.E0,9.968152785361E-1));
#603=VECTOR('',#602,5.015974481594E-2);
#604=CARTESIAN_POINT('',(-3.446E0,-4.75E-1,-1.3E0));
#605=LINE('',#604,#603);
#606=DIRECTION('',(-7.974522228288E-2,0.E0,-9.968152785361E-1));
#607=VECTOR('',#606,5.015974481594E-2);
#608=CARTESIAN_POINT('',(3.45E0,-4.75E-1,-1.25E0));
#609=LINE('',#608,#607);
#610=DIRECTION('',(1.E0,0.E0,0.E0));
#611=VECTOR('',#610,1.E-1);
#612=CARTESIAN_POINT('',(-3.45E0,-4.75E-1,-1.25E0));
#613=LINE('',#612,#611);
#614=DIRECTION('',(0.E0,1.E0,0.E0));
#615=VECTOR('',#614,9.5E-1);
#616=CARTESIAN_POINT('',(-3.45E0,-4.75E-1,-1.25E0));
#617=LINE('',#616,#615);
#618=DIRECTION('',(1.E0,0.E0,0.E0));
#619=VECTOR('',#618,1.E-1);
#620=CARTESIAN_POINT('',(-3.45E0,4.75E-1,-1.25E0));
#621=LINE('',#620,#619);
#622=DIRECTION('',(0.E0,1.E0,0.E0));
#623=VECTOR('',#622,2.25E-1);
#624=CARTESIAN_POINT('',(-3.35E0,4.75E-1,-1.25E0));
#625=LINE('',#624,#623);
#626=DIRECTION('',(0.E0,1.E0,0.E0));
#627=VECTOR('',#626,8.5E-2);
#628=CARTESIAN_POINT('',(-2.97E0,7.E-1,-1.25E0));
#629=LINE('',#628,#627);
#630=DIRECTION('',(1.E0,0.E0,0.E0));
#631=VECTOR('',#630,1.02E0);
#632=CARTESIAN_POINT('',(-2.97E0,7.85E-1,-1.25E0));
#633=LINE('',#632,#631);
#634=DIRECTION('',(0.E0,1.E0,0.E0));
#635=VECTOR('',#634,8.5E-2);
#636=CARTESIAN_POINT('',(-1.95E0,7.E-1,-1.25E0));
#637=LINE('',#636,#635);
#638=DIRECTION('',(0.E0,1.E0,0.E0));
#639=VECTOR('',#638,2.E-1);
#640=CARTESIAN_POINT('',(-1.7E0,7.E-1,-1.25E0));
#641=LINE('',#640,#639);
#642=DIRECTION('',(1.E0,0.E0,0.E0));
#643=VECTOR('',#642,2.6E0);
#644=CARTESIAN_POINT('',(-4.3E0,9.E-1,-1.25E0));
#645=LINE('',#644,#643);
#646=DIRECTION('',(0.E0,1.E0,0.E0));
#647=VECTOR('',#646,1.8E0);
#648=CARTESIAN_POINT('',(-4.3E0,-9.E-1,-1.25E0));
#649=LINE('',#648,#647);
#650=DIRECTION('',(-1.E0,0.E0,0.E0));
#651=VECTOR('',#650,2.45E0);
#652=CARTESIAN_POINT('',(-1.85E0,-9.E-1,-1.25E0));
#653=LINE('',#652,#651);
#654=DIRECTION('',(0.E0,1.E0,0.E0));
#655=VECTOR('',#654,2.E-1);
#656=CARTESIAN_POINT('',(-1.85E0,-9.E-1,-1.25E0));
#657=LINE('',#656,#655);
#658=DIRECTION('',(1.E0,0.E0,0.E0));
#659=VECTOR('',#658,1.E-1);
#660=CARTESIAN_POINT('',(-1.95E0,-7.E-1,-1.25E0));
#661=LINE('',#660,#659);
#662=DIRECTION('',(0.E0,-1.E0,0.E0));
#663=VECTOR('',#662,8.5E-2);
#664=CARTESIAN_POINT('',(-1.95E0,-7.E-1,-1.25E0));
#665=LINE('',#664,#663);
#666=DIRECTION('',(1.E0,0.E0,0.E0));
#667=VECTOR('',#666,1.02E0);
#668=CARTESIAN_POINT('',(-2.97E0,-7.85E-1,-1.25E0));
#669=LINE('',#668,#667);
#670=DIRECTION('',(0.E0,-1.E0,0.E0));
#671=VECTOR('',#670,8.5E-2);
#672=CARTESIAN_POINT('',(-2.97E0,-7.E-1,-1.25E0));
#673=LINE('',#672,#671);
#674=DIRECTION('',(1.E0,0.E0,0.E0));
#675=VECTOR('',#674,3.8E-1);
#676=CARTESIAN_POINT('',(-3.35E0,-7.E-1,-1.25E0));
#677=LINE('',#676,#675);
#678=DIRECTION('',(0.E0,1.E0,0.E0));
#679=VECTOR('',#678,2.25E-1);
#680=CARTESIAN_POINT('',(-3.35E0,-7.E-1,-1.25E0));
#681=LINE('',#680,#679);
#682=DIRECTION('',(1.E0,0.E0,0.E0));
#683=VECTOR('',#682,1.E-1);
#684=CARTESIAN_POINT('',(3.35E0,-4.75E-1,-1.25E0));
#685=LINE('',#684,#683);
#686=DIRECTION('',(0.E0,1.E0,0.E0));
#687=VECTOR('',#686,2.25E-1);
#688=CARTESIAN_POINT('',(3.35E0,-7.E-1,-1.25E0));
#689=LINE('',#688,#687);
#690=DIRECTION('',(1.E0,0.E0,0.E0));
#691=VECTOR('',#690,3.8E-1);
#692=CARTESIAN_POINT('',(2.97E0,-7.E-1,-1.25E0));
#693=LINE('',#692,#691);
#694=DIRECTION('',(0.E0,-1.E0,0.E0));
#695=VECTOR('',#694,8.5E-2);
#696=CARTESIAN_POINT('',(2.97E0,-7.E-1,-1.25E0));
#697=LINE('',#696,#695);
#698=DIRECTION('',(1.E0,0.E0,0.E0));
#699=VECTOR('',#698,1.02E0);
#700=CARTESIAN_POINT('',(1.95E0,-7.85E-1,-1.25E0));
#701=LINE('',#700,#699);
#702=DIRECTION('',(0.E0,-1.E0,0.E0));
#703=VECTOR('',#702,8.5E-2);
#704=CARTESIAN_POINT('',(1.95E0,-7.E-1,-1.25E0));
#705=LINE('',#704,#703);
#706=DIRECTION('',(1.E0,0.E0,0.E0));
#707=VECTOR('',#706,1.E-1);
#708=CARTESIAN_POINT('',(1.85E0,-7.E-1,-1.25E0));
#709=LINE('',#708,#707);
#710=DIRECTION('',(0.E0,1.E0,0.E0));
#711=VECTOR('',#710,2.E-1);
#712=CARTESIAN_POINT('',(1.85E0,-9.E-1,-1.25E0));
#713=LINE('',#712,#711);
#714=DIRECTION('',(-1.E0,0.E0,0.E0));
#715=VECTOR('',#714,2.45E0);
#716=CARTESIAN_POINT('',(4.3E0,-9.E-1,-1.25E0));
#717=LINE('',#716,#715);
#718=DIRECTION('',(0.E0,-1.E0,0.E0));
#719=VECTOR('',#718,1.8E0);
#720=CARTESIAN_POINT('',(4.3E0,9.E-1,-1.25E0));
#721=LINE('',#720,#719);
#722=DIRECTION('',(1.E0,0.E0,0.E0));
#723=VECTOR('',#722,2.6E0);
#724=CARTESIAN_POINT('',(1.7E0,9.E-1,-1.25E0));
#725=LINE('',#724,#723);
#726=DIRECTION('',(0.E0,1.E0,0.E0));
#727=VECTOR('',#726,2.E-1);
#728=CARTESIAN_POINT('',(1.7E0,7.E-1,-1.25E0));
#729=LINE('',#728,#727);
#730=DIRECTION('',(0.E0,1.E0,0.E0));
#731=VECTOR('',#730,8.5E-2);
#732=CARTESIAN_POINT('',(1.95E0,7.E-1,-1.25E0));
#733=LINE('',#732,#731);
#734=DIRECTION('',(1.E0,0.E0,0.E0));
#735=VECTOR('',#734,1.02E0);
#736=CARTESIAN_POINT('',(1.95E0,7.85E-1,-1.25E0));
#737=LINE('',#736,#735);
#738=DIRECTION('',(0.E0,1.E0,0.E0));
#739=VECTOR('',#738,8.5E-2);
#740=CARTESIAN_POINT('',(2.97E0,7.E-1,-1.25E0));
#741=LINE('',#740,#739);
#742=DIRECTION('',(0.E0,1.E0,0.E0));
#743=VECTOR('',#742,2.25E-1);
#744=CARTESIAN_POINT('',(3.35E0,4.75E-1,-1.25E0));
#745=LINE('',#744,#743);
#746=DIRECTION('',(1.E0,0.E0,0.E0));
#747=VECTOR('',#746,1.E-1);
#748=CARTESIAN_POINT('',(3.35E0,4.75E-1,-1.25E0));
#749=LINE('',#748,#747);
#750=DIRECTION('',(0.E0,1.E0,0.E0));
#751=VECTOR('',#750,9.5E-1);
#752=CARTESIAN_POINT('',(3.45E0,-4.75E-1,-1.25E0));
#753=LINE('',#752,#751);
#754=DIRECTION('',(-7.974522228288E-2,0.E0,9.968152785361E-1));
#755=VECTOR('',#754,5.015974481594E-2);
#756=CARTESIAN_POINT('',(-3.446E0,4.75E-1,-1.3E0));
#757=LINE('',#756,#755);
#758=DIRECTION('',(-7.974522228288E-2,0.E0,-9.968152785361E-1));
#759=VECTOR('',#758,5.015974481594E-2);
#760=CARTESIAN_POINT('',(3.45E0,4.75E-1,-1.25E0));
#761=LINE('',#760,#759);
#762=DIRECTION('',(0.E0,0.E0,-1.E0));
#763=VECTOR('',#762,5.E-2);
#764=CARTESIAN_POINT('',(-3.35E0,-4.75E-1,-1.25E0));
#765=LINE('',#764,#763);
#766=DIRECTION('',(0.E0,1.E0,0.E0));
#767=VECTOR('',#766,2.25E-1);
#768=CARTESIAN_POINT('',(-3.35E0,-7.E-1,-1.3E0));
#769=LINE('',#768,#767);
#770=DIRECTION('',(0.E0,0.E0,-1.E0));
#771=VECTOR('',#770,5.E-2);
#772=CARTESIAN_POINT('',(-3.35E0,4.75E-1,-1.25E0));
#773=LINE('',#772,#771);
#774=DIRECTION('',(0.E0,1.E0,0.E0));
#775=VECTOR('',#774,2.25E-1);
#776=CARTESIAN_POINT('',(-3.35E0,4.75E-1,-1.3E0));
#777=LINE('',#776,#775);
#778=DIRECTION('',(0.E0,-1.E0,0.E0));
#779=VECTOR('',#778,8.357864376269E-2);
#780=CARTESIAN_POINT('',(-3.35E0,7.E-1,-4.15E0));
#781=LINE('',#780,#779);
#782=DIRECTION('',(0.E0,1.E0,0.E0));
#783=VECTOR('',#782,8.357864376269E-2);
#784=CARTESIAN_POINT('',(-3.35E0,6.164213562373E-1,-4.E0));
#785=LINE('',#784,#783);
#786=DIRECTION('',(0.E0,0.E0,1.E0));
#787=VECTOR('',#786,1.5E-1);
#788=CARTESIAN_POINT('',(-3.35E0,6.164213562373E-1,-4.15E0));
#789=LINE('',#788,#787);
#790=DIRECTION('',(0.E0,-1.E0,0.E0));
#791=VECTOR('',#790,8.357864376269E-2);
#792=CARTESIAN_POINT('',(-3.35E0,-6.164213562373E-1,-4.15E0));
#793=LINE('',#792,#791);
#794=DIRECTION('',(0.E0,0.E0,1.E0));
#795=VECTOR('',#794,1.5E-1);
#796=CARTESIAN_POINT('',(-3.35E0,-6.164213562373E-1,-4.15E0));
#797=LINE('',#796,#795);
#798=DIRECTION('',(0.E0,1.E0,0.E0));
#799=VECTOR('',#798,8.357864376269E-2);
#800=CARTESIAN_POINT('',(-3.35E0,-7.E-1,-4.E0));
#801=LINE('',#800,#799);
#802=DIRECTION('',(0.E0,0.E0,-1.E0));
#803=VECTOR('',#802,5.E-2);
#804=CARTESIAN_POINT('',(-2.97E0,-7.E-1,-1.25E0));
#805=LINE('',#804,#803);
#806=DIRECTION('',(0.E0,0.E0,1.E0));
#807=VECTOR('',#806,5.E-2);
#808=CARTESIAN_POINT('',(-3.35E0,-7.E-1,-1.3E0));
#809=LINE('',#808,#807);
#810=DIRECTION('',(0.E0,0.E0,-1.E0));
#811=VECTOR('',#810,5.E-2);
#812=CARTESIAN_POINT('',(2.97E0,-7.E-1,-1.25E0));
#813=LINE('',#812,#811);
#814=DIRECTION('',(0.E0,0.E0,-1.E0));
#815=VECTOR('',#814,5.E-2);
#816=CARTESIAN_POINT('',(3.35E0,-7.E-1,-1.25E0));
#817=LINE('',#816,#815);
#818=DIRECTION('',(0.E0,0.E0,-1.E0));
#819=VECTOR('',#818,3.E-1);
#820=CARTESIAN_POINT('',(-1.35E0,-7.E-1,-3.85E0));
#821=LINE('',#820,#819);
#822=DIRECTION('',(-1.E0,0.E0,0.E0));
#823=VECTOR('',#822,2.E0);
#824=CARTESIAN_POINT('',(-1.35E0,-7.E-1,-4.15E0));
#825=LINE('',#824,#823);
#826=DIRECTION('',(0.E0,0.E0,1.E0));
#827=VECTOR('',#826,1.5E-1);
#828=CARTESIAN_POINT('',(-3.35E0,-7.E-1,-4.15E0));
#829=LINE('',#828,#827);
#830=DIRECTION('',(1.E0,0.E0,0.E0));
#831=VECTOR('',#830,7.999999999998E-3);
#832=CARTESIAN_POINT('',(-3.35E0,-7.E-1,-4.E0));
#833=LINE('',#832,#831);
#834=DIRECTION('',(-9.074770925238E-1,0.E0,4.201015669389E-1));
#835=VECTOR('',#834,7.497096174682E-2);
#836=CARTESIAN_POINT('',(-3.273965569610E0,-7.E-1,-4.031495418505E0));
#837=LINE('',#836,#835);
#838=CARTESIAN_POINT('',(-3.189945256222E0,-7.E-1,-3.85E0));
#839=DIRECTION('',(0.E0,1.E0,0.E0));
#840=DIRECTION('',(0.E0,0.E0,-1.E0));
#841=AXIS2_PLACEMENT_3D('',#838,#839,#840);
#843=DIRECTION('',(-1.E0,0.E0,0.E0));
#844=VECTOR('',#843,8.909452562225E-1);
#845=CARTESIAN_POINT('',(-2.299E0,-7.E-1,-4.05E0));
#846=LINE('',#845,#844);
#847=DIRECTION('',(-1.E0,0.E0,0.E0));
#848=VECTOR('',#847,2.49E-1);
#849=CARTESIAN_POINT('',(-1.95E0,-7.E-1,-3.85E0));
#850=LINE('',#849,#848);
#851=DIRECTION('',(0.E0,0.E0,-1.E0));
#852=VECTOR('',#851,1.E-1);
#853=CARTESIAN_POINT('',(-1.95E0,-7.E-1,-3.75E0));
#854=LINE('',#853,#852);
#855=DIRECTION('',(0.E0,0.E0,-1.E0));
#856=VECTOR('',#855,1.9E0);
#857=CARTESIAN_POINT('',(-1.703985600994E0,-7.E-1,-1.85E0));
#858=LINE('',#857,#856);
#859=DIRECTION('',(0.E0,0.E0,-1.E0));
#860=VECTOR('',#859,3.5E-1);
#861=CARTESIAN_POINT('',(-1.72E0,-7.E-1,-1.5E0));
#862=LINE('',#861,#860);
#863=CARTESIAN_POINT('',(-1.92E0,-7.E-1,-1.5E0));
#864=DIRECTION('',(0.E0,1.E0,0.E0));
#865=DIRECTION('',(0.E0,0.E0,1.E0));
#866=AXIS2_PLACEMENT_3D('',#863,#864,#865);
#868=DIRECTION('',(0.E0,0.E0,-1.E0));
#869=VECTOR('',#868,5.E-2);
#870=CARTESIAN_POINT('',(-1.95E0,-7.E-1,-1.25E0));
#871=LINE('',#870,#869);
#872=DIRECTION('',(1.E0,0.E0,0.E0));
#873=VECTOR('',#872,1.5E-1);
#874=CARTESIAN_POINT('',(-1.85E0,-7.E-1,-1.25E0));
#875=LINE('',#874,#873);
#876=DIRECTION('',(0.E0,0.E0,-1.E0));
#877=VECTOR('',#876,2.6E0);
#878=CARTESIAN_POINT('',(-1.7E0,-7.E-1,-1.25E0));
#879=LINE('',#878,#877);
#880=DIRECTION('',(-1.E0,0.E0,0.E0));
#881=VECTOR('',#880,3.5E-1);
#882=CARTESIAN_POINT('',(-1.35E0,-7.E-1,-3.85E0));
#883=LINE('',#882,#881);
#884=DIRECTION('',(0.E0,0.E0,-1.E0));
#885=VECTOR('',#884,3.E-1);
#886=CARTESIAN_POINT('',(-8.5E-1,-7.E-1,-3.85E0));
#887=LINE('',#886,#885);
#888=DIRECTION('',(-1.E0,0.E0,0.E0));
#889=VECTOR('',#888,3.E-1);
#890=CARTESIAN_POINT('',(-8.5E-1,-7.E-1,-4.15E0));
#891=LINE('',#890,#889);
#892=DIRECTION('',(0.E0,0.E0,-1.E0));
#893=VECTOR('',#892,3.E-1);
#894=CARTESIAN_POINT('',(-1.15E0,-7.E-1,-3.85E0));
#895=LINE('',#894,#893);
#896=DIRECTION('',(-1.E0,0.E0,0.E0));
#897=VECTOR('',#896,3.E-1);
#898=CARTESIAN_POINT('',(-8.5E-1,-7.E-1,-3.85E0));
#899=LINE('',#898,#897);
#900=DIRECTION('',(0.E0,0.E0,-1.E0));
#901=VECTOR('',#900,3.E-1);
#902=CARTESIAN_POINT('',(-3.5E-1,-7.E-1,-3.85E0));
#903=LINE('',#902,#901);
#904=DIRECTION('',(-1.E0,0.E0,0.E0));
#905=VECTOR('',#904,3.E-1);
#906=CARTESIAN_POINT('',(-3.5E-1,-7.E-1,-4.15E0));
#907=LINE('',#906,#905);
#908=DIRECTION('',(0.E0,0.E0,-1.E0));
#909=VECTOR('',#908,3.E-1);
#910=CARTESIAN_POINT('',(-6.5E-1,-7.E-1,-3.85E0));
#911=LINE('',#910,#909);
#912=DIRECTION('',(-1.E0,0.E0,0.E0));
#913=VECTOR('',#912,3.E-1);
#914=CARTESIAN_POINT('',(-3.5E-1,-7.E-1,-3.85E0));
#915=LINE('',#914,#913);
#916=DIRECTION('',(0.E0,0.E0,-1.E0));
#917=VECTOR('',#916,3.E-1);
#918=CARTESIAN_POINT('',(1.5E-1,-7.E-1,-3.85E0));
#919=LINE('',#918,#917);
#920=DIRECTION('',(-1.E0,0.E0,0.E0));
#921=VECTOR('',#920,3.E-1);
#922=CARTESIAN_POINT('',(1.5E-1,-7.E-1,-4.15E0));
#923=LINE('',#922,#921);
#924=DIRECTION('',(0.E0,0.E0,-1.E0));
#925=VECTOR('',#924,3.E-1);
#926=CARTESIAN_POINT('',(-1.5E-1,-7.E-1,-3.85E0));
#927=LINE('',#926,#925);
#928=DIRECTION('',(-1.E0,0.E0,0.E0));
#929=VECTOR('',#928,3.E-1);
#930=CARTESIAN_POINT('',(1.5E-1,-7.E-1,-3.85E0));
#931=LINE('',#930,#929);
#932=DIRECTION('',(0.E0,0.E0,-1.E0));
#933=VECTOR('',#932,3.E-1);
#934=CARTESIAN_POINT('',(6.5E-1,-7.E-1,-3.85E0));
#935=LINE('',#934,#933);
#936=DIRECTION('',(-1.E0,0.E0,0.E0));
#937=VECTOR('',#936,3.E-1);
#938=CARTESIAN_POINT('',(6.5E-1,-7.E-1,-4.15E0));
#939=LINE('',#938,#937);
#940=DIRECTION('',(0.E0,0.E0,-1.E0));
#941=VECTOR('',#940,3.E-1);
#942=CARTESIAN_POINT('',(3.5E-1,-7.E-1,-3.85E0));
#943=LINE('',#942,#941);
#944=DIRECTION('',(-1.E0,0.E0,0.E0));
#945=VECTOR('',#944,3.E-1);
#946=CARTESIAN_POINT('',(6.5E-1,-7.E-1,-3.85E0));
#947=LINE('',#946,#945);
#948=DIRECTION('',(0.E0,0.E0,-1.E0));
#949=VECTOR('',#948,3.E-1);
#950=CARTESIAN_POINT('',(1.15E0,-7.E-1,-3.85E0));
#951=LINE('',#950,#949);
#952=DIRECTION('',(-1.E0,0.E0,0.E0));
#953=VECTOR('',#952,3.E-1);
#954=CARTESIAN_POINT('',(1.15E0,-7.E-1,-4.15E0));
#955=LINE('',#954,#953);
#956=DIRECTION('',(0.E0,0.E0,-1.E0));
#957=VECTOR('',#956,3.E-1);
#958=CARTESIAN_POINT('',(8.5E-1,-7.E-1,-3.85E0));
#959=LINE('',#958,#957);
#960=DIRECTION('',(-1.E0,0.E0,0.E0));
#961=VECTOR('',#960,3.E-1);
#962=CARTESIAN_POINT('',(1.15E0,-7.E-1,-3.85E0));
#963=LINE('',#962,#961);
#964=DIRECTION('',(0.E0,0.E0,-1.E0));
#965=VECTOR('',#964,3.E-1);
#966=CARTESIAN_POINT('',(1.35E0,-7.E-1,-3.85E0));
#967=LINE('',#966,#965);
#968=DIRECTION('',(-1.E0,0.E0,0.E0));
#969=VECTOR('',#968,3.5E-1);
#970=CARTESIAN_POINT('',(1.7E0,-7.E-1,-3.85E0));
#971=LINE('',#970,#969);
#972=DIRECTION('',(0.E0,0.E0,1.E0));
#973=VECTOR('',#972,2.6E0);
#974=CARTESIAN_POINT('',(1.7E0,-7.E-1,-3.85E0));
#975=LINE('',#974,#973);
#976=DIRECTION('',(1.E0,0.E0,0.E0));
#977=VECTOR('',#976,1.5E-1);
#978=CARTESIAN_POINT('',(1.7E0,-7.E-1,-1.25E0));
#979=LINE('',#978,#977);
#980=DIRECTION('',(0.E0,0.E0,-1.E0));
#981=VECTOR('',#980,5.E-2);
#982=CARTESIAN_POINT('',(1.95E0,-7.E-1,-1.25E0));
#983=LINE('',#982,#981);
#984=CARTESIAN_POINT('',(1.92E0,-7.E-1,-1.5E0));
#985=DIRECTION('',(0.E0,1.E0,0.E0));
#986=DIRECTION('',(-1.E0,0.E0,0.E0));
#987=AXIS2_PLACEMENT_3D('',#984,#985,#986);
#989=DIRECTION('',(0.E0,0.E0,1.E0));
#990=VECTOR('',#989,3.5E-1);
#991=CARTESIAN_POINT('',(1.72E0,-7.E-1,-1.85E0));
#992=LINE('',#991,#990);
#993=DIRECTION('',(0.E0,0.E0,-1.E0));
#994=VECTOR('',#993,1.9E0);
#995=CARTESIAN_POINT('',(1.703985600994E0,-7.E-1,-1.85E0));
#996=LINE('',#995,#994);
#997=DIRECTION('',(0.E0,0.E0,-1.E0));
#998=VECTOR('',#997,1.E-1);
#999=CARTESIAN_POINT('',(1.95E0,-7.E-1,-3.75E0));
#1000=LINE('',#999,#998);
#1001=DIRECTION('',(-1.E0,0.E0,0.E0));
#1002=VECTOR('',#1001,2.49E-1);
#1003=CARTESIAN_POINT('',(2.199E0,-7.E-1,-3.85E0));
#1004=LINE('',#1003,#1002);
#1005=DIRECTION('',(-1.E0,0.E0,0.E0));
#1006=VECTOR('',#1005,8.909452562225E-1);
#1007=CARTESIAN_POINT('',(3.189945256222E0,-7.E-1,-4.05E0));
#1008=LINE('',#1007,#1006);
#1009=CARTESIAN_POINT('',(3.189945256222E0,-7.E-1,-3.85E0));
#1010=DIRECTION('',(0.E0,1.E0,0.E0));
#1011=DIRECTION('',(4.201015669389E-1,0.E0,-9.074770925238E-1));
#1012=AXIS2_PLACEMENT_3D('',#1009,#1010,#1011);
#1014=DIRECTION('',(-9.074770925238E-1,0.E0,-4.201015669389E-1));
#1015=VECTOR('',#1014,7.497096174682E-2);
#1016=CARTESIAN_POINT('',(3.342E0,-7.E-1,-4.E0));
#1017=LINE('',#1016,#1015);
#1018=DIRECTION('',(1.E0,0.E0,0.E0));
#1019=VECTOR('',#1018,8.E-3);
#1020=CARTESIAN_POINT('',(3.342E0,-7.E-1,-4.E0));
#1021=LINE('',#1020,#1019);
#1022=DIRECTION('',(0.E0,0.E0,-1.E0));
#1023=VECTOR('',#1022,1.5E-1);
#1024=CARTESIAN_POINT('',(3.35E0,-7.E-1,-4.E0));
#1025=LINE('',#1024,#1023);
#1026=DIRECTION('',(-1.E0,0.E0,0.E0));
#1027=VECTOR('',#1026,2.E0);
#1028=CARTESIAN_POINT('',(3.35E0,-7.E-1,-4.15E0));
#1029=LINE('',#1028,#1027);
#1030=DIRECTION('',(0.E0,0.E0,1.E0));
#1031=VECTOR('',#1030,5.E-2);
#1032=CARTESIAN_POINT('',(-2.97E0,-7.85E-1,-1.3E0));
#1033=LINE('',#1032,#1031);
#1034=DIRECTION('',(0.E0,0.E0,-1.E0));
#1035=VECTOR('',#1034,5.E-2);
#1036=CARTESIAN_POINT('',(-1.95E0,-7.85E-1,-1.25E0));
#1037=LINE('',#1036,#1035);
#1038=DIRECTION('',(0.E0,0.E0,1.E0));
#1039=VECTOR('',#1038,5.E-2);
#1040=CARTESIAN_POINT('',(1.95E0,-7.85E-1,-1.3E0));
#1041=LINE('',#1040,#1039);
#1042=DIRECTION('',(0.E0,0.E0,-1.E0));
#1043=VECTOR('',#1042,5.E-2);
#1044=CARTESIAN_POINT('',(2.97E0,-7.85E-1,-1.25E0));
#1045=LINE('',#1044,#1043);
#1046=CARTESIAN_POINT('',(-2.099E0,-7.85E-1,-3.85E0));
#1047=DIRECTION('',(0.E0,-1.E0,0.E0));
#1048=DIRECTION('',(0.E0,0.E0,1.E0));
#1049=AXIS2_PLACEMENT_3D('',#1046,#1047,#1048);
#1051=DIRECTION('',(0.E0,0.E0,-1.E0));
#1052=VECTOR('',#1051,1.E-1);
#1053=CARTESIAN_POINT('',(-1.95E0,-7.85E-1,-3.75E0));
#1054=LINE('',#1053,#1052);
#1055=DIRECTION('',(-1.E0,0.E0,0.E0));
#1056=VECTOR('',#1055,2.49E-1);
#1057=CARTESIAN_POINT('',(-1.95E0,-7.85E-1,-3.85E0));
#1058=LINE('',#1057,#1056);
#1059=CARTESIAN_POINT('',(2.099E0,-7.85E-1,-3.85E0));
#1060=DIRECTION('',(0.E0,-1.E0,0.E0));
#1061=DIRECTION('',(1.E0,0.E0,0.E0));
#1062=AXIS2_PLACEMENT_3D('',#1059,#1060,#1061);
#1064=DIRECTION('',(-1.E0,0.E0,0.E0));
#1065=VECTOR('',#1064,2.49E-1);
#1066=CARTESIAN_POINT('',(2.199E0,-7.85E-1,-3.85E0));
#1067=LINE('',#1066,#1065);
#1068=DIRECTION('',(0.E0,0.E0,1.E0));
#1069=VECTOR('',#1068,1.E-1);
#1070=CARTESIAN_POINT('',(1.95E0,-7.85E-1,-3.85E0));
#1071=LINE('',#1070,#1069);
#1072=DIRECTION('',(0.E0,-1.E0,0.E0));
#1073=VECTOR('',#1072,2.E-1);
#1074=CARTESIAN_POINT('',(-2.099E0,9.85E-1,-3.75E0));
#1075=LINE('',#1074,#1073);
#1076=DIRECTION('',(-1.E0,0.E0,0.E0));
#1077=VECTOR('',#1076,1.49E-1);
#1078=CARTESIAN_POINT('',(-1.95E0,7.85E-1,-3.75E0));
#1079=LINE('',#1078,#1077);
#1080=DIRECTION('',(0.E0,1.E0,0.E0));
#1081=VECTOR('',#1080,8.5E-2);
#1082=CARTESIAN_POINT('',(-1.95E0,7.E-1,-3.75E0));
#1083=LINE('',#1082,#1081);
#1084=DIRECTION('',(-1.E0,0.E0,0.E0));
#1085=VECTOR('',#1084,2.478198511713E-1);
#1086=CARTESIAN_POINT('',(-1.702180148829E0,7.E-1,-3.75E0));
#1087=LINE('',#1086,#1085);
#1088=DIRECTION('',(0.E0,1.E0,0.E0));
#1089=VECTOR('',#1088,2.E-1);
#1090=CARTESIAN_POINT('',(2.099E0,7.85E-1,-3.75E0));
#1091=LINE('',#1090,#1089);
#1092=DIRECTION('',(-1.E0,0.E0,0.E0));
#1093=VECTOR('',#1092,2.478198511713E-1);
#1094=CARTESIAN_POINT('',(1.95E0,7.E-1,-3.75E0));
#1095=LINE('',#1094,#1093);
#1096=DIRECTION('',(0.E0,1.E0,0.E0));
#1097=VECTOR('',#1096,8.5E-2);
#1098=CARTESIAN_POINT('',(1.95E0,7.E-1,-3.75E0));
#1099=LINE('',#1098,#1097);
#1100=DIRECTION('',(1.E0,0.E0,0.E0));
#1101=VECTOR('',#1100,1.49E-1);
#1102=CARTESIAN_POINT('',(1.95E0,7.85E-1,-3.75E0));
#1103=LINE('',#1102,#1101);
#1104=DIRECTION('',(0.E0,-1.E0,0.E0));
#1105=VECTOR('',#1104,2.E-1);
#1106=CARTESIAN_POINT('',(-2.099E0,-7.85E-1,-3.75E0));
#1107=LINE('',#1106,#1105);
#1108=DIRECTION('',(1.E0,0.E0,0.E0));
#1109=VECTOR('',#1108,2.460143990061E-1);
#1110=CARTESIAN_POINT('',(-1.95E0,-7.E-1,-3.75E0));
#1111=LINE('',#1110,#1109);
#1112=DIRECTION('',(0.E0,-1.E0,0.E0));
#1113=VECTOR('',#1112,8.5E-2);
#1114=CARTESIAN_POINT('',(-1.95E0,-7.E-1,-3.75E0));
#1115=LINE('',#1114,#1113);
#1116=DIRECTION('',(-1.E0,0.E0,0.E0));
#1117=VECTOR('',#1116,1.49E-1);
#1118=CARTESIAN_POINT('',(-1.95E0,-7.85E-1,-3.75E0));
#1119=LINE('',#1118,#1117);
#1120=DIRECTION('',(0.E0,1.E0,0.E0));
#1121=VECTOR('',#1120,2.E-1);
#1122=CARTESIAN_POINT('',(2.099E0,-9.85E-1,-3.75E0));
#1123=LINE('',#1122,#1121);
#1124=DIRECTION('',(-1.E0,0.E0,0.E0));
#1125=VECTOR('',#1124,1.49E-1);
#1126=CARTESIAN_POINT('',(2.099E0,-7.85E-1,-3.75E0));
#1127=LINE('',#1126,#1125);
#1128=DIRECTION('',(0.E0,-1.E0,0.E0));
#1129=VECTOR('',#1128,8.5E-2);
#1130=CARTESIAN_POINT('',(1.95E0,-7.E-1,-3.75E0));
#1131=LINE('',#1130,#1129);
#1132=DIRECTION('',(1.E0,0.E0,0.E0));
#1133=VECTOR('',#1132,2.460143990061E-1);
#1134=CARTESIAN_POINT('',(1.703985600994E0,-7.E-1,-3.75E0));
#1135=LINE('',#1134,#1133);
#1136=CARTESIAN_POINT('',(-2.099E0,9.85E-1,-3.85E0));
#1137=DIRECTION('',(0.E0,-1.E0,0.E0));
#1138=DIRECTION('',(0.E0,0.E0,1.E0));
#1139=AXIS2_PLACEMENT_3D('',#1136,#1137,#1138);
#1141=DIRECTION('',(0.E0,0.E0,-1.E0));
#1142=VECTOR('',#1141,5.E-2);
#1143=CARTESIAN_POINT('',(-1.95E0,7.85E-1,-1.25E0));
#1144=LINE('',#1143,#1142);
#1145=DIRECTION('',(0.E0,0.E0,1.E0));
#1146=VECTOR('',#1145,5.E-2);
#1147=CARTESIAN_POINT('',(-2.97E0,7.85E-1,-1.3E0));
#1148=LINE('',#1147,#1146);
#1149=DIRECTION('',(0.E0,0.E0,1.E0));
#1150=VECTOR('',#1149,5.E-2);
#1151=CARTESIAN_POINT('',(1.95E0,7.85E-1,-1.3E0));
#1152=LINE('',#1151,#1150);
#1153=DIRECTION('',(0.E0,0.E0,-1.E0));
#1154=VECTOR('',#1153,5.E-2);
#1155=CARTESIAN_POINT('',(2.97E0,7.85E-1,-1.25E0));
#1156=LINE('',#1155,#1154);
#1157=CARTESIAN_POINT('',(-2.099E0,7.85E-1,-3.85E0));
#1158=DIRECTION('',(0.E0,1.E0,0.E0));
#1159=DIRECTION('',(-1.E0,0.E0,0.E0));
#1160=AXIS2_PLACEMENT_3D('',#1157,#1158,#1159);
#1162=DIRECTION('',(-1.E0,0.E0,0.E0));
#1163=VECTOR('',#1162,2.49E-1);
#1164=CARTESIAN_POINT('',(-1.95E0,7.85E-1,-3.85E0));
#1165=LINE('',#1164,#1163);
#1166=DIRECTION('',(0.E0,0.E0,-1.E0));
#1167=VECTOR('',#1166,1.E-1);
#1168=CARTESIAN_POINT('',(-1.95E0,7.85E-1,-3.75E0));
#1169=LINE('',#1168,#1167);
#1170=CARTESIAN_POINT('',(2.099E0,7.85E-1,-3.85E0));
#1171=DIRECTION('',(0.E0,1.E0,0.E0));
#1172=DIRECTION('',(0.E0,0.E0,1.E0));
#1173=AXIS2_PLACEMENT_3D('',#1170,#1171,#1172);
#1175=DIRECTION('',(0.E0,0.E0,1.E0));
#1176=VECTOR('',#1175,1.E-1);
#1177=CARTESIAN_POINT('',(1.95E0,7.85E-1,-3.85E0));
#1178=LINE('',#1177,#1176);
#1179=DIRECTION('',(-1.E0,0.E0,0.E0));
#1180=VECTOR('',#1179,2.49E-1);
#1181=CARTESIAN_POINT('',(2.199E0,7.85E-1,-3.85E0));
#1182=LINE('',#1181,#1180);
#1183=DIRECTION('',(0.E0,1.E0,0.E0));
#1184=VECTOR('',#1183,8.5E-2);
#1185=CARTESIAN_POINT('',(-1.95E0,7.E-1,-3.85E0));
#1186=LINE('',#1185,#1184);
#1187=DIRECTION('',(0.E0,-1.E0,0.E0));
#1188=VECTOR('',#1187,2.85E-1);
#1189=CARTESIAN_POINT('',(-2.199E0,9.85E-1,-3.95E0));
#1190=LINE('',#1189,#1188);
#1191=DIRECTION('',(0.E0,0.E0,1.E0));
#1192=VECTOR('',#1191,1.E-1);
#1193=CARTESIAN_POINT('',(-2.199E0,7.E-1,-3.95E0));
#1194=LINE('',#1193,#1192);
#1195=DIRECTION('',(0.E0,1.E0,0.E0));
#1196=VECTOR('',#1195,8.5E-2);
#1197=CARTESIAN_POINT('',(-2.199E0,7.E-1,-3.85E0));
#1198=LINE('',#1197,#1196);
#1199=DIRECTION('',(0.E0,-1.E0,0.E0));
#1200=VECTOR('',#1199,2.E-1);
#1201=CARTESIAN_POINT('',(-2.199E0,9.85E-1,-3.85E0));
#1202=LINE('',#1201,#1200);
#1203=DIRECTION('',(0.E0,0.E0,-1.E0));
#1204=VECTOR('',#1203,1.E-1);
#1205=CARTESIAN_POINT('',(-2.199E0,9.85E-1,-3.85E0));
#1206=LINE('',#1205,#1204);
#1207=DIRECTION('',(0.E0,-1.E0,0.E0));
#1208=VECTOR('',#1207,2.85E-1);
#1209=CARTESIAN_POINT('',(-2.199E0,-7.E-1,-3.95E0));
#1210=LINE('',#1209,#1208);
#1211=DIRECTION('',(0.E0,-1.E0,0.E0));
#1212=VECTOR('',#1211,2.E-1);
#1213=CARTESIAN_POINT('',(-2.199E0,-7.85E-1,-3.85E0));
#1214=LINE('',#1213,#1212);
#1215=DIRECTION('',(0.E0,-1.E0,0.E0));
#1216=VECTOR('',#1215,8.5E-2);
#1217=CARTESIAN_POINT('',(-2.199E0,-7.E-1,-3.85E0));
#1218=LINE('',#1217,#1216);
#1219=DIRECTION('',(0.E0,0.E0,-1.E0));
#1220=VECTOR('',#1219,1.E-1);
#1221=CARTESIAN_POINT('',(-2.199E0,-7.E-1,-3.85E0));
#1222=LINE('',#1221,#1220);
#1223=CARTESIAN_POINT('',(-2.299E0,7.E-1,-3.95E0));
#1224=DIRECTION('',(0.E0,-1.E0,0.E0));
#1225=DIRECTION('',(0.E0,0.E0,-1.E0));
#1226=AXIS2_PLACEMENT_3D('',#1223,#1224,#1225);
#1228=CARTESIAN_POINT('',(-2.299E0,9.85E-1,-3.95E0));
#1229=DIRECTION('',(0.E0,1.E0,0.E0));
#1230=DIRECTION('',(1.E0,0.E0,0.E0));
#1231=AXIS2_PLACEMENT_3D('',#1228,#1229,#1230);
#1233=DIRECTION('',(-1.E0,0.E0,0.E0));
#1234=VECTOR('',#1233,1.390426759993E-1);
#1235=CARTESIAN_POINT('',(-1.959957324001E0,9.85E-1,-3.75E0));
#1236=LINE('',#1235,#1234);
#1237=DIRECTION('',(-1.E0,-1.437280375206E-9,0.E0));
#1238=VECTOR('',#1237,2.399893422497E-1);
#1239=CARTESIAN_POINT('',(-1.72E0,9.85E-1,-1.85E0));
#1240=LINE('',#1239,#1238);
#1241=DIRECTION('',(0.E0,0.E0,-1.E0));
#1242=VECTOR('',#1241,3.5E-1);
#1243=CARTESIAN_POINT('',(-1.72E0,9.85E-1,-1.5E0));
#1244=LINE('',#1243,#1242);
#1245=CARTESIAN_POINT('',(-1.92E0,9.85E-1,-1.5E0));
#1246=DIRECTION('',(0.E0,1.E0,0.E0));
#1247=DIRECTION('',(0.E0,0.E0,1.E0));
#1248=AXIS2_PLACEMENT_3D('',#1245,#1246,#1247);
#1250=DIRECTION('',(0.E0,0.E0,-1.E0));
#1251=VECTOR('',#1250,2.7E0);
#1252=CARTESIAN_POINT('',(-3.5E0,9.85E-1,-1.3E0));
#1253=LINE('',#1252,#1251);
#1254=DIRECTION('',(-9.074770925238E-1,0.E0,4.201015669389E-1));
#1255=VECTOR('',#1254,7.497096174682E-2);
#1256=CARTESIAN_POINT('',(-3.273965569610E0,9.85E-1,-4.031495418505E0));
#1257=LINE('',#1256,#1255);
#1258=CARTESIAN_POINT('',(-3.189945256222E0,9.85E-1,-3.85E0));
#1259=DIRECTION('',(0.E0,1.E0,0.E0));
#1260=DIRECTION('',(0.E0,0.E0,-1.E0));
#1261=AXIS2_PLACEMENT_3D('',#1258,#1259,#1260);
#1263=DIRECTION('',(-1.E0,0.E0,0.E0));
#1264=VECTOR('',#1263,8.909452562225E-1);
#1265=CARTESIAN_POINT('',(-2.299E0,9.85E-1,-4.05E0));
#1266=LINE('',#1265,#1264);
#1267=CARTESIAN_POINT('',(2.299E0,9.85E-1,-3.95E0));
#1268=DIRECTION('',(0.E0,1.E0,0.E0));
#1269=DIRECTION('',(0.E0,0.E0,-1.E0));
#1270=AXIS2_PLACEMENT_3D('',#1267,#1268,#1269);
#1272=DIRECTION('',(-1.E0,0.E0,0.E0));
#1273=VECTOR('',#1272,8.909452562225E-1);
#1274=CARTESIAN_POINT('',(3.189945256222E0,9.85E-1,-4.05E0));
#1275=LINE('',#1274,#1273);
#1276=CARTESIAN_POINT('',(3.189945256222E0,9.85E-1,-3.85E0));
#1277=DIRECTION('',(0.E0,1.E0,0.E0));
#1278=DIRECTION('',(4.201015669389E-1,0.E0,-9.074770925238E-1));
#1279=AXIS2_PLACEMENT_3D('',#1276,#1277,#1278);
#1281=DIRECTION('',(-9.074770925238E-1,0.E0,-4.201015669389E-1));
#1282=VECTOR('',#1281,7.497096174682E-2);
#1283=CARTESIAN_POINT('',(3.342E0,9.85E-1,-4.E0));
#1284=LINE('',#1283,#1282);
#1285=CARTESIAN_POINT('',(1.92E0,9.85E-1,-1.5E0));
#1286=DIRECTION('',(0.E0,1.E0,0.E0));
#1287=DIRECTION('',(-1.E0,0.E0,0.E0));
#1288=AXIS2_PLACEMENT_3D('',#1285,#1286,#1287);
#1290=DIRECTION('',(0.E0,0.E0,1.E0));
#1291=VECTOR('',#1290,3.5E-1);
#1292=CARTESIAN_POINT('',(1.72E0,9.85E-1,-1.85E0));
#1293=LINE('',#1292,#1291);
#1294=DIRECTION('',(-1.E0,1.437365642221E-9,0.E0));
#1295=VECTOR('',#1294,2.399751056670E-1);
#1296=CARTESIAN_POINT('',(1.959975105667E0,9.849999996551E-1,-1.85E0));
#1297=LINE('',#1296,#1295);
#1298=DIRECTION('',(-9.358771729104E-6,1.815431430836E-10,-9.999999999562E-1));
#1299=VECTOR('',#1298,1.900000000083E0);
#1300=CARTESIAN_POINT('',(1.959975105667E0,9.849999996551E-1,-1.85E0));
#1301=LINE('',#1300,#1299);
#1302=DIRECTION('',(1.E0,0.E0,0.E0));
#1303=VECTOR('',#1302,1.390426759993E-1);
#1304=CARTESIAN_POINT('',(1.959957324001E0,9.85E-1,-3.75E0));
#1305=LINE('',#1304,#1303);
#1306=CARTESIAN_POINT('',(-1.959957324001E0,7.65E-1,-1.85E0));
#1307=DIRECTION('',(0.E0,0.E0,-1.E0));
#1308=DIRECTION('',(-1.941352152449E-4,9.999999811558E-1,0.E0));
#1309=AXIS2_PLACEMENT_3D('',#1306,#1307,#1308);
#1311=DIRECTION('',(1.685171000048E-5,1.815431430658E-10,-9.999999998580E-1));
#1312=VECTOR('',#1311,1.900000000270E0);
#1313=CARTESIAN_POINT('',(-1.959989342250E0,9.849999996551E-1,-1.85E0));
#1314=LINE('',#1313,#1312);
#1315=CARTESIAN_POINT('',(-1.959957324001E0,7.65E-1,-3.75E0));
#1316=DIRECTION('',(0.E0,0.E0,-1.E0));
#1317=DIRECTION('',(0.E0,1.E0,0.E0));
#1318=AXIS2_PLACEMENT_3D('',#1315,#1316,#1317);
#1320=DIRECTION('',(0.E0,-1.E0,0.E0));
#1321=VECTOR('',#1320,2.360403612887E-1);
#1322=CARTESIAN_POINT('',(-1.72E0,9.85E-1,-1.85E0));
#1323=LINE('',#1322,#1321);
#1324=DIRECTION('',(3.420201433257E-1,-9.396926207859E-1,0.E0));
#1325=VECTOR('',#1324,9.714324748451E-2);
#1326=CARTESIAN_POINT('',(-1.753224947428E0,8.402444315316E-1,-1.85E0));
#1327=LINE('',#1326,#1325);
#1328=DIRECTION('',(0.E0,0.E0,-1.E0));
#1329=VECTOR('',#1328,1.9E0);
#1330=CARTESIAN_POINT('',(-1.753224947428E0,8.402444315316E-1,-1.85E0));
#1331=LINE('',#1330,#1329);
#1332=DIRECTION('',(3.420201433257E-1,-9.396926207859E-1,0.E0));
#1333=VECTOR('',#1332,1.492450067495E-1);
#1334=CARTESIAN_POINT('',(-1.753224947428E0,8.402444315316E-1,-3.75E0));
#1335=LINE('',#1334,#1333);
#1336=DIRECTION('',(3.420201433257E-1,-9.396926207859E-1,0.E0));
#1337=VECTOR('',#1336,5.210175926499E-2);
#1338=CARTESIAN_POINT('',(-1.72E0,7.489596387113E-1,-1.85E0));
#1339=LINE('',#1338,#1337);
#1340=DIRECTION('',(0.E0,1.E0,0.E0));
#1341=VECTOR('',#1340,4.895963871127E-2);
#1342=CARTESIAN_POINT('',(-1.72E0,7.E-1,-1.85E0));
#1343=LINE('',#1342,#1341);
#1344=DIRECTION('',(1.E0,0.E0,0.E0));
#1345=VECTOR('',#1344,1.781985117133E-2);
#1346=CARTESIAN_POINT('',(-1.72E0,7.E-1,-1.85E0));
#1347=LINE('',#1346,#1345);
#1348=DIRECTION('',(0.E0,1.E0,0.E0));
#1349=VECTOR('',#1348,4.895963871127E-2);
#1350=CARTESIAN_POINT('',(1.72E0,7.E-1,-1.85E0));
#1351=LINE('',#1350,#1349);
#1352=DIRECTION('',(1.E0,0.E0,0.E0));
#1353=VECTOR('',#1352,1.781985117133E-2);
#1354=CARTESIAN_POINT('',(1.702180148829E0,7.E-1,-1.85E0));
#1355=LINE('',#1354,#1353);
#1356=DIRECTION('',(0.E0,-1.E0,0.E0));
#1357=VECTOR('',#1356,2.85E-1);
#1358=CARTESIAN_POINT('',(-1.72E0,9.85E-1,-1.5E0));
#1359=LINE('',#1358,#1357);
#1360=DIRECTION('',(0.E0,-1.E0,0.E0));
#1361=VECTOR('',#1360,2.85E-1);
#1362=CARTESIAN_POINT('',(-1.92E0,9.85E-1,-1.3E0));
#1363=LINE('',#1362,#1361);
#1364=DIRECTION('',(0.E0,-1.E0,0.E0));
#1365=VECTOR('',#1364,2.360403612887E-1);
#1366=CARTESIAN_POINT('',(1.72E0,9.85E-1,-1.85E0));
#1367=LINE('',#1366,#1365);
#1368=DIRECTION('',(3.420201433257E-1,9.396926207859E-1,0.E0));
#1369=VECTOR('',#1368,9.714324748451E-2);
#1370=CARTESIAN_POINT('',(1.72E0,7.489596387113E-1,-1.85E0));
#1371=LINE('',#1370,#1369);
#1372=DIRECTION('',(3.420201433257E-1,9.396926207859E-1,0.E0));
#1373=VECTOR('',#1372,5.210175926499E-2);
#1374=CARTESIAN_POINT('',(1.702180148829E0,7.E-1,-1.85E0));
#1375=LINE('',#1374,#1373);
#1376=DIRECTION('',(3.420201433257E-1,9.396926207859E-1,0.E0));
#1377=VECTOR('',#1376,1.492450067495E-1);
#1378=CARTESIAN_POINT('',(1.702180148829E0,7.E-1,-3.75E0));
#1379=LINE('',#1378,#1377);
#1380=CARTESIAN_POINT('',(1.959957324001E0,7.65E-1,-1.85E0));
#1381=DIRECTION('',(0.E0,0.E0,-1.E0));
#1382=DIRECTION('',(-9.396926207859E-1,3.420201433257E-1,0.E0));
#1383=AXIS2_PLACEMENT_3D('',#1380,#1381,#1382);
#1385=DIRECTION('',(0.E0,0.E0,-1.E0));
#1386=VECTOR('',#1385,1.9E0);
#1387=CARTESIAN_POINT('',(1.753224947428E0,8.402444315316E-1,-1.85E0));
#1388=LINE('',#1387,#1386);
#1389=CARTESIAN_POINT('',(1.959957324001E0,7.65E-1,-3.75E0));
#1390=DIRECTION('',(0.E0,0.E0,-1.E0));
#1391=DIRECTION('',(-9.396926207859E-1,3.420201433257E-1,0.E0));
#1392=AXIS2_PLACEMENT_3D('',#1389,#1390,#1391);
#1394=DIRECTION('',(0.E0,-1.E0,0.E0));
#1395=VECTOR('',#1394,2.85E-1);
#1396=CARTESIAN_POINT('',(1.72E0,9.85E-1,-1.5E0));
#1397=LINE('',#1396,#1395);
#1398=DIRECTION('',(0.E0,0.E0,-1.E0));
#1399=VECTOR('',#1398,2.7E0);
#1400=CARTESIAN_POINT('',(-3.75E0,7.35E-1,-1.3E0));
#1401=LINE('',#1400,#1399);
#1402=DIRECTION('',(0.E0,1.E0,0.E0));
#1403=VECTOR('',#1402,6.E-1);
#1404=CARTESIAN_POINT('',(-3.75E0,-3.E-1,-4.1E0));
#1405=LINE('',#1404,#1403);
#1406=DIRECTION('',(0.E0,0.E0,-1.E0));
#1407=VECTOR('',#1406,2.7E0);
#1408=CARTESIAN_POINT('',(-3.75E0,-7.35E-1,-1.3E0));
#1409=LINE('',#1408,#1407);
#1410=DIRECTION('',(0.E0,0.E0,-1.E0));
#1411=VECTOR('',#1410,1.E-1);
#1412=CARTESIAN_POINT('',(-3.75E0,-3.E-1,-4.E0));
#1413=LINE('',#1412,#1411);
#1414=CARTESIAN_POINT('',(-3.5E0,4.E-1,-4.35E0));
#1415=CARTESIAN_POINT('',(-3.5E0,3.956372113154E-1,-4.35E0));
#1416=CARTESIAN_POINT('',(-3.501226548117E0,3.868366759192E-1,
-4.350005940380E0));
#1417=CARTESIAN_POINT('',(-3.507466175656E0,3.729023399058E-1,
-4.349933115864E0));
#1418=CARTESIAN_POINT('',(-3.517824629225E0,3.597491030453E-1,
-4.349463796232E0));
#1419=CARTESIAN_POINT('',(-3.531813526054E0,3.475970757242E-1,
-4.348130299121E0));
#1420=CARTESIAN_POINT('',(-3.548686683960E0,3.366409027011E-1,
-4.345447346258E0));
#1421=CARTESIAN_POINT('',(-3.568293711918E0,3.268098242497E-1,
-4.340815211787E0));
#1422=CARTESIAN_POINT('',(-3.590252158391E0,3.182506461640E-1,
-4.333568585336E0));
#1423=CARTESIAN_POINT('',(-3.614108503271E0,3.109630875063E-1,
-4.323017971151E0));
#1424=CARTESIAN_POINT('',(-3.639812071093E0,3.051046977281E-1,
-4.308046211014E0));
#1425=CARTESIAN_POINT('',(-3.666433409550E0,3.011074512328E-1,
-4.287677880880E0));
#1426=CARTESIAN_POINT('',(-3.684160100519E0,3.E-1,-4.269595556595E0));
#1427=CARTESIAN_POINT('',(-3.692653128049E0,3.E-1,-4.259325993651E0));
#1429=DIRECTION('',(0.E0,0.E0,-1.E0));
#1430=VECTOR('',#1429,2.593259936509E-1);
#1431=CARTESIAN_POINT('',(-3.692653128049E0,3.E-1,-4.E0));
#1432=LINE('',#1431,#1430);
#1433=DIRECTION('',(0.E0,0.E0,-1.E0));
#1434=VECTOR('',#1433,3.5E-1);
#1435=CARTESIAN_POINT('',(-3.5E0,4.E-1,-4.E0));
#1436=LINE('',#1435,#1434);
#1437=DIRECTION('',(0.E0,-1.E0,0.E0));
#1438=VECTOR('',#1437,8.E-1);
#1439=CARTESIAN_POINT('',(3.5E0,4.E-1,-4.35E0));
#1440=LINE('',#1439,#1438);
#1441=DIRECTION('',(0.E0,-1.E0,0.E0));
#1442=VECTOR('',#1441,2.5E-2);
#1443=CARTESIAN_POINT('',(3.5E0,4.25E-1,-4.35E0));
#1444=LINE('',#1443,#1442);
#1445=CARTESIAN_POINT('',(3.4E0,4.25E-1,-4.35E0));
#1446=DIRECTION('',(0.E0,0.E0,-1.E0));
#1447=DIRECTION('',(7.071067811865E-1,7.071067811866E-1,0.E0));
#1448=AXIS2_PLACEMENT_3D('',#1445,#1446,#1447);
#1450=DIRECTION('',(7.071067811865E-1,-7.071067811865E-1,0.E0));
#1451=VECTOR('',#1450,2.121320343560E-1);
#1452=CARTESIAN_POINT('',(3.320710678119E0,6.457106781187E-1,-4.35E0));
#1453=LINE('',#1452,#1451);
#1454=CARTESIAN_POINT('',(3.25E0,5.75E-1,-4.35E0));
#1455=DIRECTION('',(0.E0,0.E0,-1.E0));
#1456=DIRECTION('',(0.E0,1.E0,0.E0));
#1457=AXIS2_PLACEMENT_3D('',#1454,#1455,#1456);
#1459=DIRECTION('',(1.E0,0.E0,0.E0));
#1460=VECTOR('',#1459,9.001973534738E-1);
#1461=CARTESIAN_POINT('',(2.349802646526E0,6.75E-1,-4.35E0));
#1462=LINE('',#1461,#1460);
#1463=CARTESIAN_POINT('',(2.349802646526E0,4.75E-1,-4.35E0));
#1464=DIRECTION('',(0.E0,0.E0,-1.E0));
#1465=DIRECTION('',(-9.745066163156E-1,2.243587634953E-1,0.E0));
#1466=AXIS2_PLACEMENT_3D('',#1463,#1464,#1465);
#1468=CARTESIAN_POINT('',(1.96E0,5.647435053981E-1,-4.35E0));
#1469=DIRECTION('',(0.E0,0.E0,1.E0));
#1470=DIRECTION('',(2.25E-1,-9.743587634953E-1,0.E0));
#1471=AXIS2_PLACEMENT_3D('',#1468,#1469,#1470);
#1473=CARTESIAN_POINT('',(2.05E0,1.75E-1,-4.35E0));
#1474=DIRECTION('',(0.E0,0.E0,-1.E0));
#1475=DIRECTION('',(-1.E0,0.E0,0.E0));
#1476=AXIS2_PLACEMENT_3D('',#1473,#1474,#1475);
#1478=DIRECTION('',(0.E0,1.E0,0.E0));
#1479=VECTOR('',#1478,3.5E-1);
#1480=CARTESIAN_POINT('',(1.85E0,-1.75E-1,-4.35E0));
#1481=LINE('',#1480,#1479);
#1482=CARTESIAN_POINT('',(2.05E0,-1.75E-1,-4.35E0));
#1483=DIRECTION('',(0.E0,0.E0,-1.E0));
#1484=DIRECTION('',(-2.25E-1,-9.743587634953E-1,0.E0));
#1485=AXIS2_PLACEMENT_3D('',#1482,#1483,#1484);
#1487=CARTESIAN_POINT('',(1.96E0,-5.647435053981E-1,-4.35E0));
#1488=DIRECTION('',(0.E0,0.E0,1.E0));
#1489=DIRECTION('',(9.745066163156E-1,2.243587634953E-1,0.E0));
#1490=AXIS2_PLACEMENT_3D('',#1487,#1488,#1489);
#1492=CARTESIAN_POINT('',(2.349802646526E0,-4.75E-1,-4.35E0));
#1493=DIRECTION('',(0.E0,0.E0,-1.E0));
#1494=DIRECTION('',(0.E0,-1.E0,0.E0));
#1495=AXIS2_PLACEMENT_3D('',#1492,#1493,#1494);
#1497=DIRECTION('',(-1.E0,0.E0,0.E0));
#1498=VECTOR('',#1497,9.001973534738E-1);
#1499=CARTESIAN_POINT('',(3.25E0,-6.75E-1,-4.35E0));
#1500=LINE('',#1499,#1498);
#1501=CARTESIAN_POINT('',(3.25E0,-5.75E-1,-4.35E0));
#1502=DIRECTION('',(0.E0,0.E0,-1.E0));
#1503=DIRECTION('',(7.071067811866E-1,-7.071067811865E-1,0.E0));
#1504=AXIS2_PLACEMENT_3D('',#1501,#1502,#1503);
#1506=DIRECTION('',(-7.071067811865E-1,-7.071067811865E-1,0.E0));
#1507=VECTOR('',#1506,2.121320343560E-1);
#1508=CARTESIAN_POINT('',(3.470710678119E0,-4.957106781187E-1,-4.35E0));
#1509=LINE('',#1508,#1507);
#1510=CARTESIAN_POINT('',(3.4E0,-4.25E-1,-4.35E0));
#1511=DIRECTION('',(0.E0,0.E0,-1.E0));
#1512=DIRECTION('',(1.E0,0.E0,0.E0));
#1513=AXIS2_PLACEMENT_3D('',#1510,#1511,#1512);
#1515=DIRECTION('',(0.E0,-1.E0,0.E0));
#1516=VECTOR('',#1515,2.5E-2);
#1517=CARTESIAN_POINT('',(3.5E0,-4.E-1,-4.35E0));
#1518=LINE('',#1517,#1516);
#1519=DIRECTION('',(0.E0,1.E0,0.E0));
#1520=VECTOR('',#1519,8.E-1);
#1521=CARTESIAN_POINT('',(-3.5E0,-4.E-1,-4.35E0));
#1522=LINE('',#1521,#1520);
#1523=DIRECTION('',(1.776356839400E-14,1.E0,0.E0));
#1524=VECTOR('',#1523,2.5E-2);
#1525=CARTESIAN_POINT('',(-3.5E0,-4.25E-1,-4.35E0));
#1526=LINE('',#1525,#1524);
#1527=CARTESIAN_POINT('',(-3.4E0,-4.25E-1,-4.35E0));
#1528=DIRECTION('',(0.E0,0.E0,-1.E0));
#1529=DIRECTION('',(-7.071067811865E-1,-7.071067811865E-1,0.E0));
#1530=AXIS2_PLACEMENT_3D('',#1527,#1528,#1529);
#1532=DIRECTION('',(-7.071067811866E-1,7.071067811865E-1,0.E0));
#1533=VECTOR('',#1532,2.121320343560E-1);
#1534=CARTESIAN_POINT('',(-3.320710678119E0,-6.457106781187E-1,-4.35E0));
#1535=LINE('',#1534,#1533);
#1536=CARTESIAN_POINT('',(-3.25E0,-5.75E-1,-4.35E0));
#1537=DIRECTION('',(0.E0,0.E0,-1.E0));
#1538=DIRECTION('',(0.E0,-1.E0,0.E0));
#1539=AXIS2_PLACEMENT_3D('',#1536,#1537,#1538);
#1541=DIRECTION('',(-1.E0,0.E0,0.E0));
#1542=VECTOR('',#1541,9.001973534738E-1);
#1543=CARTESIAN_POINT('',(-2.349802646526E0,-6.75E-1,-4.35E0));
#1544=LINE('',#1543,#1542);
#1545=CARTESIAN_POINT('',(-2.349802646526E0,-4.75E-1,-4.35E0));
#1546=DIRECTION('',(0.E0,0.E0,-1.E0));
#1547=DIRECTION('',(9.745066163156E-1,-2.243587634953E-1,0.E0));
#1548=AXIS2_PLACEMENT_3D('',#1545,#1546,#1547);
#1550=CARTESIAN_POINT('',(-1.96E0,-5.647435053981E-1,-4.35E0));
#1551=DIRECTION('',(0.E0,0.E0,1.E0));
#1552=DIRECTION('',(-2.25E-1,9.743587634953E-1,0.E0));
#1553=AXIS2_PLACEMENT_3D('',#1550,#1551,#1552);
#1555=CARTESIAN_POINT('',(-2.05E0,-1.75E-1,-4.35E0));
#1556=DIRECTION('',(0.E0,0.E0,-1.E0));
#1557=DIRECTION('',(1.E0,0.E0,0.E0));
#1558=AXIS2_PLACEMENT_3D('',#1555,#1556,#1557);
#1560=DIRECTION('',(0.E0,-1.E0,0.E0));
#1561=VECTOR('',#1560,3.5E-1);
#1562=CARTESIAN_POINT('',(-1.85E0,1.75E-1,-4.35E0));
#1563=LINE('',#1562,#1561);
#1564=CARTESIAN_POINT('',(-2.05E0,1.75E-1,-4.35E0));
#1565=DIRECTION('',(0.E0,0.E0,-1.E0));
#1566=DIRECTION('',(2.25E-1,9.743587634953E-1,0.E0));
#1567=AXIS2_PLACEMENT_3D('',#1564,#1565,#1566);
#1569=CARTESIAN_POINT('',(-1.96E0,5.647435053981E-1,-4.35E0));
#1570=DIRECTION('',(0.E0,0.E0,1.E0));
#1571=DIRECTION('',(-9.745066163156E-1,-2.243587634953E-1,0.E0));
#1572=AXIS2_PLACEMENT_3D('',#1569,#1570,#1571);
#1574=CARTESIAN_POINT('',(-2.349802646526E0,4.75E-1,-4.35E0));
#1575=DIRECTION('',(0.E0,0.E0,-1.E0));
#1576=DIRECTION('',(0.E0,1.E0,0.E0));
#1577=AXIS2_PLACEMENT_3D('',#1574,#1575,#1576);
#1579=DIRECTION('',(1.E0,0.E0,0.E0));
#1580=VECTOR('',#1579,9.001973534738E-1);
#1581=CARTESIAN_POINT('',(-3.25E0,6.75E-1,-4.35E0));
#1582=LINE('',#1581,#1580);
#1583=CARTESIAN_POINT('',(-3.25E0,5.75E-1,-4.35E0));
#1584=DIRECTION('',(0.E0,0.E0,-1.E0));
#1585=DIRECTION('',(-7.071067811865E-1,7.071067811865E-1,0.E0));
#1586=AXIS2_PLACEMENT_3D('',#1583,#1584,#1585);
#1588=DIRECTION('',(7.071067811865E-1,7.071067811865E-1,0.E0));
#1589=VECTOR('',#1588,2.121320343560E-1);
#1590=CARTESIAN_POINT('',(-3.470710678119E0,4.957106781187E-1,-4.35E0));
#1591=LINE('',#1590,#1589);
#1592=CARTESIAN_POINT('',(-3.4E0,4.25E-1,-4.35E0));
#1593=DIRECTION('',(0.E0,0.E0,-1.E0));
#1594=DIRECTION('',(-1.E0,0.E0,0.E0));
#1595=AXIS2_PLACEMENT_3D('',#1592,#1593,#1594);
#1597=DIRECTION('',(0.E0,1.E0,0.E0));
#1598=VECTOR('',#1597,2.5E-2);
#1599=CARTESIAN_POINT('',(-3.5E0,4.E-1,-4.35E0));
#1600=LINE('',#1599,#1598);
#1601=CARTESIAN_POINT('',(3.5E0,-4.E-1,-4.35E0));
#1602=CARTESIAN_POINT('',(3.5E0,-3.941112201361E-1,-4.35E0));
#1603=CARTESIAN_POINT('',(3.502154104910E0,-3.824610445051E-1,
-4.350022106743E0));
#1604=CARTESIAN_POINT('',(3.513350479684E0,-3.640556199553E-1,
-4.349777157444E0));
#1605=CARTESIAN_POINT('',(3.530067696784E0,-3.486464917070E-1,
-4.348423462334E0));
#1606=CARTESIAN_POINT('',(3.550791870349E0,-3.352400838513E-1,
-4.345149762536E0));
#1607=CARTESIAN_POINT('',(3.575276672644E0,-3.237005801675E-1,
-4.338908152743E0));
#1608=CARTESIAN_POINT('',(3.602420321058E0,-3.141753725625E-1,
-4.328761033835E0));
#1609=CARTESIAN_POINT('',(3.631970858012E0,-3.065612292137E-1,
-4.313307320536E0));
#1610=CARTESIAN_POINT('',(3.662601675652E0,-3.014327424485E-1,
-4.291312861210E0));
#1611=CARTESIAN_POINT('',(3.682984987726E0,-3.E-1,-4.271016474488E0));
#1612=CARTESIAN_POINT('',(3.692653128049E0,-3.E-1,-4.259325993651E0));
#1614=DIRECTION('',(0.E0,0.E0,-1.E0));
#1615=VECTOR('',#1614,2.593259936509E-1);
#1616=CARTESIAN_POINT('',(3.692653128049E0,-3.E-1,-4.E0));
#1617=LINE('',#1616,#1615);
#1618=DIRECTION('',(0.E0,0.E0,-1.E0));
#1619=VECTOR('',#1618,3.5E-1);
#1620=CARTESIAN_POINT('',(3.5E0,-4.E-1,-4.E0));
#1621=LINE('',#1620,#1619);
#1622=DIRECTION('',(0.E0,0.E0,-1.E0));
#1623=VECTOR('',#1622,3.5E-1);
#1624=CARTESIAN_POINT('',(3.5E0,-4.25E-1,-4.E0));
#1625=LINE('',#1624,#1623);
#1626=DIRECTION('',(-7.071067811865E-1,7.071067811865E-1,0.E0));
#1627=VECTOR('',#1626,1.707106781187E-1);
#1628=CARTESIAN_POINT('',(-3.35E0,-6.164213562373E-1,-4.E0));
#1629=LINE('',#1628,#1627);
#1630=CARTESIAN_POINT('',(-3.4E0,-4.25E-1,-4.E0));
#1631=DIRECTION('',(0.E0,0.E0,-1.E0));
#1632=DIRECTION('',(-7.071067811866E-1,-7.071067811865E-1,0.E0));
#1633=AXIS2_PLACEMENT_3D('',#1630,#1631,#1632);
#1635=DIRECTION('',(0.E0,1.E0,0.E0));
#1636=VECTOR('',#1635,2.5E-2);
#1637=CARTESIAN_POINT('',(-3.5E0,-4.25E-1,-4.E0));
#1638=LINE('',#1637,#1636);
#1639=CARTESIAN_POINT('',(-3.692653128049E0,-3.E-1,-4.E0));
#1640=CARTESIAN_POINT('',(-3.686276771524E0,-3.E-1,-4.E0));
#1641=CARTESIAN_POINT('',(-3.672739244354E0,-3.006508285254E-1,-4.E0));
#1642=CARTESIAN_POINT('',(-3.651651864318E0,-3.031797706800E-1,-4.E0));
#1643=CARTESIAN_POINT('',(-3.629329419732E0,-3.073248809863E-1,-4.E0));
#1644=CARTESIAN_POINT('',(-3.607053738248E0,-3.129828410735E-1,-4.E0));
#1645=CARTESIAN_POINT('',(-3.586042329506E0,-3.198040852508E-1,-4.E0));
#1646=CARTESIAN_POINT('',(-3.567129781854E0,-3.274295736679E-1,-4.E0));
#1647=CARTESIAN_POINT('',(-3.550605925668E0,-3.356993257493E-1,-4.E0));
#1648=CARTESIAN_POINT('',(-3.536473846062E0,-3.444557557883E-1,-4.E0));
#1649=CARTESIAN_POINT('',(-3.524697006662E0,-3.535613879521E-1,-4.E0));
#1650=CARTESIAN_POINT('',(-3.515274409293E0,-3.629028931170E-1,-4.E0));
#1651=CARTESIAN_POINT('',(-3.508212181626E0,-3.723533768046E-1,-4.E0));
#1652=CARTESIAN_POINT('',(-3.503380072743E0,-3.817435173289E-1,-4.E0));
#1653=CARTESIAN_POINT('',(-3.500607170963E0,-3.909469783471E-1,-4.E0));
#1654=CARTESIAN_POINT('',(-3.5E0,-3.970565624760E-1,-4.E0));
#1655=CARTESIAN_POINT('',(-3.5E0,-4.E-1,-4.E0));
#1657=DIRECTION('',(1.E0,0.E0,0.E0));
#1658=VECTOR('',#1657,5.734687195073E-2);
#1659=CARTESIAN_POINT('',(-3.75E0,-3.E-1,-4.E0));
#1660=LINE('',#1659,#1658);
#1661=DIRECTION('',(0.E0,1.E0,0.E0));
#1662=VECTOR('',#1661,4.35E-1);
#1663=CARTESIAN_POINT('',(-3.75E0,-7.35E-1,-4.E0));
#1664=LINE('',#1663,#1662);
#1665=CARTESIAN_POINT('',(-3.5E0,-7.35E-1,-4.E0));
#1666=DIRECTION('',(0.E0,0.E0,-1.E0));
#1667=DIRECTION('',(0.E0,-1.E0,0.E0));
#1668=AXIS2_PLACEMENT_3D('',#1665,#1666,#1667);
#1670=DIRECTION('',(-1.E0,0.E0,0.E0));
#1671=VECTOR('',#1670,1.58E-1);
#1672=CARTESIAN_POINT('',(-3.342E0,-9.85E-1,-4.E0));
#1673=LINE('',#1672,#1671);
#1674=DIRECTION('',(0.E0,-1.E0,0.E0));
#1675=VECTOR('',#1674,2.85E-1);
#1676=CARTESIAN_POINT('',(-3.342E0,-7.E-1,-4.E0));
#1677=LINE('',#1676,#1675);
#1678=DIRECTION('',(0.E0,-1.E0,0.E0));
#1679=VECTOR('',#1678,2.85E-1);
#1680=CARTESIAN_POINT('',(-3.342E0,9.85E-1,-4.E0));
#1681=LINE('',#1680,#1679);
#1682=DIRECTION('',(1.E0,0.E0,0.E0));
#1683=VECTOR('',#1682,1.58E-1);
#1684=CARTESIAN_POINT('',(-3.5E0,9.85E-1,-4.E0));
#1685=LINE('',#1684,#1683);
#1686=CARTESIAN_POINT('',(-3.5E0,7.35E-1,-4.E0));
#1687=DIRECTION('',(0.E0,0.E0,-1.E0));
#1688=DIRECTION('',(-1.E0,0.E0,0.E0));
#1689=AXIS2_PLACEMENT_3D('',#1686,#1687,#1688);
#1691=DIRECTION('',(0.E0,1.E0,0.E0));
#1692=VECTOR('',#1691,4.35E-1);
#1693=CARTESIAN_POINT('',(-3.75E0,3.E-1,-4.E0));
#1694=LINE('',#1693,#1692);
#1695=DIRECTION('',(1.E0,0.E0,0.E0));
#1696=VECTOR('',#1695,5.734687195073E-2);
#1697=CARTESIAN_POINT('',(-3.75E0,3.E-1,-4.E0));
#1698=LINE('',#1697,#1696);
#1699=CARTESIAN_POINT('',(-3.5E0,4.E-1,-4.E0));
#1700=CARTESIAN_POINT('',(-3.5E0,3.970587151582E-1,-4.E0));
#1701=CARTESIAN_POINT('',(-3.500606229311E0,3.909540544612E-1,-4.E0));
#1702=CARTESIAN_POINT('',(-3.503375710121E0,3.817547099878E-1,-4.E0));
#1703=CARTESIAN_POINT('',(-3.508204144816E0,3.723660721763E-1,-4.E0));
#1704=CARTESIAN_POINT('',(-3.515265538640E0,3.629127132897E-1,-4.E0));
#1705=CARTESIAN_POINT('',(-3.524688771039E0,3.535682786233E-1,-4.E0));
#1706=CARTESIAN_POINT('',(-3.536467814200E0,3.444598083565E-1,-4.E0));
#1707=CARTESIAN_POINT('',(-3.550601915101E0,3.357014380108E-1,-4.E0));
#1708=CARTESIAN_POINT('',(-3.567127878335E0,3.274303462586E-1,-4.E0));
#1709=CARTESIAN_POINT('',(-3.586042142811E0,3.198041353658E-1,-4.E0));
#1710=CARTESIAN_POINT('',(-3.607053403398E0,3.129829597309E-1,-4.E0));
#1711=CARTESIAN_POINT('',(-3.629328596168E0,3.073250790375E-1,-4.E0));
#1712=CARTESIAN_POINT('',(-3.651651186812E0,3.031798496252E-1,-4.E0));
#1713=CARTESIAN_POINT('',(-3.672739116797E0,3.006508214621E-1,-4.E0));
#1714=CARTESIAN_POINT('',(-3.686277050982E0,3.E-1,-4.E0));
#1715=CARTESIAN_POINT('',(-3.692653128049E0,3.E-1,-4.E0));
#1717=DIRECTION('',(0.E0,1.E0,0.E0));
#1718=VECTOR('',#1717,2.5E-2);
#1719=CARTESIAN_POINT('',(-3.5E0,4.E-1,-4.E0));
#1720=LINE('',#1719,#1718);
#1721=CARTESIAN_POINT('',(-3.4E0,4.25E-1,-4.E0));
#1722=DIRECTION('',(0.E0,0.E0,-1.E0));
#1723=DIRECTION('',(-1.E0,3.386180225107E-14,0.E0));
#1724=AXIS2_PLACEMENT_3D('',#1721,#1722,#1723);
#1726=DIRECTION('',(7.071067811865E-1,7.071067811865E-1,0.E0));
#1727=VECTOR('',#1726,1.707106781187E-1);
#1728=CARTESIAN_POINT('',(-3.470710678119E0,4.957106781187E-1,-4.E0));
#1729=LINE('',#1728,#1727);
#1730=DIRECTION('',(-1.E0,0.E0,0.E0));
#1731=VECTOR('',#1730,5.734687195073E-2);
#1732=CARTESIAN_POINT('',(3.75E0,-3.E-1,-4.E0));
#1733=LINE('',#1732,#1731);
#1734=CARTESIAN_POINT('',(3.692653128049E0,-3.E-1,-4.E0));
#1735=CARTESIAN_POINT('',(3.686276771524E0,-3.E-1,-4.E0));
#1736=CARTESIAN_POINT('',(3.672739244354E0,-3.006508285254E-1,-4.E0));
#1737=CARTESIAN_POINT('',(3.651651864318E0,-3.031797706800E-1,-4.E0));
#1738=CARTESIAN_POINT('',(3.629329419732E0,-3.073248809863E-1,-4.E0));
#1739=CARTESIAN_POINT('',(3.607053738248E0,-3.129828410735E-1,-4.E0));
#1740=CARTESIAN_POINT('',(3.586042329506E0,-3.198040852508E-1,-4.E0));
#1741=CARTESIAN_POINT('',(3.567129781854E0,-3.274295736679E-1,-4.E0));
#1742=CARTESIAN_POINT('',(3.550605925668E0,-3.356993257493E-1,-4.E0));
#1743=CARTESIAN_POINT('',(3.536473846062E0,-3.444557557883E-1,-4.E0));
#1744=CARTESIAN_POINT('',(3.524697006662E0,-3.535613879521E-1,-4.E0));
#1745=CARTESIAN_POINT('',(3.515274409293E0,-3.629028931170E-1,-4.E0));
#1746=CARTESIAN_POINT('',(3.508212181626E0,-3.723533768046E-1,-4.E0));
#1747=CARTESIAN_POINT('',(3.503380072743E0,-3.817435173289E-1,-4.E0));
#1748=CARTESIAN_POINT('',(3.500607170963E0,-3.909469783471E-1,-4.E0));
#1749=CARTESIAN_POINT('',(3.5E0,-3.970565624760E-1,-4.E0));
#1750=CARTESIAN_POINT('',(3.5E0,-4.E-1,-4.E0));
#1752=DIRECTION('',(0.E0,-1.E0,0.E0));
#1753=VECTOR('',#1752,2.5E-2);
#1754=CARTESIAN_POINT('',(3.5E0,-4.E-1,-4.E0));
#1755=LINE('',#1754,#1753);
#1756=CARTESIAN_POINT('',(3.4E0,-4.25E-1,-4.E0));
#1757=DIRECTION('',(0.E0,0.E0,-1.E0));
#1758=DIRECTION('',(1.E0,0.E0,0.E0));
#1759=AXIS2_PLACEMENT_3D('',#1756,#1757,#1758);
#1761=DIRECTION('',(-7.071067811865E-1,-7.071067811866E-1,0.E0));
#1762=VECTOR('',#1761,1.707106781187E-1);
#1763=CARTESIAN_POINT('',(3.470710678119E0,-4.957106781187E-1,-4.E0));
#1764=LINE('',#1763,#1762);
#1765=DIRECTION('',(0.E0,-1.E0,0.E0));
#1766=VECTOR('',#1765,2.85E-1);
#1767=CARTESIAN_POINT('',(3.342E0,-7.E-1,-4.E0));
#1768=LINE('',#1767,#1766);
#1769=DIRECTION('',(-1.E0,0.E0,0.E0));
#1770=VECTOR('',#1769,1.58E-1);
#1771=CARTESIAN_POINT('',(3.5E0,-9.85E-1,-4.E0));
#1772=LINE('',#1771,#1770);
#1773=CARTESIAN_POINT('',(3.5E0,-7.35E-1,-4.E0));
#1774=DIRECTION('',(0.E0,0.E0,-1.E0));
#1775=DIRECTION('',(1.E0,0.E0,0.E0));
#1776=AXIS2_PLACEMENT_3D('',#1773,#1774,#1775);
#1778=DIRECTION('',(0.E0,-1.E0,0.E0));
#1779=VECTOR('',#1778,4.35E-1);
#1780=CARTESIAN_POINT('',(3.75E0,-3.E-1,-4.E0));
#1781=LINE('',#1780,#1779);
#1782=DIRECTION('',(7.071067811865E-1,-7.071067811865E-1,0.E0));
#1783=VECTOR('',#1782,1.707106781187E-1);
#1784=CARTESIAN_POINT('',(3.35E0,6.164213562373E-1,-4.E0));
#1785=LINE('',#1784,#1783);
#1786=CARTESIAN_POINT('',(3.4E0,4.25E-1,-4.E0));
#1787=DIRECTION('',(0.E0,0.E0,-1.E0));
#1788=DIRECTION('',(7.071067811865E-1,7.071067811866E-1,0.E0));
#1789=AXIS2_PLACEMENT_3D('',#1786,#1787,#1788);
#1791=DIRECTION('',(0.E0,-1.E0,0.E0));
#1792=VECTOR('',#1791,2.5E-2);
#1793=CARTESIAN_POINT('',(3.5E0,4.25E-1,-4.E0));
#1794=LINE('',#1793,#1792);
#1795=CARTESIAN_POINT('',(3.5E0,4.E-1,-4.E0));
#1796=CARTESIAN_POINT('',(3.5E0,3.970587151582E-1,-4.E0));
#1797=CARTESIAN_POINT('',(3.500606229311E0,3.909540544612E-1,-4.E0));
#1798=CARTESIAN_POINT('',(3.503375710121E0,3.817547099878E-1,-4.E0));
#1799=CARTESIAN_POINT('',(3.508204144816E0,3.723660721763E-1,-4.E0));
#1800=CARTESIAN_POINT('',(3.515265538640E0,3.629127132897E-1,-4.E0));
#1801=CARTESIAN_POINT('',(3.524688771039E0,3.535682786233E-1,-4.E0));
#1802=CARTESIAN_POINT('',(3.536467814200E0,3.444598083565E-1,-4.E0));
#1803=CARTESIAN_POINT('',(3.550601915101E0,3.357014380108E-1,-4.E0));
#1804=CARTESIAN_POINT('',(3.567127878335E0,3.274303462586E-1,-4.E0));
#1805=CARTESIAN_POINT('',(3.586042142811E0,3.198041353658E-1,-4.E0));
#1806=CARTESIAN_POINT('',(3.607053403398E0,3.129829597309E-1,-4.E0));
#1807=CARTESIAN_POINT('',(3.629328596168E0,3.073250790375E-1,-4.E0));
#1808=CARTESIAN_POINT('',(3.651651186812E0,3.031798496252E-1,-4.E0));
#1809=CARTESIAN_POINT('',(3.672739116797E0,3.006508214621E-1,-4.E0));
#1810=CARTESIAN_POINT('',(3.686277050982E0,3.E-1,-4.E0));
#1811=CARTESIAN_POINT('',(3.692653128049E0,3.E-1,-4.E0));
#1813=DIRECTION('',(-1.E0,0.E0,0.E0));
#1814=VECTOR('',#1813,5.734687195073E-2);
#1815=CARTESIAN_POINT('',(3.75E0,3.E-1,-4.E0));
#1816=LINE('',#1815,#1814);
#1817=DIRECTION('',(0.E0,-1.E0,0.E0));
#1818=VECTOR('',#1817,4.35E-1);
#1819=CARTESIAN_POINT('',(3.75E0,7.35E-1,-4.E0));
#1820=LINE('',#1819,#1818);
#1821=CARTESIAN_POINT('',(3.5E0,7.35E-1,-4.E0));
#1822=DIRECTION('',(0.E0,0.E0,-1.E0));
#1823=DIRECTION('',(0.E0,1.E0,0.E0));
#1824=AXIS2_PLACEMENT_3D('',#1821,#1822,#1823);
#1826=DIRECTION('',(1.E0,0.E0,0.E0));
#1827=VECTOR('',#1826,1.58E-1);
#1828=CARTESIAN_POINT('',(3.342E0,9.85E-1,-4.E0));
#1829=LINE('',#1828,#1827);
#1830=DIRECTION('',(0.E0,-1.E0,0.E0));
#1831=VECTOR('',#1830,2.85E-1);
#1832=CARTESIAN_POINT('',(3.342E0,9.85E-1,-4.E0));
#1833=LINE('',#1832,#1831);
#1834=DIRECTION('',(0.E0,0.E0,-1.E0));
#1835=VECTOR('',#1834,2.E-1);
#1836=CARTESIAN_POINT('',(-3.320710678119E0,-6.457106781187E-1,-4.15E0));
#1837=LINE('',#1836,#1835);
#1838=DIRECTION('',(0.E0,0.E0,-1.E0));
#1839=VECTOR('',#1838,2.E-1);
#1840=CARTESIAN_POINT('',(-3.25E0,-6.75E-1,-4.15E0));
#1841=LINE('',#1840,#1839);
#1842=DIRECTION('',(0.E0,0.E0,-1.E0));
#1843=VECTOR('',#1842,2.E-1);
#1844=CARTESIAN_POINT('',(-2.349802646526E0,-6.75E-1,-4.15E0));
#1845=LINE('',#1844,#1843);
#1846=DIRECTION('',(0.E0,0.E0,-1.E0));
#1847=VECTOR('',#1846,2.E-1);
#1848=CARTESIAN_POINT('',(-2.154901323263E0,-5.198717526991E-1,-4.15E0));
#1849=LINE('',#1848,#1847);
#1850=DIRECTION('',(-3.330669073875E-14,-1.165734175856E-14,-1.E0));
#1851=VECTOR('',#1850,2.E-1);
#1852=CARTESIAN_POINT('',(-2.005E0,-3.698717526990E-1,-4.15E0));
#1853=LINE('',#1852,#1851);
#1854=DIRECTION('',(0.E0,0.E0,-1.E0));
#1855=VECTOR('',#1854,2.E-1);
#1856=CARTESIAN_POINT('',(-1.85E0,-1.75E-1,-4.15E0));
#1857=LINE('',#1856,#1855);
#1858=DIRECTION('',(0.E0,0.E0,-1.E0));
#1859=VECTOR('',#1858,2.E-1);
#1860=CARTESIAN_POINT('',(-1.85E0,1.75E-1,-4.15E0));
#1861=LINE('',#1860,#1859);
#1862=DIRECTION('',(0.E0,0.E0,-1.E0));
#1863=VECTOR('',#1862,2.E-1);
#1864=CARTESIAN_POINT('',(-2.005E0,3.698717526991E-1,-4.15E0));
#1865=LINE('',#1864,#1863);
#1866=DIRECTION('',(0.E0,1.998401444325E-14,-1.E0));
#1867=VECTOR('',#1866,2.E-1);
#1868=CARTESIAN_POINT('',(-2.154901323263E0,5.198717526990E-1,-4.15E0));
#1869=LINE('',#1868,#1867);
#1870=DIRECTION('',(0.E0,0.E0,-1.E0));
#1871=VECTOR('',#1870,2.E-1);
#1872=CARTESIAN_POINT('',(-2.349802646526E0,6.75E-1,-4.15E0));
#1873=LINE('',#1872,#1871);
#1874=DIRECTION('',(0.E0,0.E0,-1.E0));
#1875=VECTOR('',#1874,2.E-1);
#1876=CARTESIAN_POINT('',(-3.25E0,6.75E-1,-4.15E0));
#1877=LINE('',#1876,#1875);
#1878=DIRECTION('',(0.E0,0.E0,-1.E0));
#1879=VECTOR('',#1878,2.E-1);
#1880=CARTESIAN_POINT('',(-3.320710678119E0,6.457106781187E-1,-4.15E0));
#1881=LINE('',#1880,#1879);
#1882=DIRECTION('',(0.E0,0.E0,-1.E0));
#1883=VECTOR('',#1882,3.5E-1);
#1884=CARTESIAN_POINT('',(-3.470710678119E0,4.957106781187E-1,-4.E0));
#1885=LINE('',#1884,#1883);
#1886=DIRECTION('',(0.E0,0.E0,-1.E0));
#1887=VECTOR('',#1886,3.5E-1);
#1888=CARTESIAN_POINT('',(-3.5E0,4.25E-1,-4.E0));
#1889=LINE('',#1888,#1887);
#1890=DIRECTION('',(0.E0,0.E0,-1.E0));
#1891=VECTOR('',#1890,3.5E-1);
#1892=CARTESIAN_POINT('',(-3.470710678119E0,-4.957106781187E-1,-4.E0));
#1893=LINE('',#1892,#1891);
#1894=DIRECTION('',(0.E0,0.E0,-1.E0));
#1895=VECTOR('',#1894,3.5E-1);
#1896=CARTESIAN_POINT('',(-3.5E0,-4.25E-1,-4.E0));
#1897=LINE('',#1896,#1895);
#1898=CARTESIAN_POINT('',(-3.692653128049E0,-3.E-1,-4.259325993651E0));
#1899=CARTESIAN_POINT('',(-3.683055216586E0,-3.E-1,-4.270931555454E0));
#1900=CARTESIAN_POINT('',(-3.662828229346E0,-3.014083026410E-1,
-4.291112080075E0));
#1901=CARTESIAN_POINT('',(-3.632267248188E0,-3.065049073643E-1,
-4.313113493401E0));
#1902=CARTESIAN_POINT('',(-3.602983191260E0,-3.140085383745E-1,
-4.328505142625E0));
#1903=CARTESIAN_POINT('',(-3.575732796432E0,-3.235173820704E-1,
-4.338766119682E0));
#1904=CARTESIAN_POINT('',(-3.551358938065E0,-3.349399036285E-1,
-4.345031482992E0));
#1905=CARTESIAN_POINT('',(-3.530362695028E0,-3.483687052523E-1,
-4.348400790349E0));
#1906=CARTESIAN_POINT('',(-3.513226983617E0,-3.642182898668E-1,
-4.349784095611E0));
#1907=CARTESIAN_POINT('',(-3.502334736464E0,-3.821101990219E-1,
-4.350018075376E0));
#1908=CARTESIAN_POINT('',(-3.5E0,-3.939687958376E-1,-4.35E0));
#1909=CARTESIAN_POINT('',(-3.5E0,-4.E-1,-4.35E0));
#1911=DIRECTION('',(0.E0,0.E0,-1.E0));
#1912=VECTOR('',#1911,3.5E-1);
#1913=CARTESIAN_POINT('',(-3.5E0,-4.E-1,-4.E0));
#1914=LINE('',#1913,#1912);
#1915=CARTESIAN_POINT('',(-3.5E0,-3.E-1,-4.1E0));
#1916=DIRECTION('',(0.E0,-1.E0,0.E0));
#1917=DIRECTION('',(-1.E0,0.E0,0.E0));
#1918=AXIS2_PLACEMENT_3D('',#1915,#1916,#1917);
#1920=DIRECTION('',(0.E0,0.E0,-1.E0));
#1921=VECTOR('',#1920,2.593259936509E-1);
#1922=CARTESIAN_POINT('',(-3.692653128049E0,-3.E-1,-4.E0));
#1923=LINE('',#1922,#1921);
#1924=DIRECTION('',(0.E0,0.E0,-1.E0));
#1925=VECTOR('',#1924,2.7E0);
#1926=CARTESIAN_POINT('',(-3.5E0,-9.85E-1,-1.3E0));
#1927=LINE('',#1926,#1925);
#1928=CARTESIAN_POINT('',(-2.299E0,-9.85E-1,-3.95E0));
#1929=DIRECTION('',(0.E0,-1.E0,0.E0));
#1930=DIRECTION('',(0.E0,0.E0,-1.E0));
#1931=AXIS2_PLACEMENT_3D('',#1928,#1929,#1930);
#1933=DIRECTION('',(-1.E0,0.E0,0.E0));
#1934=VECTOR('',#1933,8.909452562225E-1);
#1935=CARTESIAN_POINT('',(-2.299E0,-9.85E-1,-4.05E0));
#1936=LINE('',#1935,#1934);
#1937=CARTESIAN_POINT('',(-3.189945256222E0,-9.85E-1,-3.85E0));
#1938=DIRECTION('',(0.E0,1.E0,0.E0));
#1939=DIRECTION('',(0.E0,0.E0,-1.E0));
#1940=AXIS2_PLACEMENT_3D('',#1937,#1938,#1939);
#1942=DIRECTION('',(-9.074770925238E-1,0.E0,4.201015669389E-1));
#1943=VECTOR('',#1942,7.497096174682E-2);
#1944=CARTESIAN_POINT('',(-3.273965569610E0,-9.85E-1,-4.031495418505E0));
#1945=LINE('',#1944,#1943);
#1946=CARTESIAN_POINT('',(-1.92E0,-9.85E-1,-1.5E0));
#1947=DIRECTION('',(0.E0,1.E0,0.E0));
#1948=DIRECTION('',(0.E0,0.E0,1.E0));
#1949=AXIS2_PLACEMENT_3D('',#1946,#1947,#1948);
#1951=DIRECTION('',(0.E0,0.E0,-1.E0));
#1952=VECTOR('',#1951,3.5E-1);
#1953=CARTESIAN_POINT('',(-1.72E0,-9.85E-1,-1.5E0));
#1954=LINE('',#1953,#1952);
#1955=DIRECTION('',(-1.E0,2.874689540636E-9,0.E0));
#1956=VECTOR('',#1955,2.399786676233E-1);
#1957=CARTESIAN_POINT('',(-1.72E0,-9.85E-1,-1.85E0));
#1958=LINE('',#1957,#1956);
#1959=DIRECTION('',(1.123348561142E-5,-3.630863445931E-10,-9.999999999369E-1));
#1960=VECTOR('',#1959,1.900000000120E0);
#1961=CARTESIAN_POINT('',(-1.959978667623E0,-9.849999993101E-1,-1.85E0));
#1962=LINE('',#1961,#1960);
#1963=DIRECTION('',(-1.E0,0.E0,0.E0));
#1964=VECTOR('',#1963,1.390426759993E-1);
#1965=CARTESIAN_POINT('',(-1.959957324001E0,-9.85E-1,-3.75E0));
#1966=LINE('',#1965,#1964);
#1967=DIRECTION('',(0.E0,0.E0,-1.E0));
#1968=VECTOR('',#1967,1.E-1);
#1969=CARTESIAN_POINT('',(-2.199E0,-9.85E-1,-3.85E0));
#1970=LINE('',#1969,#1968);
#1971=CARTESIAN_POINT('',(2.299E0,-9.85E-1,-3.95E0));
#1972=DIRECTION('',(0.E0,-1.E0,0.E0));
#1973=DIRECTION('',(-1.E0,0.E0,0.E0));
#1974=AXIS2_PLACEMENT_3D('',#1971,#1972,#1973);
#1976=DIRECTION('',(0.E0,0.E0,1.E0));
#1977=VECTOR('',#1976,1.E-1);
#1978=CARTESIAN_POINT('',(2.199E0,-9.85E-1,-3.95E0));
#1979=LINE('',#1978,#1977);
#1980=DIRECTION('',(1.E0,0.E0,0.E0));
#1981=VECTOR('',#1980,1.390426759993E-1);
#1982=CARTESIAN_POINT('',(1.959957324001E0,-9.85E-1,-3.75E0));
#1983=LINE('',#1982,#1981);
#1984=DIRECTION('',(-1.E0,-1.437280375206E-9,0.E0));
#1985=VECTOR('',#1984,2.399893422497E-1);
#1986=CARTESIAN_POINT('',(1.959989342250E0,-9.849999996551E-1,-1.85E0));
#1987=LINE('',#1986,#1985);
#1988=DIRECTION('',(0.E0,0.E0,1.E0));
#1989=VECTOR('',#1988,3.5E-1);
#1990=CARTESIAN_POINT('',(1.72E0,-9.85E-1,-1.85E0));
#1991=LINE('',#1990,#1989);
#1992=CARTESIAN_POINT('',(1.92E0,-9.85E-1,-1.5E0));
#1993=DIRECTION('',(0.E0,1.E0,0.E0));
#1994=DIRECTION('',(-1.E0,0.E0,0.E0));
#1995=AXIS2_PLACEMENT_3D('',#1992,#1993,#1994);
#1997=DIRECTION('',(0.E0,0.E0,-1.E0));
#1998=VECTOR('',#1997,2.7E0);
#1999=CARTESIAN_POINT('',(3.5E0,-9.85E-1,-1.3E0));
#2000=LINE('',#1999,#1998);
#2001=DIRECTION('',(-9.074770925238E-1,0.E0,-4.201015669389E-1));
#2002=VECTOR('',#2001,7.497096174682E-2);
#2003=CARTESIAN_POINT('',(3.342E0,-9.85E-1,-4.E0));
#2004=LINE('',#2003,#2002);
#2005=CARTESIAN_POINT('',(3.189945256222E0,-9.85E-1,-3.85E0));
#2006=DIRECTION('',(0.E0,1.E0,0.E0));
#2007=DIRECTION('',(4.201015669389E-1,0.E0,-9.074770925238E-1));
#2008=AXIS2_PLACEMENT_3D('',#2005,#2006,#2007);
#2010=DIRECTION('',(-1.E0,0.E0,0.E0));
#2011=VECTOR('',#2010,8.909452562225E-1);
#2012=CARTESIAN_POINT('',(3.189945256222E0,-9.85E-1,-4.05E0));
#2013=LINE('',#2012,#2011);
#2014=CARTESIAN_POINT('',(-2.299E0,-7.E-1,-3.95E0));
#2015=DIRECTION('',(0.E0,1.E0,0.E0));
#2016=DIRECTION('',(1.E0,0.E0,0.E0));
#2017=AXIS2_PLACEMENT_3D('',#2014,#2015,#2016);
#2019=DIRECTION('',(0.E0,-1.E0,0.E0));
#2020=VECTOR('',#2019,2.85E-1);
#2021=CARTESIAN_POINT('',(-2.299E0,9.85E-1,-4.05E0));
#2022=LINE('',#2021,#2020);
#2023=DIRECTION('',(0.E0,-1.E0,0.E0));
#2024=VECTOR('',#2023,2.85E-1);
#2025=CARTESIAN_POINT('',(-2.299E0,-7.E-1,-4.05E0));
#2026=LINE('',#2025,#2024);
#2027=DIRECTION('',(0.E0,-1.E0,0.E0));
#2028=VECTOR('',#2027,2.85E-1);
#2029=CARTESIAN_POINT('',(-3.189945256222E0,-7.E-1,-4.05E0));
#2030=LINE('',#2029,#2028);
#2031=DIRECTION('',(0.E0,-1.E0,0.E0));
#2032=VECTOR('',#2031,2.85E-1);
#2033=CARTESIAN_POINT('',(-3.189945256222E0,9.85E-1,-4.05E0));
#2034=LINE('',#2033,#2032);
#2035=DIRECTION('',(-1.714028529246E-14,-1.E0,0.E0));
#2036=VECTOR('',#2035,2.85E-1);
#2037=CARTESIAN_POINT('',(-3.273965569610E0,9.85E-1,-4.031495418505E0));
#2038=LINE('',#2037,#2036);
#2039=DIRECTION('',(1.090745427702E-14,-1.E0,0.E0));
#2040=VECTOR('',#2039,2.85E-1);
#2041=CARTESIAN_POINT('',(-3.273965569610E0,-7.E-1,-4.031495418505E0));
#2042=LINE('',#2041,#2040);
#2043=DIRECTION('',(0.E0,1.E0,0.E0));
#2044=VECTOR('',#2043,2.85E-1);
#2045=CARTESIAN_POINT('',(-1.92E0,-9.85E-1,-1.3E0));
#2046=LINE('',#2045,#2044);
#2047=DIRECTION('',(0.E0,1.E0,0.E0));
#2048=VECTOR('',#2047,2.85E-1);
#2049=CARTESIAN_POINT('',(-1.72E0,-9.85E-1,-1.5E0));
#2050=LINE('',#2049,#2048);
#2051=DIRECTION('',(0.E0,-1.E0,0.E0));
#2052=VECTOR('',#2051,4.895963871127E-2);
#2053=CARTESIAN_POINT('',(-1.72E0,-7.E-1,-1.85E0));
#2054=LINE('',#2053,#2052);
#2055=DIRECTION('',(1.E0,0.E0,0.E0));
#2056=VECTOR('',#2055,1.601439900613E-2);
#2057=CARTESIAN_POINT('',(-1.72E0,-7.E-1,-1.85E0));
#2058=LINE('',#2057,#2056);
#2059=DIRECTION('',(0.E0,-1.E0,0.E0));
#2060=VECTOR('',#2059,4.895963871127E-2);
#2061=CARTESIAN_POINT('',(1.72E0,-7.E-1,-1.85E0));
#2062=LINE('',#2061,#2060);
#2063=DIRECTION('',(1.E0,0.E0,0.E0));
#2064=VECTOR('',#2063,1.601439900613E-2);
#2065=CARTESIAN_POINT('',(1.703985600994E0,-7.E-1,-1.85E0));
#2066=LINE('',#2065,#2064);
#2067=DIRECTION('',(2.879789285296E-3,9.999958533982E-1,0.E0));
#2068=VECTOR('',#2067,5.000020733095E-3);
#2069=CARTESIAN_POINT('',(-1.704E0,-7.05E-1,-1.85E0));
#2070=LINE('',#2069,#2068);
#2071=DIRECTION('',(-2.879789285296E-3,-9.999958533982E-1,0.E0));
#2072=VECTOR('',#2071,5.000020733095E-3);
#2073=CARTESIAN_POINT('',(-1.703985600994E0,-7.E-1,-3.75E0));
#2074=LINE('',#2073,#2072);
#2075=DIRECTION('',(-3.420201433257E-1,-9.396926207859E-1,0.E0));
#2076=VECTOR('',#2075,9.714324748451E-2);
#2077=CARTESIAN_POINT('',(-1.72E0,-7.489596387113E-1,-1.85E0));
#2078=LINE('',#2077,#2076);
#2079=DIRECTION('',(-3.420201433257E-1,-9.396926207859E-1,0.E0));
#2080=VECTOR('',#2079,4.678087040261E-2);
#2081=CARTESIAN_POINT('',(-1.704E0,-7.05E-1,-1.85E0));
#2082=LINE('',#2081,#2080);
#2083=DIRECTION('',(0.E0,0.E0,-1.E0));
#2084=VECTOR('',#2083,1.9E0);
#2085=CARTESIAN_POINT('',(-1.704E0,-7.05E-1,-1.85E0));
#2086=LINE('',#2085,#2084);
#2087=DIRECTION('',(-3.420201433257E-1,-9.396926207859E-1,0.E0));
#2088=VECTOR('',#2087,1.439241178871E-1);
#2089=CARTESIAN_POINT('',(-1.704E0,-7.05E-1,-3.75E0));
#2090=LINE('',#2089,#2088);
#2091=DIRECTION('',(0.E0,1.E0,0.E0));
#2092=VECTOR('',#2091,2.360403612887E-1);
#2093=CARTESIAN_POINT('',(-1.72E0,-9.85E-1,-1.85E0));
#2094=LINE('',#2093,#2092);
#2095=CARTESIAN_POINT('',(-1.959957324001E0,-7.65E-1,-1.85E0));
#2096=DIRECTION('',(0.E0,0.E0,-1.E0));
#2097=DIRECTION('',(9.396926207859E-1,-3.420201433257E-1,0.E0));
#2098=AXIS2_PLACEMENT_3D('',#2095,#2096,#2097);
#2100=DIRECTION('',(0.E0,0.E0,-1.E0));
#2101=VECTOR('',#2100,1.9E0);
#2102=CARTESIAN_POINT('',(-1.753224947428E0,-8.402444315316E-1,-1.85E0));
#2103=LINE('',#2102,#2101);
#2104=CARTESIAN_POINT('',(-1.959957324001E0,-7.65E-1,-3.75E0));
#2105=DIRECTION('',(0.E0,0.E0,-1.E0));
#2106=DIRECTION('',(9.396926207859E-1,-3.420201433257E-1,0.E0));
#2107=AXIS2_PLACEMENT_3D('',#2104,#2105,#2106);
#2109=DIRECTION('',(0.E0,1.E0,0.E0));
#2110=VECTOR('',#2109,2.360403612887E-1);
#2111=CARTESIAN_POINT('',(1.72E0,-9.85E-1,-1.85E0));
#2112=LINE('',#2111,#2110);
#2113=DIRECTION('',(0.E0,1.E0,0.E0));
#2114=VECTOR('',#2113,2.85E-1);
#2115=CARTESIAN_POINT('',(1.72E0,-9.85E-1,-1.5E0));
#2116=LINE('',#2115,#2114);
#2117=CARTESIAN_POINT('',(1.959957324001E0,-7.65E-1,-1.85E0));
#2118=DIRECTION('',(0.E0,0.E0,-1.E0));
#2119=DIRECTION('',(1.941352152449E-4,-9.999999811558E-1,0.E0));
#2120=AXIS2_PLACEMENT_3D('',#2117,#2118,#2119);
#2122=DIRECTION('',(-1.685171000048E-5,-1.815431430658E-10,-9.999999998580E-1));
#2123=VECTOR('',#2122,1.900000000270E0);
#2124=CARTESIAN_POINT('',(1.959989342250E0,-9.849999996551E-1,-1.85E0));
#2125=LINE('',#2124,#2123);
#2126=CARTESIAN_POINT('',(1.959957324001E0,-7.65E-1,-3.75E0));
#2127=DIRECTION('',(0.E0,0.E0,-1.E0));
#2128=DIRECTION('',(0.E0,-1.E0,0.E0));
#2129=AXIS2_PLACEMENT_3D('',#2126,#2127,#2128);
#2131=DIRECTION('',(-3.420201433257E-1,9.396926207859E-1,0.E0));
#2132=VECTOR('',#2131,9.714324748451E-2);
#2133=CARTESIAN_POINT('',(1.753224947428E0,-8.402444315316E-1,-1.85E0));
#2134=LINE('',#2133,#2132);
#2135=DIRECTION('',(0.E0,0.E0,-1.E0));
#2136=VECTOR('',#2135,1.9E0);
#2137=CARTESIAN_POINT('',(1.753224947428E0,-8.402444315316E-1,-1.85E0));
#2138=LINE('',#2137,#2136);
#2139=DIRECTION('',(-3.420201433257E-1,9.396926207859E-1,0.E0));
#2140=VECTOR('',#2139,1.439241178871E-1);
#2141=CARTESIAN_POINT('',(1.753224947428E0,-8.402444315316E-1,-3.75E0));
#2142=LINE('',#2141,#2140);
#2143=DIRECTION('',(-3.420201433257E-1,9.396926207859E-1,0.E0));
#2144=VECTOR('',#2143,4.678087040261E-2);
#2145=CARTESIAN_POINT('',(1.72E0,-7.489596387113E-1,-1.85E0));
#2146=LINE('',#2145,#2144);
#2147=DIRECTION('',(-2.879789285252E-3,9.999958533982E-1,0.E0));
#2148=VECTOR('',#2147,5.000020733094E-3);
#2149=CARTESIAN_POINT('',(1.704E0,-7.05E-1,-1.85E0));
#2150=LINE('',#2149,#2148);
#2151=DIRECTION('',(0.E0,0.E0,-1.E0));
#2152=VECTOR('',#2151,1.9E0);
#2153=CARTESIAN_POINT('',(1.704E0,-7.05E-1,-1.85E0));
#2154=LINE('',#2153,#2152);
#2155=DIRECTION('',(-2.879789285297E-3,9.999958533982E-1,0.E0));
#2156=VECTOR('',#2155,5.000020733094E-3);
#2157=CARTESIAN_POINT('',(1.704E0,-7.05E-1,-3.75E0));
#2158=LINE('',#2157,#2156);
#2159=CARTESIAN_POINT('',(-2.099E0,-9.85E-1,-3.85E0));
#2160=DIRECTION('',(0.E0,1.E0,0.E0));
#2161=DIRECTION('',(-1.E0,0.E0,0.E0));
#2162=AXIS2_PLACEMENT_3D('',#2159,#2160,#2161);
#2164=CARTESIAN_POINT('',(2.299E0,-7.E-1,-3.95E0));
#2165=DIRECTION('',(0.E0,1.E0,0.E0));
#2166=DIRECTION('',(0.E0,0.E0,-1.E0));
#2167=AXIS2_PLACEMENT_3D('',#2164,#2165,#2166);
#2169=DIRECTION('',(0.E0,-1.E0,0.E0));
#2170=VECTOR('',#2169,2.85E-1);
#2171=CARTESIAN_POINT('',(2.299E0,9.85E-1,-4.05E0));
#2172=LINE('',#2171,#2170);
#2173=DIRECTION('',(1.402386978474E-14,-1.E0,0.E0));
#2174=VECTOR('',#2173,2.85E-1);
#2175=CARTESIAN_POINT('',(3.189945256222E0,9.85E-1,-4.05E0));
#2176=LINE('',#2175,#2174);
#2177=DIRECTION('',(0.E0,-1.E0,0.E0));
#2178=VECTOR('',#2177,2.85E-1);
#2179=CARTESIAN_POINT('',(2.299E0,-7.E-1,-4.05E0));
#2180=LINE('',#2179,#2178);
#2181=DIRECTION('',(-1.402386978474E-14,-1.E0,0.E0));
#2182=VECTOR('',#2181,2.85E-1);
#2183=CARTESIAN_POINT('',(3.189945256222E0,-7.E-1,-4.05E0));
#2184=LINE('',#2183,#2182);
#2185=CARTESIAN_POINT('',(2.299E0,7.E-1,-3.95E0));
#2186=DIRECTION('',(0.E0,-1.E0,0.E0));
#2187=DIRECTION('',(-1.E0,0.E0,0.E0));
#2188=AXIS2_PLACEMENT_3D('',#2185,#2186,#2187);
#2190=DIRECTION('',(0.E0,-1.E0,0.E0));
#2191=VECTOR('',#2190,2.85E-1);
#2192=CARTESIAN_POINT('',(2.199E0,9.85E-1,-3.95E0));
#2193=LINE('',#2192,#2191);
#2194=DIRECTION('',(0.E0,0.E0,1.E0));
#2195=VECTOR('',#2194,1.E-1);
#2196=CARTESIAN_POINT('',(2.199E0,9.85E-1,-3.95E0));
#2197=LINE('',#2196,#2195);
#2198=DIRECTION('',(0.E0,1.E0,0.E0));
#2199=VECTOR('',#2198,2.E-1);
#2200=CARTESIAN_POINT('',(2.199E0,7.85E-1,-3.85E0));
#2201=LINE('',#2200,#2199);
#2202=DIRECTION('',(0.E0,1.E0,1.044915787882E-14));
#2203=VECTOR('',#2202,8.5E-2);
#2204=CARTESIAN_POINT('',(2.199E0,7.E-1,-3.85E0));
#2205=LINE('',#2204,#2203);
#2206=DIRECTION('',(0.E0,0.E0,-1.E0));
#2207=VECTOR('',#2206,1.E-1);
#2208=CARTESIAN_POINT('',(2.199E0,7.E-1,-3.85E0));
#2209=LINE('',#2208,#2207);
#2210=DIRECTION('',(0.E0,-1.E0,0.E0));
#2211=VECTOR('',#2210,2.85E-1);
#2212=CARTESIAN_POINT('',(2.199E0,-7.E-1,-3.95E0));
#2213=LINE('',#2212,#2211);
#2214=DIRECTION('',(0.E0,0.E0,1.E0));
#2215=VECTOR('',#2214,1.E-1);
#2216=CARTESIAN_POINT('',(2.199E0,-7.E-1,-3.95E0));
#2217=LINE('',#2216,#2215);
#2218=DIRECTION('',(0.E0,-1.E0,0.E0));
#2219=VECTOR('',#2218,8.5E-2);
#2220=CARTESIAN_POINT('',(2.199E0,-7.E-1,-3.85E0));
#2221=LINE('',#2220,#2219);
#2222=DIRECTION('',(0.E0,1.E0,0.E0));
#2223=VECTOR('',#2222,2.E-1);
#2224=CARTESIAN_POINT('',(2.199E0,-9.85E-1,-3.85E0));
#2225=LINE('',#2224,#2223);
#2226=CARTESIAN_POINT('',(2.099E0,9.85E-1,-3.85E0));
#2227=DIRECTION('',(0.E0,-1.E0,0.E0));
#2228=DIRECTION('',(1.E0,0.E0,0.E0));
#2229=AXIS2_PLACEMENT_3D('',#2226,#2227,#2228);
#2231=DIRECTION('',(0.E0,1.E0,0.E0));
#2232=VECTOR('',#2231,8.5E-2);
#2233=CARTESIAN_POINT('',(1.95E0,7.E-1,-3.85E0));
#2234=LINE('',#2233,#2232);
#2235=DIRECTION('',(0.E0,-1.E0,0.E0));
#2236=VECTOR('',#2235,8.5E-2);
#2237=CARTESIAN_POINT('',(1.95E0,-7.E-1,-3.85E0));
#2238=LINE('',#2237,#2236);
#2239=CARTESIAN_POINT('',(2.099E0,-9.85E-1,-3.85E0));
#2240=DIRECTION('',(0.E0,1.E0,0.E0));
#2241=DIRECTION('',(0.E0,0.E0,1.E0));
#2242=AXIS2_PLACEMENT_3D('',#2239,#2240,#2241);
#2244=DIRECTION('',(0.E0,-1.E0,0.E0));
#2245=VECTOR('',#2244,2.85E-1);
#2246=CARTESIAN_POINT('',(3.273965569610E0,-7.E-1,-4.031495418505E0));
#2247=LINE('',#2246,#2245);
#2248=DIRECTION('',(0.E0,-1.E0,0.E0));
#2249=VECTOR('',#2248,2.85E-1);
#2250=CARTESIAN_POINT('',(3.273965569610E0,9.85E-1,-4.031495418505E0));
#2251=LINE('',#2250,#2249);
#2252=DIRECTION('',(0.E0,0.E0,-1.E0));
#2253=VECTOR('',#2252,2.7E0);
#2254=CARTESIAN_POINT('',(3.75E0,-7.35E-1,-1.3E0));
#2255=LINE('',#2254,#2253);
#2256=DIRECTION('',(0.E0,-1.E0,0.E0));
#2257=VECTOR('',#2256,6.E-1);
#2258=CARTESIAN_POINT('',(3.75E0,3.E-1,-4.1E0));
#2259=LINE('',#2258,#2257);
#2260=DIRECTION('',(0.E0,0.E0,-1.E0));
#2261=VECTOR('',#2260,2.7E0);
#2262=CARTESIAN_POINT('',(3.75E0,7.35E-1,-1.3E0));
#2263=LINE('',#2262,#2261);
#2264=DIRECTION('',(0.E0,0.E0,-1.E0));
#2265=VECTOR('',#2264,1.E-1);
#2266=CARTESIAN_POINT('',(3.75E0,3.E-1,-4.E0));
#2267=LINE('',#2266,#2265);
#2268=CARTESIAN_POINT('',(3.5E0,-3.E-1,-4.1E0));
#2269=DIRECTION('',(0.E0,-1.E0,0.E0));
#2270=DIRECTION('',(7.706125121971E-1,0.E0,-6.373039746034E-1));
#2271=AXIS2_PLACEMENT_3D('',#2268,#2269,#2270);
#2273=DIRECTION('',(0.E0,0.E0,-1.E0));
#2274=VECTOR('',#2273,1.E-1);
#2275=CARTESIAN_POINT('',(3.75E0,-3.E-1,-4.E0));
#2276=LINE('',#2275,#2274);
#2277=DIRECTION('',(0.E0,0.E0,-1.E0));
#2278=VECTOR('',#2277,2.7E0);
#2279=CARTESIAN_POINT('',(3.5E0,9.85E-1,-1.3E0));
#2280=LINE('',#2279,#2278);
#2281=CARTESIAN_POINT('',(3.5E0,3.E-1,-4.1E0));
#2282=DIRECTION('',(0.E0,1.E0,0.E0));
#2283=DIRECTION('',(1.E0,0.E0,0.E0));
#2284=AXIS2_PLACEMENT_3D('',#2281,#2282,#2283);
#2286=DIRECTION('',(0.E0,0.E0,-1.E0));
#2287=VECTOR('',#2286,2.593259936509E-1);
#2288=CARTESIAN_POINT('',(3.692653128049E0,3.E-1,-4.E0));
#2289=LINE('',#2288,#2287);
#2290=CARTESIAN_POINT('',(3.692653128049E0,3.E-1,-4.259325993651E0));
#2291=CARTESIAN_POINT('',(3.682999119698E0,3.E-1,-4.270999386451E0));
#2292=CARTESIAN_POINT('',(3.662648568134E0,3.014273149554E-1,
-4.291272047984E0));
#2293=CARTESIAN_POINT('',(3.632024801837E0,3.065517479651E-1,
-4.313270901127E0));
#2294=CARTESIAN_POINT('',(3.602549774533E0,3.141358642881E-1,
-4.328703260967E0));
#2295=CARTESIAN_POINT('',(3.575346985300E0,3.236738442221E-1,
-4.338885769981E0));
#2296=CARTESIAN_POINT('',(3.550949629796E0,3.351551523377E-1,
-4.345116280305E0));
#2297=CARTESIAN_POINT('',(3.530148598859E0,3.485813410491E-1,
-4.348415152021E0));
#2298=CARTESIAN_POINT('',(3.513460884476E0,3.639452476531E-1,
-4.349770451599E0));
#2299=CARTESIAN_POINT('',(3.502239052265E0,3.822394650854E-1,
-4.350022384378E0));
#2300=CARTESIAN_POINT('',(3.5E0,3.940176322937E-1,-4.35E0));
#2301=CARTESIAN_POINT('',(3.5E0,4.E-1,-4.35E0));
#2303=DIRECTION('',(0.E0,0.E0,-1.E0));
#2304=VECTOR('',#2303,3.5E-1);
#2305=CARTESIAN_POINT('',(3.5E0,4.E-1,-4.E0));
#2306=LINE('',#2305,#2304);
#2307=DIRECTION('',(0.E0,0.E0,-1.E0));
#2308=VECTOR('',#2307,3.5E-1);
#2309=CARTESIAN_POINT('',(3.5E0,4.25E-1,-4.E0));
#2310=LINE('',#2309,#2308);
#2311=DIRECTION('',(0.E0,0.E0,-1.E0));
#2312=VECTOR('',#2311,3.5E-1);
#2313=CARTESIAN_POINT('',(3.470710678119E0,4.957106781187E-1,-4.E0));
#2314=LINE('',#2313,#2312);
#2315=DIRECTION('',(0.E0,0.E0,-1.E0));
#2316=VECTOR('',#2315,2.E-1);
#2317=CARTESIAN_POINT('',(3.320710678119E0,6.457106781187E-1,-4.15E0));
#2318=LINE('',#2317,#2316);
#2319=DIRECTION('',(0.E0,0.E0,-1.E0));
#2320=VECTOR('',#2319,2.E-1);
#2321=CARTESIAN_POINT('',(3.25E0,6.75E-1,-4.15E0));
#2322=LINE('',#2321,#2320);
#2323=DIRECTION('',(0.E0,0.E0,-1.E0));
#2324=VECTOR('',#2323,2.E-1);
#2325=CARTESIAN_POINT('',(2.349802646526E0,6.75E-1,-4.15E0));
#2326=LINE('',#2325,#2324);
#2327=DIRECTION('',(0.E0,-1.498801083244E-14,-1.E0));
#2328=VECTOR('',#2327,2.E-1);
#2329=CARTESIAN_POINT('',(2.154901323263E0,5.198717526991E-1,-4.15E0));
#2330=LINE('',#2329,#2328);
#2331=DIRECTION('',(0.E0,0.E0,-1.E0));
#2332=VECTOR('',#2331,2.E-1);
#2333=CARTESIAN_POINT('',(2.005E0,3.698717526991E-1,-4.15E0));
#2334=LINE('',#2333,#2332);
#2335=DIRECTION('',(0.E0,0.E0,-1.E0));
#2336=VECTOR('',#2335,2.E-1);
#2337=CARTESIAN_POINT('',(1.85E0,1.75E-1,-4.15E0));
#2338=LINE('',#2337,#2336);
#2339=DIRECTION('',(0.E0,0.E0,-1.E0));
#2340=VECTOR('',#2339,2.E-1);
#2341=CARTESIAN_POINT('',(1.85E0,-1.75E-1,-4.15E0));
#2342=LINE('',#2341,#2340);
#2343=DIRECTION('',(-1.554312234475E-14,0.E0,-1.E0));
#2344=VECTOR('',#2343,2.E-1);
#2345=CARTESIAN_POINT('',(2.005E0,-3.698717526991E-1,-4.15E0));
#2346=LINE('',#2345,#2344);
#2347=DIRECTION('',(0.E0,0.E0,-1.E0));
#2348=VECTOR('',#2347,2.E-1);
#2349=CARTESIAN_POINT('',(2.154901323263E0,-5.198717526990E-1,-4.15E0));
#2350=LINE('',#2349,#2348);
#2351=DIRECTION('',(0.E0,0.E0,-1.E0));
#2352=VECTOR('',#2351,2.E-1);
#2353=CARTESIAN_POINT('',(2.349802646526E0,-6.75E-1,-4.15E0));
#2354=LINE('',#2353,#2352);
#2355=DIRECTION('',(0.E0,0.E0,-1.E0));
#2356=VECTOR('',#2355,2.E-1);
#2357=CARTESIAN_POINT('',(3.25E0,-6.75E-1,-4.15E0));
#2358=LINE('',#2357,#2356);
#2359=DIRECTION('',(0.E0,0.E0,-1.E0));
#2360=VECTOR('',#2359,2.E-1);
#2361=CARTESIAN_POINT('',(3.320710678119E0,-6.457106781187E-1,-4.15E0));
#2362=LINE('',#2361,#2360);
#2363=DIRECTION('',(0.E0,0.E0,-1.E0));
#2364=VECTOR('',#2363,3.5E-1);
#2365=CARTESIAN_POINT('',(3.470710678119E0,-4.957106781187E-1,-4.E0));
#2366=LINE('',#2365,#2364);
#2367=DIRECTION('',(0.E0,0.E0,-1.E0));
#2368=VECTOR('',#2367,5.E-2);
#2369=CARTESIAN_POINT('',(3.35E0,-4.75E-1,-1.25E0));
#2370=LINE('',#2369,#2368);
#2371=DIRECTION('',(0.E0,1.E0,0.E0));
#2372=VECTOR('',#2371,2.25E-1);
#2373=CARTESIAN_POINT('',(3.35E0,-7.E-1,-1.3E0));
#2374=LINE('',#2373,#2372);
#2375=DIRECTION('',(0.E0,0.E0,-1.E0));
#2376=VECTOR('',#2375,5.E-2);
#2377=CARTESIAN_POINT('',(3.35E0,4.75E-1,-1.25E0));
#2378=LINE('',#2377,#2376);
#2379=DIRECTION('',(0.E0,1.E0,0.E0));
#2380=VECTOR('',#2379,2.25E-1);
#2381=CARTESIAN_POINT('',(3.35E0,4.75E-1,-1.3E0));
#2382=LINE('',#2381,#2380);
#2383=DIRECTION('',(0.E0,0.E0,1.E0));
#2384=VECTOR('',#2383,1.5E-1);
#2385=CARTESIAN_POINT('',(3.35E0,-6.164213562373E-1,-4.15E0));
#2386=LINE('',#2385,#2384);
#2387=DIRECTION('',(0.E0,1.E0,0.E0));
#2388=VECTOR('',#2387,8.357864376269E-2);
#2389=CARTESIAN_POINT('',(3.35E0,-7.E-1,-4.E0));
#2390=LINE('',#2389,#2388);
#2391=DIRECTION('',(0.E0,0.E0,1.E0));
#2392=VECTOR('',#2391,1.5E-1);
#2393=CARTESIAN_POINT('',(3.35E0,6.164213562373E-1,-4.15E0));
#2394=LINE('',#2393,#2392);
#2395=DIRECTION('',(0.E0,1.E0,0.E0));
#2396=VECTOR('',#2395,8.357864376269E-2);
#2397=CARTESIAN_POINT('',(3.35E0,6.164213562373E-1,-4.E0));
#2398=LINE('',#2397,#2396);
#2399=CARTESIAN_POINT('',(-3.5E0,3.E-1,-4.1E0));
#2400=DIRECTION('',(0.E0,1.E0,0.E0));
#2401=DIRECTION('',(-7.706125121971E-1,0.E0,-6.373039746034E-1));
#2402=AXIS2_PLACEMENT_3D('',#2399,#2400,#2401);
#2404=DIRECTION('',(0.E0,0.E0,-1.E0));
#2405=VECTOR('',#2404,1.E-1);
#2406=CARTESIAN_POINT('',(-3.75E0,3.E-1,-4.E0));
#2407=LINE('',#2406,#2405);
#2408=DIRECTION('',(0.E0,-1.E0,0.E0));
#2409=VECTOR('',#2408,8.5E-2);
#2410=CARTESIAN_POINT('',(-1.95E0,-7.E-1,-3.85E0));
#2411=LINE('',#2410,#2409);
#2412=DIRECTION('',(0.E0,5.985623110226E-1,8.010762509420E-1));
#2413=VECTOR('',#2412,2.562415524805E-1);
#2414=CARTESIAN_POINT('',(-1.35E0,-1.000107625094E0,-4.390114808794E0));
#2415=LINE('',#2414,#2413);
#2416=CARTESIAN_POINT('',(-1.35E0,-9.2E-1,-4.449971039896E0));
#2417=DIRECTION('',(-1.E0,0.E0,0.E0));
#2418=DIRECTION('',(0.E0,-1.E0,0.E0));
#2419=AXIS2_PLACEMENT_3D('',#2416,#2417,#2418);
#2421=DIRECTION('',(0.E0,0.E0,1.E0));
#2422=VECTOR('',#2421,7.500289601040E-1);
#2423=CARTESIAN_POINT('',(-1.35E0,-1.02E0,-5.2E0));
#2424=LINE('',#2423,#2422);
#2425=DIRECTION('',(0.E0,-1.E0,0.E0));
#2426=VECTOR('',#2425,2.7E-1);
#2427=CARTESIAN_POINT('',(-1.35E0,-7.5E-1,-5.2E0));
#2428=LINE('',#2427,#2426);
#2429=DIRECTION('',(0.E0,0.E0,-1.E0));
#2430=VECTOR('',#2429,6.002854432103E-1);
#2431=CARTESIAN_POINT('',(-1.35E0,-7.5E-1,-4.599714556790E0));
#2432=LINE('',#2431,#2430);
#2433=CARTESIAN_POINT('',(-1.35E0,-6.3E-1,-4.599714556790E0));
#2434=DIRECTION('',(1.E0,0.E0,0.E0));
#2435=DIRECTION('',(0.E0,-8.191520442890E-1,5.735764363510E-1));
#2436=AXIS2_PLACEMENT_3D('',#2433,#2434,#2435);
#2438=DIRECTION('',(0.E0,-5.735764363510E-1,-8.191520442890E-1));
#2439=VECTOR('',#2438,4.649751985398E-1);
#2440=CARTESIAN_POINT('',(-1.35E0,-4.615994279446E-1,-4.15E0));
#2441=LINE('',#2440,#2439);
#2442=DIRECTION('',(0.E0,-1.E0,0.E0));
#2443=VECTOR('',#2442,1.3E-1);
#2444=CARTESIAN_POINT('',(-1.35E0,8.3E-1,-4.15E0));
#2445=LINE('',#2444,#2443);
#2446=CARTESIAN_POINT('',(-1.35E0,8.3E-1,-3.95E0));
#2447=DIRECTION('',(-1.E0,0.E0,0.E0));
#2448=DIRECTION('',(0.E0,0.E0,1.E0));
#2449=AXIS2_PLACEMENT_3D('',#2446,#2447,#2448);
#2451=DIRECTION('',(0.E0,1.E0,0.E0));
#2452=VECTOR('',#2451,1.3E-1);
#2453=CARTESIAN_POINT('',(1.15E0,-8.3E-1,-3.85E0));
#2454=LINE('',#2453,#2452);
#2455=DIRECTION('',(0.E0,1.E0,0.E0));
#2456=VECTOR('',#2455,1.3E-1);
#2457=CARTESIAN_POINT('',(8.5E-1,-8.3E-1,-3.85E0));
#2458=LINE('',#2457,#2456);
#2459=DIRECTION('',(-1.E0,0.E0,0.E0));
#2460=VECTOR('',#2459,2.E-1);
#2461=CARTESIAN_POINT('',(8.5E-1,-8.3E-1,-3.85E0));
#2462=LINE('',#2461,#2460);
#2463=DIRECTION('',(0.E0,1.E0,0.E0));
#2464=VECTOR('',#2463,1.3E-1);
#2465=CARTESIAN_POINT('',(6.5E-1,-8.3E-1,-3.85E0));
#2466=LINE('',#2465,#2464);
#2467=DIRECTION('',(0.E0,1.E0,0.E0));
#2468=VECTOR('',#2467,1.3E-1);
#2469=CARTESIAN_POINT('',(3.5E-1,-8.3E-1,-3.85E0));
#2470=LINE('',#2469,#2468);
#2471=DIRECTION('',(-1.E0,0.E0,0.E0));
#2472=VECTOR('',#2471,2.E-1);
#2473=CARTESIAN_POINT('',(3.5E-1,-8.3E-1,-3.85E0));
#2474=LINE('',#2473,#2472);
#2475=DIRECTION('',(0.E0,1.E0,0.E0));
#2476=VECTOR('',#2475,1.3E-1);
#2477=CARTESIAN_POINT('',(1.5E-1,-8.3E-1,-3.85E0));
#2478=LINE('',#2477,#2476);
#2479=DIRECTION('',(0.E0,1.E0,0.E0));
#2480=VECTOR('',#2479,1.3E-1);
#2481=CARTESIAN_POINT('',(-1.5E-1,-8.3E-1,-3.85E0));
#2482=LINE('',#2481,#2480);
#2483=DIRECTION('',(-1.E0,0.E0,0.E0));
#2484=VECTOR('',#2483,2.E-1);
#2485=CARTESIAN_POINT('',(-1.5E-1,-8.3E-1,-3.85E0));
#2486=LINE('',#2485,#2484);
#2487=DIRECTION('',(0.E0,1.E0,0.E0));
#2488=VECTOR('',#2487,1.3E-1);
#2489=CARTESIAN_POINT('',(-3.5E-1,-8.3E-1,-3.85E0));
#2490=LINE('',#2489,#2488);
#2491=DIRECTION('',(0.E0,1.E0,0.E0));
#2492=VECTOR('',#2491,1.3E-1);
#2493=CARTESIAN_POINT('',(-6.5E-1,-8.3E-1,-3.85E0));
#2494=LINE('',#2493,#2492);
#2495=DIRECTION('',(-1.E0,0.E0,0.E0));
#2496=VECTOR('',#2495,2.E-1);
#2497=CARTESIAN_POINT('',(-6.5E-1,-8.3E-1,-3.85E0));
#2498=LINE('',#2497,#2496);
#2499=DIRECTION('',(0.E0,1.E0,0.E0));
#2500=VECTOR('',#2499,1.3E-1);
#2501=CARTESIAN_POINT('',(-8.5E-1,-8.3E-1,-3.85E0));
#2502=LINE('',#2501,#2500);
#2503=DIRECTION('',(0.E0,1.E0,0.E0));
#2504=VECTOR('',#2503,1.3E-1);
#2505=CARTESIAN_POINT('',(-1.15E0,-8.3E-1,-3.85E0));
#2506=LINE('',#2505,#2504);
#2507=DIRECTION('',(-1.E0,0.E0,0.E0));
#2508=VECTOR('',#2507,2.E-1);
#2509=CARTESIAN_POINT('',(-1.15E0,-8.3E-1,-3.85E0));
#2510=LINE('',#2509,#2508);
#2511=DIRECTION('',(0.E0,1.E0,0.E0));
#2512=VECTOR('',#2511,1.3E-1);
#2513=CARTESIAN_POINT('',(-1.35E0,-8.3E-1,-3.85E0));
#2514=LINE('',#2513,#2512);
#2515=DIRECTION('',(-1.E0,0.E0,0.E0));
#2516=VECTOR('',#2515,3.4E0);
#2517=CARTESIAN_POINT('',(1.7E0,-1.E0,-3.85E0));
#2518=LINE('',#2517,#2516);
#2519=DIRECTION('',(0.E0,1.E0,0.E0));
#2520=VECTOR('',#2519,1.3E-1);
#2521=CARTESIAN_POINT('',(1.35E0,-8.3E-1,-3.85E0));
#2522=LINE('',#2521,#2520);
#2523=DIRECTION('',(-1.E0,0.E0,0.E0));
#2524=VECTOR('',#2523,2.E-1);
#2525=CARTESIAN_POINT('',(1.35E0,-8.3E-1,-3.85E0));
#2526=LINE('',#2525,#2524);
#2527=DIRECTION('',(0.E0,5.985623110226E-1,8.010762509420E-1));
#2528=VECTOR('',#2527,2.562415524805E-1);
#2529=CARTESIAN_POINT('',(1.15E0,-1.000107625094E0,-4.390114808794E0));
#2530=LINE('',#2529,#2528);
#2531=CARTESIAN_POINT('',(1.15E0,-9.2E-1,-4.449971039896E0));
#2532=DIRECTION('',(-1.E0,0.E0,0.E0));
#2533=DIRECTION('',(0.E0,-1.E0,0.E0));
#2534=AXIS2_PLACEMENT_3D('',#2531,#2532,#2533);
#2536=DIRECTION('',(0.E0,0.E0,1.E0));
#2537=VECTOR('',#2536,7.500289601040E-1);
#2538=CARTESIAN_POINT('',(1.15E0,-1.02E0,-5.2E0));
#2539=LINE('',#2538,#2537);
#2540=DIRECTION('',(0.E0,-1.E0,0.E0));
#2541=VECTOR('',#2540,2.7E-1);
#2542=CARTESIAN_POINT('',(1.15E0,-7.5E-1,-5.2E0));
#2543=LINE('',#2542,#2541);
#2544=DIRECTION('',(0.E0,0.E0,-1.E0));
#2545=VECTOR('',#2544,6.002854432103E-1);
#2546=CARTESIAN_POINT('',(1.15E0,-7.5E-1,-4.599714556790E0));
#2547=LINE('',#2546,#2545);
#2548=CARTESIAN_POINT('',(1.15E0,-6.3E-1,-4.599714556790E0));
#2549=DIRECTION('',(1.E0,0.E0,0.E0));
#2550=DIRECTION('',(0.E0,-8.191520442890E-1,5.735764363510E-1));
#2551=AXIS2_PLACEMENT_3D('',#2548,#2549,#2550);
#2553=DIRECTION('',(0.E0,-5.735764363510E-1,-8.191520442890E-1));
#2554=VECTOR('',#2553,4.649751985398E-1);
#2555=CARTESIAN_POINT('',(1.15E0,-4.615994279446E-1,-4.15E0));
#2556=LINE('',#2555,#2554);
#2557=DIRECTION('',(0.E0,-1.E0,0.E0));
#2558=VECTOR('',#2557,1.3E-1);
#2559=CARTESIAN_POINT('',(1.15E0,8.3E-1,-4.15E0));
#2560=LINE('',#2559,#2558);
#2561=CARTESIAN_POINT('',(1.15E0,8.3E-1,-3.95E0));
#2562=DIRECTION('',(-1.E0,0.E0,0.E0));
#2563=DIRECTION('',(0.E0,0.E0,1.E0));
#2564=AXIS2_PLACEMENT_3D('',#2561,#2562,#2563);
#2566=CARTESIAN_POINT('',(1.15E0,-8.3E-1,-3.95E0));
#2567=DIRECTION('',(-1.E0,0.E0,0.E0));
#2568=DIRECTION('',(0.E0,-4.8E-1,-8.772684879785E-1));
#2569=AXIS2_PLACEMENT_3D('',#2566,#2567,#2568);
#2571=CARTESIAN_POINT('',(1.35E0,-8.3E-1,-3.95E0));
#2572=DIRECTION('',(1.E0,0.E0,0.E0));
#2573=DIRECTION('',(0.E0,0.E0,1.E0));
#2574=AXIS2_PLACEMENT_3D('',#2571,#2572,#2573);
#2576=DIRECTION('',(1.E0,0.E0,0.E0));
#2577=VECTOR('',#2576,2.E-1);
#2578=CARTESIAN_POINT('',(1.15E0,-8.78E-1,-4.037726848798E0));
#2579=LINE('',#2578,#2577);
#2580=DIRECTION('',(0.E0,-5.735764363510E-1,-8.191520442890E-1));
#2581=VECTOR('',#2580,4.649751985398E-1);
#2582=CARTESIAN_POINT('',(1.35E0,-4.615994279446E-1,-4.15E0));
#2583=LINE('',#2582,#2581);
#2584=CARTESIAN_POINT('',(1.35E0,-6.3E-1,-4.599714556790E0));
#2585=DIRECTION('',(1.E0,0.E0,0.E0));
#2586=DIRECTION('',(0.E0,-8.191520442890E-1,5.735764363510E-1));
#2587=AXIS2_PLACEMENT_3D('',#2584,#2585,#2586);
#2589=DIRECTION('',(0.E0,0.E0,-1.E0));
#2590=VECTOR('',#2589,6.002854432103E-1);
#2591=CARTESIAN_POINT('',(1.35E0,-7.5E-1,-4.599714556790E0));
#2592=LINE('',#2591,#2590);
#2593=DIRECTION('',(0.E0,-1.E0,0.E0));
#2594=VECTOR('',#2593,2.7E-1);
#2595=CARTESIAN_POINT('',(1.35E0,-7.5E-1,-5.2E0));
#2596=LINE('',#2595,#2594);
#2597=DIRECTION('',(0.E0,0.E0,1.E0));
#2598=VECTOR('',#2597,7.500289601040E-1);
#2599=CARTESIAN_POINT('',(1.35E0,-1.02E0,-5.2E0));
#2600=LINE('',#2599,#2598);
#2601=CARTESIAN_POINT('',(1.35E0,-9.2E-1,-4.449971039896E0));
#2602=DIRECTION('',(-1.E0,0.E0,0.E0));
#2603=DIRECTION('',(0.E0,-1.E0,0.E0));
#2604=AXIS2_PLACEMENT_3D('',#2601,#2602,#2603);
#2606=DIRECTION('',(0.E0,5.985623110226E-1,8.010762509420E-1));
#2607=VECTOR('',#2606,2.562415524805E-1);
#2608=CARTESIAN_POINT('',(1.35E0,-1.000107625094E0,-4.390114808794E0));
#2609=LINE('',#2608,#2607);
#2610=CARTESIAN_POINT('',(1.35E0,8.3E-1,-3.95E0));
#2611=DIRECTION('',(-1.E0,0.E0,0.E0));
#2612=DIRECTION('',(0.E0,0.E0,1.E0));
#2613=AXIS2_PLACEMENT_3D('',#2610,#2611,#2612);
#2615=DIRECTION('',(0.E0,-1.E0,0.E0));
#2616=VECTOR('',#2615,1.3E-1);
#2617=CARTESIAN_POINT('',(1.35E0,8.3E-1,-4.15E0));
#2618=LINE('',#2617,#2616);
#2619=DIRECTION('',(1.E0,0.E0,0.E0));
#2620=VECTOR('',#2619,2.E-1);
#2621=CARTESIAN_POINT('',(1.15E0,-7.282982453147E-1,-4.530885384428E0));
#2622=LINE('',#2621,#2620);
#2623=DIRECTION('',(1.E0,0.E0,0.E0));
#2624=VECTOR('',#2623,2.E-1);
#2625=CARTESIAN_POINT('',(1.15E0,-7.5E-1,-4.599714556790E0));
#2626=LINE('',#2625,#2624);
#2627=DIRECTION('',(1.E0,0.E0,0.E0));
#2628=VECTOR('',#2627,2.E-1);
#2629=CARTESIAN_POINT('',(1.15E0,-7.5E-1,-5.2E0));
#2630=LINE('',#2629,#2628);
#2631=DIRECTION('',(1.E0,0.E0,0.E0));
#2632=VECTOR('',#2631,2.E-1);
#2633=CARTESIAN_POINT('',(1.15E0,-1.02E0,-5.2E0));
#2634=LINE('',#2633,#2632);
#2635=DIRECTION('',(1.E0,0.E0,0.E0));
#2636=VECTOR('',#2635,2.E-1);
#2637=CARTESIAN_POINT('',(1.15E0,-1.02E0,-4.449971039896E0));
#2638=LINE('',#2637,#2636);
#2639=DIRECTION('',(1.E0,0.E0,0.E0));
#2640=VECTOR('',#2639,2.E-1);
#2641=CARTESIAN_POINT('',(1.15E0,-1.000107625094E0,-4.390114808794E0));
#2642=LINE('',#2641,#2640);
#2643=CARTESIAN_POINT('',(1.15E0,-9.268387143556E-1,-4.124989555495E0));
#2644=DIRECTION('',(1.E0,0.E0,0.E0));
#2645=DIRECTION('',(0.E0,8.010762509420E-1,-5.985623110226E-1));
#2646=AXIS2_PLACEMENT_3D('',#2643,#2644,#2645);
#2648=CARTESIAN_POINT('',(1.35E0,-9.268387143556E-1,-4.124989555495E0));
#2649=DIRECTION('',(-1.E0,0.E0,0.E0));
#2650=DIRECTION('',(0.E0,4.883871435565E-1,8.726270669700E-1));
#2651=AXIS2_PLACEMENT_3D('',#2648,#2649,#2650);
#2653=DIRECTION('',(1.E0,0.E0,0.E0));
#2654=VECTOR('',#2653,2.E-1);
#2655=CARTESIAN_POINT('',(1.15E0,-8.467310892614E-1,-4.184845786597E0));
#2656=LINE('',#2655,#2654);
#2657=DIRECTION('',(0.E0,1.E0,0.E0));
#2658=VECTOR('',#2657,1.3E-1);
#2659=CARTESIAN_POINT('',(1.15E0,7.E-1,-3.85E0));
#2660=LINE('',#2659,#2658);
#2661=DIRECTION('',(-1.E0,0.E0,0.E0));
#2662=VECTOR('',#2661,2.E-1);
#2663=CARTESIAN_POINT('',(1.35E0,8.3E-1,-3.85E0));
#2664=LINE('',#2663,#2662);
#2665=DIRECTION('',(0.E0,1.E0,0.E0));
#2666=VECTOR('',#2665,1.3E-1);
#2667=CARTESIAN_POINT('',(1.35E0,7.E-1,-3.85E0));
#2668=LINE('',#2667,#2666);
#2669=DIRECTION('',(-1.E0,0.E0,0.E0));
#2670=VECTOR('',#2669,3.5E-1);
#2671=CARTESIAN_POINT('',(1.7E0,7.E-1,-3.85E0));
#2672=LINE('',#2671,#2670);
#2673=DIRECTION('',(-1.E0,0.E0,0.E0));
#2674=VECTOR('',#2673,3.5E-1);
#2675=CARTESIAN_POINT('',(-1.35E0,7.E-1,-3.85E0));
#2676=LINE('',#2675,#2674);
#2677=DIRECTION('',(0.E0,1.E0,0.E0));
#2678=VECTOR('',#2677,1.3E-1);
#2679=CARTESIAN_POINT('',(-1.35E0,7.E-1,-3.85E0));
#2680=LINE('',#2679,#2678);
#2681=DIRECTION('',(-1.E0,0.E0,0.E0));
#2682=VECTOR('',#2681,2.E-1);
#2683=CARTESIAN_POINT('',(-1.15E0,8.3E-1,-3.85E0));
#2684=LINE('',#2683,#2682);
#2685=DIRECTION('',(0.E0,1.E0,0.E0));
#2686=VECTOR('',#2685,1.3E-1);
#2687=CARTESIAN_POINT('',(-1.15E0,7.E-1,-3.85E0));
#2688=LINE('',#2687,#2686);
#2689=DIRECTION('',(-1.E0,0.E0,0.E0));
#2690=VECTOR('',#2689,3.E-1);
#2691=CARTESIAN_POINT('',(-8.5E-1,7.E-1,-3.85E0));
#2692=LINE('',#2691,#2690);
#2693=DIRECTION('',(0.E0,1.E0,0.E0));
#2694=VECTOR('',#2693,1.3E-1);
#2695=CARTESIAN_POINT('',(-8.5E-1,7.E-1,-3.85E0));
#2696=LINE('',#2695,#2694);
#2697=DIRECTION('',(-1.E0,0.E0,0.E0));
#2698=VECTOR('',#2697,2.E-1);
#2699=CARTESIAN_POINT('',(-6.5E-1,8.3E-1,-3.85E0));
#2700=LINE('',#2699,#2698);
#2701=DIRECTION('',(0.E0,1.E0,0.E0));
#2702=VECTOR('',#2701,1.3E-1);
#2703=CARTESIAN_POINT('',(-6.5E-1,7.E-1,-3.85E0));
#2704=LINE('',#2703,#2702);
#2705=DIRECTION('',(-1.E0,0.E0,0.E0));
#2706=VECTOR('',#2705,3.E-1);
#2707=CARTESIAN_POINT('',(-3.5E-1,7.E-1,-3.85E0));
#2708=LINE('',#2707,#2706);
#2709=DIRECTION('',(0.E0,1.E0,0.E0));
#2710=VECTOR('',#2709,1.3E-1);
#2711=CARTESIAN_POINT('',(-3.5E-1,7.E-1,-3.85E0));
#2712=LINE('',#2711,#2710);
#2713=DIRECTION('',(-1.E0,0.E0,0.E0));
#2714=VECTOR('',#2713,2.E-1);
#2715=CARTESIAN_POINT('',(-1.5E-1,8.3E-1,-3.85E0));
#2716=LINE('',#2715,#2714);
#2717=DIRECTION('',(0.E0,1.E0,0.E0));
#2718=VECTOR('',#2717,1.3E-1);
#2719=CARTESIAN_POINT('',(-1.5E-1,7.E-1,-3.85E0));
#2720=LINE('',#2719,#2718);
#2721=DIRECTION('',(-1.E0,0.E0,0.E0));
#2722=VECTOR('',#2721,3.E-1);
#2723=CARTESIAN_POINT('',(1.5E-1,7.E-1,-3.85E0));
#2724=LINE('',#2723,#2722);
#2725=DIRECTION('',(0.E0,1.E0,0.E0));
#2726=VECTOR('',#2725,1.3E-1);
#2727=CARTESIAN_POINT('',(1.5E-1,7.E-1,-3.85E0));
#2728=LINE('',#2727,#2726);
#2729=DIRECTION('',(-1.E0,0.E0,0.E0));
#2730=VECTOR('',#2729,2.E-1);
#2731=CARTESIAN_POINT('',(3.5E-1,8.3E-1,-3.85E0));
#2732=LINE('',#2731,#2730);
#2733=DIRECTION('',(0.E0,1.E0,0.E0));
#2734=VECTOR('',#2733,1.3E-1);
#2735=CARTESIAN_POINT('',(3.5E-1,7.E-1,-3.85E0));
#2736=LINE('',#2735,#2734);
#2737=DIRECTION('',(-1.E0,0.E0,0.E0));
#2738=VECTOR('',#2737,3.E-1);
#2739=CARTESIAN_POINT('',(6.5E-1,7.E-1,-3.85E0));
#2740=LINE('',#2739,#2738);
#2741=DIRECTION('',(0.E0,1.E0,0.E0));
#2742=VECTOR('',#2741,1.3E-1);
#2743=CARTESIAN_POINT('',(6.5E-1,7.E-1,-3.85E0));
#2744=LINE('',#2743,#2742);
#2745=DIRECTION('',(-1.E0,0.E0,0.E0));
#2746=VECTOR('',#2745,2.E-1);
#2747=CARTESIAN_POINT('',(8.5E-1,8.3E-1,-3.85E0));
#2748=LINE('',#2747,#2746);
#2749=DIRECTION('',(0.E0,1.E0,0.E0));
#2750=VECTOR('',#2749,1.3E-1);
#2751=CARTESIAN_POINT('',(8.5E-1,7.E-1,-3.85E0));
#2752=LINE('',#2751,#2750);
#2753=DIRECTION('',(-1.E0,0.E0,0.E0));
#2754=VECTOR('',#2753,3.E-1);
#2755=CARTESIAN_POINT('',(1.15E0,7.E-1,-3.85E0));
#2756=LINE('',#2755,#2754);
#2757=DIRECTION('',(0.E0,1.E0,0.E0));
#2758=VECTOR('',#2757,3.E-1);
#2759=CARTESIAN_POINT('',(1.7E0,-1.E0,-3.85E0));
#2760=LINE('',#2759,#2758);
#2761=DIRECTION('',(0.E0,0.E0,-1.E0));
#2762=VECTOR('',#2761,3.7E0);
#2763=CARTESIAN_POINT('',(1.7E0,-1.E0,-1.5E-1));
#2764=LINE('',#2763,#2762);
#2765=DIRECTION('',(0.E0,-1.E0,0.E0));
#2766=VECTOR('',#2765,3.E-1);
#2767=CARTESIAN_POINT('',(1.7E0,-7.E-1,-1.5E-1));
#2768=LINE('',#2767,#2766);
#2769=DIRECTION('',(0.E0,-5.881716976750E-1,8.087360843032E-1));
#2770=VECTOR('',#2769,6.800735254368E-1);
#2771=CARTESIAN_POINT('',(1.7E0,-3.E-1,-7.E-1));
#2772=LINE('',#2771,#2770);
#2773=DIRECTION('',(0.E0,0.E0,1.E0));
#2774=VECTOR('',#2773,5.5E-1);
#2775=CARTESIAN_POINT('',(1.7E0,-3.E-1,-1.25E0));
#2776=LINE('',#2775,#2774);
#2777=DIRECTION('',(0.E0,-1.E0,0.E0));
#2778=VECTOR('',#2777,4.E-1);
#2779=CARTESIAN_POINT('',(1.7E0,-3.E-1,-1.25E0));
#2780=LINE('',#2779,#2778);
#2781=DIRECTION('',(0.E0,-1.E0,0.E0));
#2782=VECTOR('',#2781,1.E-1);
#2783=CARTESIAN_POINT('',(1.7E0,1.E0,-1.25E0));
#2784=LINE('',#2783,#2782);
#2785=DIRECTION('',(0.E0,0.E0,1.E0));
#2786=VECTOR('',#2785,2.6E0);
#2787=CARTESIAN_POINT('',(1.7E0,1.E0,-3.85E0));
#2788=LINE('',#2787,#2786);
#2789=DIRECTION('',(0.E0,1.E0,0.E0));
#2790=VECTOR('',#2789,3.E-1);
#2791=CARTESIAN_POINT('',(1.7E0,7.E-1,-3.85E0));
#2792=LINE('',#2791,#2790);
#2793=DIRECTION('',(-1.E0,0.E0,0.E0));
#2794=VECTOR('',#2793,3.4E0);
#2795=CARTESIAN_POINT('',(1.7E0,-1.E0,-1.5E-1));
#2796=LINE('',#2795,#2794);
#2797=DIRECTION('',(0.E0,-1.E0,0.E0));
#2798=VECTOR('',#2797,4.E-1);
#2799=CARTESIAN_POINT('',(-1.7E0,-3.E-1,-1.25E0));
#2800=LINE('',#2799,#2798);
#2801=DIRECTION('',(0.E0,0.E0,1.E0));
#2802=VECTOR('',#2801,5.5E-1);
#2803=CARTESIAN_POINT('',(-1.7E0,-3.E-1,-1.25E0));
#2804=LINE('',#2803,#2802);
#2805=DIRECTION('',(0.E0,-5.881716976750E-1,8.087360843032E-1));
#2806=VECTOR('',#2805,6.800735254368E-1);
#2807=CARTESIAN_POINT('',(-1.7E0,-3.E-1,-7.E-1));
#2808=LINE('',#2807,#2806);
#2809=DIRECTION('',(0.E0,-1.E0,0.E0));
#2810=VECTOR('',#2809,3.E-1);
#2811=CARTESIAN_POINT('',(-1.7E0,-7.E-1,-1.5E-1));
#2812=LINE('',#2811,#2810);
#2813=DIRECTION('',(0.E0,0.E0,-1.E0));
#2814=VECTOR('',#2813,3.7E0);
#2815=CARTESIAN_POINT('',(-1.7E0,-1.E0,-1.5E-1));
#2816=LINE('',#2815,#2814);
#2817=DIRECTION('',(0.E0,1.E0,0.E0));
#2818=VECTOR('',#2817,3.E-1);
#2819=CARTESIAN_POINT('',(-1.7E0,-1.E0,-3.85E0));
#2820=LINE('',#2819,#2818);
#2821=DIRECTION('',(0.E0,1.E0,0.E0));
#2822=VECTOR('',#2821,3.E-1);
#2823=CARTESIAN_POINT('',(-1.7E0,7.E-1,-3.85E0));
#2824=LINE('',#2823,#2822);
#2825=DIRECTION('',(0.E0,0.E0,1.E0));
#2826=VECTOR('',#2825,2.6E0);
#2827=CARTESIAN_POINT('',(-1.7E0,1.E0,-3.85E0));
#2828=LINE('',#2827,#2826);
#2829=DIRECTION('',(0.E0,-1.E0,0.E0));
#2830=VECTOR('',#2829,1.E-1);
#2831=CARTESIAN_POINT('',(-1.7E0,1.E0,-1.25E0));
#2832=LINE('',#2831,#2830);
#2833=DIRECTION('',(-1.E0,0.E0,0.E0));
#2834=VECTOR('',#2833,3.4E0);
#2835=CARTESIAN_POINT('',(1.7E0,1.E0,-1.25E0));
#2836=LINE('',#2835,#2834);
#2837=CARTESIAN_POINT('',(-3.9E0,9.E-1,-4.E-1));
#2838=DIRECTION('',(0.E0,1.E0,0.E0));
#2839=DIRECTION('',(-1.E0,0.E0,0.E0));
#2840=AXIS2_PLACEMENT_3D('',#2837,#2838,#2839);
#2842=DIRECTION('',(1.E0,0.E0,0.E0));
#2843=VECTOR('',#2842,3.4E0);
#2844=CARTESIAN_POINT('',(-1.7E0,9.E-1,-1.25E0));
#2845=LINE('',#2844,#2843);
#2846=DIRECTION('',(0.E0,0.E0,1.E0));
#2847=VECTOR('',#2846,8.5E-1);
#2848=CARTESIAN_POINT('',(4.3E0,9.E-1,-1.25E0));
#2849=LINE('',#2848,#2847);
#2850=CARTESIAN_POINT('',(3.9E0,9.E-1,-4.E-1));
#2851=DIRECTION('',(0.E0,1.E0,0.E0));
#2852=DIRECTION('',(0.E0,0.E0,1.E0));
#2853=AXIS2_PLACEMENT_3D('',#2850,#2851,#2852);
#2855=DIRECTION('',(-7.071067811865E-1,0.E0,7.071067811865E-1));
#2856=VECTOR('',#2855,4.242640687119E-1);
#2857=CARTESIAN_POINT('',(-1.85E0,-9.E-1,-3.E-1));
#2858=LINE('',#2857,#2856);
#2859=DIRECTION('',(0.E0,0.E0,-1.E0));
#2860=VECTOR('',#2859,9.5E-1);
#2861=CARTESIAN_POINT('',(-1.85E0,-9.E-1,-3.E-1));
#2862=LINE('',#2861,#2860);
#2863=DIRECTION('',(0.E0,0.E0,1.E0));
#2864=VECTOR('',#2863,8.5E-1);
#2865=CARTESIAN_POINT('',(-4.3E0,-9.E-1,-1.25E0));
#2866=LINE('',#2865,#2864);
#2867=CARTESIAN_POINT('',(-3.9E0,-9.E-1,-4.E-1));
#2868=DIRECTION('',(0.E0,-1.E0,0.E0));
#2869=DIRECTION('',(0.E0,0.E0,1.E0));
#2870=AXIS2_PLACEMENT_3D('',#2867,#2868,#2869);
#2872=DIRECTION('',(-7.071067811865E-1,0.E0,-7.071067811865E-1));
#2873=VECTOR('',#2872,4.242640687119E-1);
#2874=CARTESIAN_POINT('',(2.15E0,-9.E-1,0.E0));
#2875=LINE('',#2874,#2873);
#2876=CARTESIAN_POINT('',(3.9E0,-9.E-1,-4.E-1));
#2877=DIRECTION('',(0.E0,-1.E0,0.E0));
#2878=DIRECTION('',(1.E0,0.E0,0.E0));
#2879=AXIS2_PLACEMENT_3D('',#2876,#2877,#2878);
#2881=DIRECTION('',(0.E0,0.E0,-1.E0));
#2882=VECTOR('',#2881,9.5E-1);
#2883=CARTESIAN_POINT('',(1.85E0,-9.E-1,-3.E-1));
#2884=LINE('',#2883,#2882);
#2885=DIRECTION('',(7.071067811865E-1,0.E0,-7.071067811865E-1));
#2886=VECTOR('',#2885,4.242640687119E-1);
#2887=CARTESIAN_POINT('',(-2.15E0,1.E-1,0.E0));
#2888=LINE('',#2887,#2886);
#2889=DIRECTION('',(0.E0,1.E0,0.E0));
#2890=VECTOR('',#2889,4.E-1);
#2891=CARTESIAN_POINT('',(-1.85E0,-3.E-1,-1.3E0));
#2892=LINE('',#2891,#2890);
#2893=DIRECTION('',(0.E0,-1.E0,0.E0));
#2894=VECTOR('',#2893,4.E-1);
#2895=CARTESIAN_POINT('',(-1.85E0,-3.E-1,-1.25E0));
#2896=LINE('',#2895,#2894);
#2897=DIRECTION('',(0.E0,1.E0,0.E0));
#2898=VECTOR('',#2897,1.E0);
#2899=CARTESIAN_POINT('',(-1.85E0,-9.E-1,-3.E-1));
#2900=LINE('',#2899,#2898);
#2901=DIRECTION('',(0.E0,0.E0,-1.E0));
#2902=VECTOR('',#2901,1.E0);
#2903=CARTESIAN_POINT('',(-1.85E0,1.E-1,-3.E-1));
#2904=LINE('',#2903,#2902);
#2905=DIRECTION('',(-3.162277660168E-1,0.E0,9.486832980505E-1));
#2906=VECTOR('',#2905,1.581138830084E-1);
#2907=CARTESIAN_POINT('',(-1.8E0,-3.E-1,-1.45E0));
#2908=LINE('',#2907,#2906);
#2909=DIRECTION('',(3.162277660168E-1,0.E0,-9.486832980505E-1));
#2910=VECTOR('',#2909,1.581138830084E-1);
#2911=CARTESIAN_POINT('',(-1.85E0,1.E-1,-1.3E0));
#2912=LINE('',#2911,#2910);
#2913=DIRECTION('',(0.E0,1.E0,0.E0));
#2914=VECTOR('',#2913,4.E-1);
#2915=CARTESIAN_POINT('',(-1.8E0,-3.E-1,-1.45E0));
#2916=LINE('',#2915,#2914);
#2917=DIRECTION('',(0.E0,0.E0,-1.E0));
#2918=VECTOR('',#2917,1.4E0);
#2919=CARTESIAN_POINT('',(-1.8E0,1.E-1,-1.45E0));
#2920=LINE('',#2919,#2918);
#2921=DIRECTION('',(0.E0,0.E0,-1.E0));
#2922=VECTOR('',#2921,1.4E0);
#2923=CARTESIAN_POINT('',(1.8E0,1.E-1,-1.45E0));
#2924=LINE('',#2923,#2922);
#2925=DIRECTION('',(1.E0,0.E0,0.E0));
#2926=VECTOR('',#2925,4.3E0);
#2927=CARTESIAN_POINT('',(-2.15E0,1.E-1,0.E0));
#2928=LINE('',#2927,#2926);
#2929=DIRECTION('',(0.E0,-1.E0,0.E0));
#2930=VECTOR('',#2929,4.E-1);
#2931=CARTESIAN_POINT('',(1.85E0,1.E-1,-1.3E0));
#2932=LINE('',#2931,#2930);
#2933=DIRECTION('',(0.E0,0.E0,1.E0));
#2934=VECTOR('',#2933,1.E0);
#2935=CARTESIAN_POINT('',(1.85E0,1.E-1,-1.3E0));
#2936=LINE('',#2935,#2934);
#2937=DIRECTION('',(0.E0,-1.E0,0.E0));
#2938=VECTOR('',#2937,1.E0);
#2939=CARTESIAN_POINT('',(1.85E0,1.E-1,-3.E-1));
#2940=LINE('',#2939,#2938);
#2941=DIRECTION('',(0.E0,-1.E0,0.E0));
#2942=VECTOR('',#2941,4.E-1);
#2943=CARTESIAN_POINT('',(1.85E0,-3.E-1,-1.25E0));
#2944=LINE('',#2943,#2942);
#2945=DIRECTION('',(0.E0,0.E0,-1.E0));
#2946=VECTOR('',#2945,5.E-2);
#2947=CARTESIAN_POINT('',(1.85E0,-3.E-1,-1.25E0));
#2948=LINE('',#2947,#2946);
#2949=DIRECTION('',(3.162277660168E-1,0.E0,9.486832980505E-1));
#2950=VECTOR('',#2949,1.581138830084E-1);
#2951=CARTESIAN_POINT('',(1.8E0,1.E-1,-1.45E0));
#2952=LINE('',#2951,#2950);
#2953=DIRECTION('',(-3.162277660168E-1,0.E0,-9.486832980505E-1));
#2954=VECTOR('',#2953,1.581138830084E-1);
#2955=CARTESIAN_POINT('',(1.85E0,-3.E-1,-1.3E0));
#2956=LINE('',#2955,#2954);
#2957=DIRECTION('',(0.E0,-1.E0,0.E0));
#2958=VECTOR('',#2957,4.E-1);
#2959=CARTESIAN_POINT('',(1.8E0,1.E-1,-1.45E0));
#2960=LINE('',#2959,#2958);
#2961=DIRECTION('',(0.E0,0.E0,-1.E0));
#2962=VECTOR('',#2961,1.4E0);
#2963=CARTESIAN_POINT('',(1.8E0,-3.E-1,-1.45E0));
#2964=LINE('',#2963,#2962);
#2965=DIRECTION('',(-1.E0,0.E0,0.E0));
#2966=VECTOR('',#2965,1.5E-1);
#2967=CARTESIAN_POINT('',(1.85E0,-3.E-1,-1.25E0));
#2968=LINE('',#2967,#2966);
#2969=DIRECTION('',(-1.E0,0.E0,0.E0));
#2970=VECTOR('',#2969,1.5E-1);
#2971=CARTESIAN_POINT('',(-1.7E0,-3.E-1,-1.25E0));
#2972=LINE('',#2971,#2970);
#2973=DIRECTION('',(0.E0,0.E0,-1.E0));
#2974=VECTOR('',#2973,5.E-2);
#2975=CARTESIAN_POINT('',(-1.85E0,-3.E-1,-1.25E0));
#2976=LINE('',#2975,#2974);
#2977=DIRECTION('',(0.E0,0.E0,-1.E0));
#2978=VECTOR('',#2977,1.4E0);
#2979=CARTESIAN_POINT('',(-1.8E0,-3.E-1,-1.45E0));
#2980=LINE('',#2979,#2978);
#2981=DIRECTION('',(-1.E0,0.E0,0.E0));
#2982=VECTOR('',#2981,3.4E0);
#2983=CARTESIAN_POINT('',(1.7E0,-3.E-1,-7.E-1));
#2984=LINE('',#2983,#2982);
#2985=DIRECTION('',(-1.E0,0.E0,0.E0));
#2986=VECTOR('',#2985,3.4E0);
#2987=CARTESIAN_POINT('',(1.7E0,-7.E-1,-1.5E-1));
#2988=LINE('',#2987,#2986);
#2989=DIRECTION('',(-1.E0,0.E0,0.E0));
#2990=VECTOR('',#2989,3.6E0);
#2991=CARTESIAN_POINT('',(1.8E0,-3.E-1,-2.85E0));
#2992=LINE('',#2991,#2990);
#2993=DIRECTION('',(0.E0,-1.E0,0.E0));
#2994=VECTOR('',#2993,4.E-1);
#2995=CARTESIAN_POINT('',(-1.8E0,1.E-1,-2.85E0));
#2996=LINE('',#2995,#2994);
#2997=DIRECTION('',(-1.E0,0.E0,0.E0));
#2998=VECTOR('',#2997,3.6E0);
#2999=CARTESIAN_POINT('',(1.8E0,1.E-1,-2.85E0));
#3000=LINE('',#2999,#2998);
#3001=DIRECTION('',(0.E0,1.E0,0.E0));
#3002=VECTOR('',#3001,4.E-1);
#3003=CARTESIAN_POINT('',(1.8E0,-3.E-1,-2.85E0));
#3004=LINE('',#3003,#3002);
#3005=DIRECTION('',(7.071067811865E-1,0.E0,7.071067811865E-1));
#3006=VECTOR('',#3005,4.242640687119E-1);
#3007=CARTESIAN_POINT('',(1.85E0,1.E-1,-3.E-1));
#3008=LINE('',#3007,#3006);
#3009=DIRECTION('',(0.E0,1.E0,0.E0));
#3010=VECTOR('',#3009,1.E0);
#3011=CARTESIAN_POINT('',(-2.15E0,-9.E-1,0.E0));
#3012=LINE('',#3011,#3010);
#3013=DIRECTION('',(-1.E0,0.E0,0.E0));
#3014=VECTOR('',#3013,1.75E0);
#3015=CARTESIAN_POINT('',(-2.15E0,-9.E-1,0.E0));
#3016=LINE('',#3015,#3014);
#3017=DIRECTION('',(0.E0,-1.E0,0.E0));
#3018=VECTOR('',#3017,1.8E0);
#3019=CARTESIAN_POINT('',(-3.9E0,9.E-1,0.E0));
#3020=LINE('',#3019,#3018);
#3021=DIRECTION('',(1.E0,0.E0,0.E0));
#3022=VECTOR('',#3021,7.8E0);
#3023=CARTESIAN_POINT('',(-3.9E0,9.E-1,0.E0));
#3024=LINE('',#3023,#3022);
#3025=DIRECTION('',(0.E0,1.E0,0.E0));
#3026=VECTOR('',#3025,1.8E0);
#3027=CARTESIAN_POINT('',(3.9E0,-9.E-1,0.E0));
#3028=LINE('',#3027,#3026);
#3029=DIRECTION('',(-1.E0,0.E0,0.E0));
#3030=VECTOR('',#3029,1.75E0);
#3031=CARTESIAN_POINT('',(3.9E0,-9.E-1,0.E0));
#3032=LINE('',#3031,#3030);
#3033=DIRECTION('',(0.E0,-1.E0,0.E0));
#3034=VECTOR('',#3033,1.E0);
#3035=CARTESIAN_POINT('',(2.15E0,1.E-1,0.E0));
#3036=LINE('',#3035,#3034);
#3037=DIRECTION('',(0.E0,1.E0,0.E0));
#3038=VECTOR('',#3037,1.8E0);
#3039=CARTESIAN_POINT('',(4.3E0,-9.E-1,-4.E-1));
#3040=LINE('',#3039,#3038);
#3041=DIRECTION('',(0.E0,0.E0,1.E0));
#3042=VECTOR('',#3041,8.5E-1);
#3043=CARTESIAN_POINT('',(4.3E0,-9.E-1,-1.25E0));
#3044=LINE('',#3043,#3042);
#3045=DIRECTION('',(0.E0,-1.E0,0.E0));
#3046=VECTOR('',#3045,1.8E0);
#3047=CARTESIAN_POINT('',(-4.3E0,9.E-1,-4.E-1));
#3048=LINE('',#3047,#3046);
#3049=DIRECTION('',(0.E0,0.E0,1.E0));
#3050=VECTOR('',#3049,8.5E-1);
#3051=CARTESIAN_POINT('',(-4.3E0,9.E-1,-1.25E0));
#3052=LINE('',#3051,#3050);
#3053=DIRECTION('',(-1.E0,0.E0,0.E0));
#3054=VECTOR('',#3053,3.4E0);
#3055=CARTESIAN_POINT('',(1.7E0,1.E0,-3.85E0));
#3056=LINE('',#3055,#3054);
#3057=CARTESIAN_POINT('',(-1.35E0,9.268218862947E-1,-4.124989555495E0));
#3058=DIRECTION('',(1.E0,0.E0,0.E0));
#3059=DIRECTION('',(0.E0,-4.751671415217E-1,8.798955549485E-1));
#3060=AXIS2_PLACEMENT_3D('',#3057,#3058,#3059);
#3062=CARTESIAN_POINT('',(-1.15E0,9.268218862947E-1,-4.124989555495E0));
#3063=DIRECTION('',(-1.E0,0.E0,0.E0));
#3064=DIRECTION('',(0.E0,-9.682188629465E-1,-2.501044450515E-1));
#3065=AXIS2_PLACEMENT_3D('',#3062,#3063,#3064);
#3067=DIRECTION('',(1.E0,0.E0,0.E0));
#3068=VECTOR('',#3067,2.E-1);
#3069=CARTESIAN_POINT('',(-1.35E0,8.793051721425E-1,-4.037E0));
#3070=LINE('',#3069,#3068);
#3071=DIRECTION('',(0.E0,-5.735764363510E-1,-8.191520442890E-1));
#3072=VECTOR('',#3071,4.649751985398E-1);
#3073=CARTESIAN_POINT('',(-1.15E0,-4.615994279446E-1,-4.15E0));
#3074=LINE('',#3073,#3072);
#3075=CARTESIAN_POINT('',(-1.15E0,-6.3E-1,-4.599714556790E0));
#3076=DIRECTION('',(1.E0,0.E0,0.E0));
#3077=DIRECTION('',(0.E0,-8.191520442890E-1,5.735764363510E-1));
#3078=AXIS2_PLACEMENT_3D('',#3075,#3076,#3077);
#3080=DIRECTION('',(0.E0,0.E0,-1.E0));
#3081=VECTOR('',#3080,6.002854432103E-1);
#3082=CARTESIAN_POINT('',(-1.15E0,-7.5E-1,-4.599714556790E0));
#3083=LINE('',#3082,#3081);
#3084=DIRECTION('',(0.E0,-1.E0,0.E0));
#3085=VECTOR('',#3084,2.7E-1);
#3086=CARTESIAN_POINT('',(-1.15E0,-7.5E-1,-5.2E0));
#3087=LINE('',#3086,#3085);
#3088=DIRECTION('',(0.E0,0.E0,1.E0));
#3089=VECTOR('',#3088,7.500289601040E-1);
#3090=CARTESIAN_POINT('',(-1.15E0,-1.02E0,-5.2E0));
#3091=LINE('',#3090,#3089);
#3092=CARTESIAN_POINT('',(-1.15E0,-9.2E-1,-4.449971039896E0));
#3093=DIRECTION('',(-1.E0,0.E0,0.E0));
#3094=DIRECTION('',(0.E0,-1.E0,0.E0));
#3095=AXIS2_PLACEMENT_3D('',#3092,#3093,#3094);
#3097=DIRECTION('',(0.E0,5.985623110226E-1,8.010762509420E-1));
#3098=VECTOR('',#3097,2.562415524805E-1);
#3099=CARTESIAN_POINT('',(-1.15E0,-1.000107625094E0,-4.390114808794E0));
#3100=LINE('',#3099,#3098);
#3101=CARTESIAN_POINT('',(-1.15E0,8.3E-1,-3.95E0));
#3102=DIRECTION('',(-1.E0,0.E0,0.E0));
#3103=DIRECTION('',(0.E0,0.E0,1.E0));
#3104=AXIS2_PLACEMENT_3D('',#3101,#3102,#3103);
#3106=DIRECTION('',(0.E0,-1.E0,0.E0));
#3107=VECTOR('',#3106,1.3E-1);
#3108=CARTESIAN_POINT('',(-1.15E0,8.3E-1,-4.15E0));
#3109=LINE('',#3108,#3107);
#3110=DIRECTION('',(1.E0,0.E0,0.E0));
#3111=VECTOR('',#3110,2.E-1);
#3112=CARTESIAN_POINT('',(-1.35E0,-7.282982453147E-1,-4.530885384428E0));
#3113=LINE('',#3112,#3111);
#3114=DIRECTION('',(1.E0,0.E0,0.E0));
#3115=VECTOR('',#3114,2.E-1);
#3116=CARTESIAN_POINT('',(-1.35E0,-7.5E-1,-4.599714556790E0));
#3117=LINE('',#3116,#3115);
#3118=DIRECTION('',(1.E0,0.E0,0.E0));
#3119=VECTOR('',#3118,2.E-1);
#3120=CARTESIAN_POINT('',(-1.35E0,-7.5E-1,-5.2E0));
#3121=LINE('',#3120,#3119);
#3122=DIRECTION('',(1.E0,0.E0,0.E0));
#3123=VECTOR('',#3122,2.E-1);
#3124=CARTESIAN_POINT('',(-1.35E0,-1.02E0,-5.2E0));
#3125=LINE('',#3124,#3123);
#3126=DIRECTION('',(1.E0,0.E0,0.E0));
#3127=VECTOR('',#3126,2.E-1);
#3128=CARTESIAN_POINT('',(-1.35E0,-1.02E0,-4.449971039896E0));
#3129=LINE('',#3128,#3127);
#3130=DIRECTION('',(1.E0,0.E0,0.E0));
#3131=VECTOR('',#3130,2.E-1);
#3132=CARTESIAN_POINT('',(-1.35E0,-1.000107625094E0,-4.390114808794E0));
#3133=LINE('',#3132,#3131);
#3134=CARTESIAN_POINT('',(-1.35E0,-9.268387143556E-1,-4.124989555495E0));
#3135=DIRECTION('',(1.E0,0.E0,0.E0));
#3136=DIRECTION('',(0.E0,8.010762509420E-1,-5.985623110226E-1));
#3137=AXIS2_PLACEMENT_3D('',#3134,#3135,#3136);
#3139=CARTESIAN_POINT('',(-1.15E0,-9.268387143556E-1,-4.124989555495E0));
#3140=DIRECTION('',(-1.E0,0.E0,0.E0));
#3141=DIRECTION('',(0.E0,4.883871435565E-1,8.726270669700E-1));
#3142=AXIS2_PLACEMENT_3D('',#3139,#3140,#3141);
#3144=DIRECTION('',(1.E0,0.E0,0.E0));
#3145=VECTOR('',#3144,2.E-1);
#3146=CARTESIAN_POINT('',(-1.35E0,-8.467310892614E-1,-4.184845786597E0));
#3147=LINE('',#3146,#3145);
#3148=CARTESIAN_POINT('',(-1.35E0,-8.3E-1,-3.95E0));
#3149=DIRECTION('',(-1.E0,0.E0,0.E0));
#3150=DIRECTION('',(0.E0,-4.8E-1,-8.772684879785E-1));
#3151=AXIS2_PLACEMENT_3D('',#3148,#3149,#3150);
#3153=CARTESIAN_POINT('',(-1.15E0,-8.3E-1,-3.95E0));
#3154=DIRECTION('',(1.E0,0.E0,0.E0));
#3155=DIRECTION('',(0.E0,0.E0,1.E0));
#3156=AXIS2_PLACEMENT_3D('',#3153,#3154,#3155);
#3158=DIRECTION('',(1.E0,0.E0,0.E0));
#3159=VECTOR('',#3158,2.E-1);
#3160=CARTESIAN_POINT('',(-1.35E0,-8.78E-1,-4.037726848798E0));
#3161=LINE('',#3160,#3159);
#3162=DIRECTION('',(0.E0,5.985623110226E-1,8.010762509420E-1));
#3163=VECTOR('',#3162,2.562415524805E-1);
#3164=CARTESIAN_POINT('',(-8.5E-1,-1.000107625094E0,-4.390114808794E0));
#3165=LINE('',#3164,#3163);
#3166=CARTESIAN_POINT('',(-8.5E-1,-9.2E-1,-4.449971039896E0));
#3167=DIRECTION('',(-1.E0,0.E0,0.E0));
#3168=DIRECTION('',(0.E0,-1.E0,0.E0));
#3169=AXIS2_PLACEMENT_3D('',#3166,#3167,#3168);
#3171=DIRECTION('',(0.E0,0.E0,1.E0));
#3172=VECTOR('',#3171,7.500289601040E-1);
#3173=CARTESIAN_POINT('',(-8.5E-1,-1.02E0,-5.2E0));
#3174=LINE('',#3173,#3172);
#3175=DIRECTION('',(0.E0,-1.E0,0.E0));
#3176=VECTOR('',#3175,2.7E-1);
#3177=CARTESIAN_POINT('',(-8.5E-1,-7.5E-1,-5.2E0));
#3178=LINE('',#3177,#3176);
#3179=DIRECTION('',(0.E0,0.E0,-1.E0));
#3180=VECTOR('',#3179,6.002854432103E-1);
#3181=CARTESIAN_POINT('',(-8.5E-1,-7.5E-1,-4.599714556790E0));
#3182=LINE('',#3181,#3180);
#3183=CARTESIAN_POINT('',(-8.5E-1,-6.3E-1,-4.599714556790E0));
#3184=DIRECTION('',(1.E0,0.E0,0.E0));
#3185=DIRECTION('',(0.E0,-8.191520442890E-1,5.735764363510E-1));
#3186=AXIS2_PLACEMENT_3D('',#3183,#3184,#3185);
#3188=DIRECTION('',(0.E0,-5.735764363510E-1,-8.191520442890E-1));
#3189=VECTOR('',#3188,4.649751985398E-1);
#3190=CARTESIAN_POINT('',(-8.5E-1,-4.615994279446E-1,-4.15E0));
#3191=LINE('',#3190,#3189);
#3192=DIRECTION('',(0.E0,-1.E0,0.E0));
#3193=VECTOR('',#3192,1.3E-1);
#3194=CARTESIAN_POINT('',(-8.5E-1,8.3E-1,-4.15E0));
#3195=LINE('',#3194,#3193);
#3196=CARTESIAN_POINT('',(-8.5E-1,8.3E-1,-3.95E0));
#3197=DIRECTION('',(-1.E0,0.E0,0.E0));
#3198=DIRECTION('',(0.E0,0.E0,1.E0));
#3199=AXIS2_PLACEMENT_3D('',#3196,#3197,#3198);
#3201=CARTESIAN_POINT('',(-8.5E-1,-8.3E-1,-3.95E0));
#3202=DIRECTION('',(-1.E0,0.E0,0.E0));
#3203=DIRECTION('',(0.E0,-4.8E-1,-8.772684879785E-1));
#3204=AXIS2_PLACEMENT_3D('',#3201,#3202,#3203);
#3206=CARTESIAN_POINT('',(-6.5E-1,-8.3E-1,-3.95E0));
#3207=DIRECTION('',(1.E0,0.E0,0.E0));
#3208=DIRECTION('',(0.E0,0.E0,1.E0));
#3209=AXIS2_PLACEMENT_3D('',#3206,#3207,#3208);
#3211=DIRECTION('',(1.E0,0.E0,0.E0));
#3212=VECTOR('',#3211,2.E-1);
#3213=CARTESIAN_POINT('',(-8.5E-1,-8.78E-1,-4.037726848798E0));
#3214=LINE('',#3213,#3212);
#3215=DIRECTION('',(0.E0,-5.735764363510E-1,-8.191520442890E-1));
#3216=VECTOR('',#3215,4.649751985398E-1);
#3217=CARTESIAN_POINT('',(-6.5E-1,-4.615994279446E-1,-4.15E0));
#3218=LINE('',#3217,#3216);
#3219=CARTESIAN_POINT('',(-6.5E-1,-6.3E-1,-4.599714556790E0));
#3220=DIRECTION('',(1.E0,0.E0,0.E0));
#3221=DIRECTION('',(0.E0,-8.191520442890E-1,5.735764363510E-1));
#3222=AXIS2_PLACEMENT_3D('',#3219,#3220,#3221);
#3224=DIRECTION('',(0.E0,0.E0,-1.E0));
#3225=VECTOR('',#3224,6.002854432103E-1);
#3226=CARTESIAN_POINT('',(-6.5E-1,-7.5E-1,-4.599714556790E0));
#3227=LINE('',#3226,#3225);
#3228=DIRECTION('',(0.E0,-1.E0,0.E0));
#3229=VECTOR('',#3228,2.7E-1);
#3230=CARTESIAN_POINT('',(-6.5E-1,-7.5E-1,-5.2E0));
#3231=LINE('',#3230,#3229);
#3232=DIRECTION('',(0.E0,0.E0,1.E0));
#3233=VECTOR('',#3232,7.500289601040E-1);
#3234=CARTESIAN_POINT('',(-6.5E-1,-1.02E0,-5.2E0));
#3235=LINE('',#3234,#3233);
#3236=CARTESIAN_POINT('',(-6.5E-1,-9.2E-1,-4.449971039896E0));
#3237=DIRECTION('',(-1.E0,0.E0,0.E0));
#3238=DIRECTION('',(0.E0,-1.E0,0.E0));
#3239=AXIS2_PLACEMENT_3D('',#3236,#3237,#3238);
#3241=DIRECTION('',(0.E0,5.985623110226E-1,8.010762509420E-1));
#3242=VECTOR('',#3241,2.562415524805E-1);
#3243=CARTESIAN_POINT('',(-6.5E-1,-1.000107625094E0,-4.390114808794E0));
#3244=LINE('',#3243,#3242);
#3245=CARTESIAN_POINT('',(-6.5E-1,8.3E-1,-3.95E0));
#3246=DIRECTION('',(-1.E0,0.E0,0.E0));
#3247=DIRECTION('',(0.E0,0.E0,1.E0));
#3248=AXIS2_PLACEMENT_3D('',#3245,#3246,#3247);
#3250=DIRECTION('',(0.E0,-1.E0,0.E0));
#3251=VECTOR('',#3250,1.3E-1);
#3252=CARTESIAN_POINT('',(-6.5E-1,8.3E-1,-4.15E0));
#3253=LINE('',#3252,#3251);
#3254=DIRECTION('',(1.E0,0.E0,0.E0));
#3255=VECTOR('',#3254,2.E-1);
#3256=CARTESIAN_POINT('',(-8.5E-1,-7.282982453147E-1,-4.530885384428E0));
#3257=LINE('',#3256,#3255);
#3258=DIRECTION('',(1.E0,0.E0,0.E0));
#3259=VECTOR('',#3258,2.E-1);
#3260=CARTESIAN_POINT('',(-8.5E-1,-7.5E-1,-4.599714556790E0));
#3261=LINE('',#3260,#3259);
#3262=DIRECTION('',(1.E0,0.E0,0.E0));
#3263=VECTOR('',#3262,2.E-1);
#3264=CARTESIAN_POINT('',(-8.5E-1,-7.5E-1,-5.2E0));
#3265=LINE('',#3264,#3263);
#3266=DIRECTION('',(1.E0,0.E0,0.E0));
#3267=VECTOR('',#3266,2.E-1);
#3268=CARTESIAN_POINT('',(-8.5E-1,-1.02E0,-5.2E0));
#3269=LINE('',#3268,#3267);
#3270=DIRECTION('',(1.E0,0.E0,0.E0));
#3271=VECTOR('',#3270,2.E-1);
#3272=CARTESIAN_POINT('',(-8.5E-1,-1.02E0,-4.449971039896E0));
#3273=LINE('',#3272,#3271);
#3274=DIRECTION('',(1.E0,0.E0,0.E0));
#3275=VECTOR('',#3274,2.E-1);
#3276=CARTESIAN_POINT('',(-8.5E-1,-1.000107625094E0,-4.390114808794E0));
#3277=LINE('',#3276,#3275);
#3278=CARTESIAN_POINT('',(-8.5E-1,-9.268387143556E-1,-4.124989555495E0));
#3279=DIRECTION('',(1.E0,0.E0,0.E0));
#3280=DIRECTION('',(0.E0,8.010762509420E-1,-5.985623110226E-1));
#3281=AXIS2_PLACEMENT_3D('',#3278,#3279,#3280);
#3283=CARTESIAN_POINT('',(-6.5E-1,-9.268387143556E-1,-4.124989555495E0));
#3284=DIRECTION('',(-1.E0,0.E0,0.E0));
#3285=DIRECTION('',(0.E0,4.883871435565E-1,8.726270669700E-1));
#3286=AXIS2_PLACEMENT_3D('',#3283,#3284,#3285);
#3288=DIRECTION('',(1.E0,0.E0,0.E0));
#3289=VECTOR('',#3288,2.E-1);
#3290=CARTESIAN_POINT('',(-8.5E-1,-8.467310892614E-1,-4.184845786597E0));
#3291=LINE('',#3290,#3289);
#3292=CARTESIAN_POINT('',(-8.5E-1,9.268218862947E-1,-4.124989555495E0));
#3293=DIRECTION('',(1.E0,0.E0,0.E0));
#3294=DIRECTION('',(0.E0,-4.751671415217E-1,8.798955549485E-1));
#3295=AXIS2_PLACEMENT_3D('',#3292,#3293,#3294);
#3297=CARTESIAN_POINT('',(-6.5E-1,9.268218862947E-1,-4.124989555495E0));
#3298=DIRECTION('',(-1.E0,0.E0,0.E0));
#3299=DIRECTION('',(0.E0,-9.682188629465E-1,-2.501044450515E-1));
#3300=AXIS2_PLACEMENT_3D('',#3297,#3298,#3299);
#3302=DIRECTION('',(1.E0,0.E0,0.E0));
#3303=VECTOR('',#3302,2.E-1);
#3304=CARTESIAN_POINT('',(-8.5E-1,8.793051721425E-1,-4.037E0));
#3305=LINE('',#3304,#3303);
#3306=DIRECTION('',(0.E0,5.985623110226E-1,8.010762509420E-1));
#3307=VECTOR('',#3306,2.562415524805E-1);
#3308=CARTESIAN_POINT('',(-3.5E-1,-1.000107625094E0,-4.390114808794E0));
#3309=LINE('',#3308,#3307);
#3310=CARTESIAN_POINT('',(-3.5E-1,-9.2E-1,-4.449971039896E0));
#3311=DIRECTION('',(-1.E0,0.E0,0.E0));
#3312=DIRECTION('',(0.E0,-1.E0,0.E0));
#3313=AXIS2_PLACEMENT_3D('',#3310,#3311,#3312);
#3315=DIRECTION('',(0.E0,0.E0,1.E0));
#3316=VECTOR('',#3315,7.500289601040E-1);
#3317=CARTESIAN_POINT('',(-3.5E-1,-1.02E0,-5.2E0));
#3318=LINE('',#3317,#3316);
#3319=DIRECTION('',(0.E0,-1.E0,0.E0));
#3320=VECTOR('',#3319,2.7E-1);
#3321=CARTESIAN_POINT('',(-3.5E-1,-7.5E-1,-5.2E0));
#3322=LINE('',#3321,#3320);
#3323=DIRECTION('',(0.E0,0.E0,-1.E0));
#3324=VECTOR('',#3323,6.002854432103E-1);
#3325=CARTESIAN_POINT('',(-3.5E-1,-7.5E-1,-4.599714556790E0));
#3326=LINE('',#3325,#3324);
#3327=CARTESIAN_POINT('',(-3.5E-1,-6.3E-1,-4.599714556790E0));
#3328=DIRECTION('',(1.E0,0.E0,0.E0));
#3329=DIRECTION('',(0.E0,-8.191520442890E-1,5.735764363510E-1));
#3330=AXIS2_PLACEMENT_3D('',#3327,#3328,#3329);
#3332=DIRECTION('',(0.E0,-5.735764363510E-1,-8.191520442890E-1));
#3333=VECTOR('',#3332,4.649751985398E-1);
#3334=CARTESIAN_POINT('',(-3.5E-1,-4.615994279446E-1,-4.15E0));
#3335=LINE('',#3334,#3333);
#3336=DIRECTION('',(0.E0,-1.E0,0.E0));
#3337=VECTOR('',#3336,1.3E-1);
#3338=CARTESIAN_POINT('',(-3.5E-1,8.3E-1,-4.15E0));
#3339=LINE('',#3338,#3337);
#3340=CARTESIAN_POINT('',(-3.5E-1,8.3E-1,-3.95E0));
#3341=DIRECTION('',(-1.E0,0.E0,0.E0));
#3342=DIRECTION('',(0.E0,0.E0,1.E0));
#3343=AXIS2_PLACEMENT_3D('',#3340,#3341,#3342);
#3345=CARTESIAN_POINT('',(-3.5E-1,-8.3E-1,-3.95E0));
#3346=DIRECTION('',(-1.E0,0.E0,0.E0));
#3347=DIRECTION('',(0.E0,-4.8E-1,-8.772684879785E-1));
#3348=AXIS2_PLACEMENT_3D('',#3345,#3346,#3347);
#3350=CARTESIAN_POINT('',(-1.5E-1,-8.3E-1,-3.95E0));
#3351=DIRECTION('',(1.E0,0.E0,0.E0));
#3352=DIRECTION('',(0.E0,0.E0,1.E0));
#3353=AXIS2_PLACEMENT_3D('',#3350,#3351,#3352);
#3355=DIRECTION('',(1.E0,0.E0,0.E0));
#3356=VECTOR('',#3355,2.E-1);
#3357=CARTESIAN_POINT('',(-3.5E-1,-8.78E-1,-4.037726848798E0));
#3358=LINE('',#3357,#3356);
#3359=DIRECTION('',(0.E0,-5.735764363510E-1,-8.191520442890E-1));
#3360=VECTOR('',#3359,4.649751985398E-1);
#3361=CARTESIAN_POINT('',(-1.5E-1,-4.615994279446E-1,-4.15E0));
#3362=LINE('',#3361,#3360);
#3363=CARTESIAN_POINT('',(-1.5E-1,-6.3E-1,-4.599714556790E0));
#3364=DIRECTION('',(1.E0,0.E0,0.E0));
#3365=DIRECTION('',(0.E0,-8.191520442890E-1,5.735764363510E-1));
#3366=AXIS2_PLACEMENT_3D('',#3363,#3364,#3365);
#3368=DIRECTION('',(0.E0,0.E0,-1.E0));
#3369=VECTOR('',#3368,6.002854432103E-1);
#3370=CARTESIAN_POINT('',(-1.5E-1,-7.5E-1,-4.599714556790E0));
#3371=LINE('',#3370,#3369);
#3372=DIRECTION('',(0.E0,-1.E0,0.E0));
#3373=VECTOR('',#3372,2.7E-1);
#3374=CARTESIAN_POINT('',(-1.5E-1,-7.5E-1,-5.2E0));
#3375=LINE('',#3374,#3373);
#3376=DIRECTION('',(0.E0,0.E0,1.E0));
#3377=VECTOR('',#3376,7.500289601040E-1);
#3378=CARTESIAN_POINT('',(-1.5E-1,-1.02E0,-5.2E0));
#3379=LINE('',#3378,#3377);
#3380=CARTESIAN_POINT('',(-1.5E-1,-9.2E-1,-4.449971039896E0));
#3381=DIRECTION('',(-1.E0,0.E0,0.E0));
#3382=DIRECTION('',(0.E0,-1.E0,0.E0));
#3383=AXIS2_PLACEMENT_3D('',#3380,#3381,#3382);
#3385=DIRECTION('',(0.E0,5.985623110226E-1,8.010762509420E-1));
#3386=VECTOR('',#3385,2.562415524805E-1);
#3387=CARTESIAN_POINT('',(-1.5E-1,-1.000107625094E0,-4.390114808794E0));
#3388=LINE('',#3387,#3386);
#3389=CARTESIAN_POINT('',(-1.5E-1,8.3E-1,-3.95E0));
#3390=DIRECTION('',(-1.E0,0.E0,0.E0));
#3391=DIRECTION('',(0.E0,0.E0,1.E0));
#3392=AXIS2_PLACEMENT_3D('',#3389,#3390,#3391);
#3394=DIRECTION('',(0.E0,-1.E0,0.E0));
#3395=VECTOR('',#3394,1.3E-1);
#3396=CARTESIAN_POINT('',(-1.5E-1,8.3E-1,-4.15E0));
#3397=LINE('',#3396,#3395);
#3398=DIRECTION('',(1.E0,0.E0,0.E0));
#3399=VECTOR('',#3398,2.E-1);
#3400=CARTESIAN_POINT('',(-3.5E-1,-7.282982453147E-1,-4.530885384428E0));
#3401=LINE('',#3400,#3399);
#3402=DIRECTION('',(1.E0,0.E0,0.E0));
#3403=VECTOR('',#3402,2.E-1);
#3404=CARTESIAN_POINT('',(-3.5E-1,-7.5E-1,-4.599714556790E0));
#3405=LINE('',#3404,#3403);
#3406=DIRECTION('',(1.E0,0.E0,0.E0));
#3407=VECTOR('',#3406,2.E-1);
#3408=CARTESIAN_POINT('',(-3.5E-1,-7.5E-1,-5.2E0));
#3409=LINE('',#3408,#3407);
#3410=DIRECTION('',(1.E0,0.E0,0.E0));
#3411=VECTOR('',#3410,2.E-1);
#3412=CARTESIAN_POINT('',(-3.5E-1,-1.02E0,-5.2E0));
#3413=LINE('',#3412,#3411);
#3414=DIRECTION('',(1.E0,0.E0,0.E0));
#3415=VECTOR('',#3414,2.E-1);
#3416=CARTESIAN_POINT('',(-3.5E-1,-1.02E0,-4.449971039896E0));
#3417=LINE('',#3416,#3415);
#3418=DIRECTION('',(1.E0,0.E0,0.E0));
#3419=VECTOR('',#3418,2.E-1);
#3420=CARTESIAN_POINT('',(-3.5E-1,-1.000107625094E0,-4.390114808794E0));
#3421=LINE('',#3420,#3419);
#3422=CARTESIAN_POINT('',(-3.5E-1,-9.268387143556E-1,-4.124989555495E0));
#3423=DIRECTION('',(1.E0,0.E0,0.E0));
#3424=DIRECTION('',(0.E0,8.010762509420E-1,-5.985623110226E-1));
#3425=AXIS2_PLACEMENT_3D('',#3422,#3423,#3424);
#3427=CARTESIAN_POINT('',(-1.5E-1,-9.268387143556E-1,-4.124989555495E0));
#3428=DIRECTION('',(-1.E0,0.E0,0.E0));
#3429=DIRECTION('',(0.E0,4.883871435565E-1,8.726270669700E-1));
#3430=AXIS2_PLACEMENT_3D('',#3427,#3428,#3429);
#3432=DIRECTION('',(1.E0,0.E0,0.E0));
#3433=VECTOR('',#3432,2.E-1);
#3434=CARTESIAN_POINT('',(-3.5E-1,-8.467310892614E-1,-4.184845786597E0));
#3435=LINE('',#3434,#3433);
#3436=CARTESIAN_POINT('',(-3.5E-1,9.268218862947E-1,-4.124989555495E0));
#3437=DIRECTION('',(1.E0,0.E0,0.E0));
#3438=DIRECTION('',(0.E0,-4.751671415217E-1,8.798955549485E-1));
#3439=AXIS2_PLACEMENT_3D('',#3436,#3437,#3438);
#3441=CARTESIAN_POINT('',(-1.5E-1,9.268218862947E-1,-4.124989555495E0));
#3442=DIRECTION('',(-1.E0,0.E0,0.E0));
#3443=DIRECTION('',(0.E0,-9.682188629465E-1,-2.501044450515E-1));
#3444=AXIS2_PLACEMENT_3D('',#3441,#3442,#3443);
#3446=DIRECTION('',(1.E0,0.E0,0.E0));
#3447=VECTOR('',#3446,2.E-1);
#3448=CARTESIAN_POINT('',(-3.5E-1,8.793051721425E-1,-4.037E0));
#3449=LINE('',#3448,#3447);
#3450=DIRECTION('',(0.E0,5.985623110226E-1,8.010762509420E-1));
#3451=VECTOR('',#3450,2.562415524805E-1);
#3452=CARTESIAN_POINT('',(1.5E-1,-1.000107625094E0,-4.390114808794E0));
#3453=LINE('',#3452,#3451);
#3454=CARTESIAN_POINT('',(1.5E-1,-9.2E-1,-4.449971039896E0));
#3455=DIRECTION('',(-1.E0,0.E0,0.E0));
#3456=DIRECTION('',(0.E0,-1.E0,0.E0));
#3457=AXIS2_PLACEMENT_3D('',#3454,#3455,#3456);
#3459=DIRECTION('',(0.E0,0.E0,1.E0));
#3460=VECTOR('',#3459,7.500289601040E-1);
#3461=CARTESIAN_POINT('',(1.5E-1,-1.02E0,-5.2E0));
#3462=LINE('',#3461,#3460);
#3463=DIRECTION('',(0.E0,-1.E0,0.E0));
#3464=VECTOR('',#3463,2.7E-1);
#3465=CARTESIAN_POINT('',(1.5E-1,-7.5E-1,-5.2E0));
#3466=LINE('',#3465,#3464);
#3467=DIRECTION('',(0.E0,0.E0,-1.E0));
#3468=VECTOR('',#3467,6.002854432103E-1);
#3469=CARTESIAN_POINT('',(1.5E-1,-7.5E-1,-4.599714556790E0));
#3470=LINE('',#3469,#3468);
#3471=CARTESIAN_POINT('',(1.5E-1,-6.3E-1,-4.599714556790E0));
#3472=DIRECTION('',(1.E0,0.E0,0.E0));
#3473=DIRECTION('',(0.E0,-8.191520442890E-1,5.735764363510E-1));
#3474=AXIS2_PLACEMENT_3D('',#3471,#3472,#3473);
#3476=DIRECTION('',(0.E0,-5.735764363510E-1,-8.191520442890E-1));
#3477=VECTOR('',#3476,4.649751985398E-1);
#3478=CARTESIAN_POINT('',(1.5E-1,-4.615994279446E-1,-4.15E0));
#3479=LINE('',#3478,#3477);
#3480=DIRECTION('',(0.E0,-1.E0,0.E0));
#3481=VECTOR('',#3480,1.3E-1);
#3482=CARTESIAN_POINT('',(1.5E-1,8.3E-1,-4.15E0));
#3483=LINE('',#3482,#3481);
#3484=CARTESIAN_POINT('',(1.5E-1,8.3E-1,-3.95E0));
#3485=DIRECTION('',(-1.E0,0.E0,0.E0));
#3486=DIRECTION('',(0.E0,0.E0,1.E0));
#3487=AXIS2_PLACEMENT_3D('',#3484,#3485,#3486);
#3489=CARTESIAN_POINT('',(1.5E-1,-8.3E-1,-3.95E0));
#3490=DIRECTION('',(-1.E0,0.E0,0.E0));
#3491=DIRECTION('',(0.E0,-4.8E-1,-8.772684879785E-1));
#3492=AXIS2_PLACEMENT_3D('',#3489,#3490,#3491);
#3494=CARTESIAN_POINT('',(3.5E-1,-8.3E-1,-3.95E0));
#3495=DIRECTION('',(1.E0,0.E0,0.E0));
#3496=DIRECTION('',(0.E0,0.E0,1.E0));
#3497=AXIS2_PLACEMENT_3D('',#3494,#3495,#3496);
#3499=DIRECTION('',(1.E0,0.E0,0.E0));
#3500=VECTOR('',#3499,2.E-1);
#3501=CARTESIAN_POINT('',(1.5E-1,-8.78E-1,-4.037726848798E0));
#3502=LINE('',#3501,#3500);
#3503=DIRECTION('',(0.E0,-5.735764363510E-1,-8.191520442890E-1));
#3504=VECTOR('',#3503,4.649751985398E-1);
#3505=CARTESIAN_POINT('',(3.5E-1,-4.615994279446E-1,-4.15E0));
#3506=LINE('',#3505,#3504);
#3507=CARTESIAN_POINT('',(3.5E-1,-6.3E-1,-4.599714556790E0));
#3508=DIRECTION('',(1.E0,0.E0,0.E0));
#3509=DIRECTION('',(0.E0,-8.191520442890E-1,5.735764363510E-1));
#3510=AXIS2_PLACEMENT_3D('',#3507,#3508,#3509);
#3512=DIRECTION('',(0.E0,0.E0,-1.E0));
#3513=VECTOR('',#3512,6.002854432103E-1);
#3514=CARTESIAN_POINT('',(3.5E-1,-7.5E-1,-4.599714556790E0));
#3515=LINE('',#3514,#3513);
#3516=DIRECTION('',(0.E0,-1.E0,0.E0));
#3517=VECTOR('',#3516,2.7E-1);
#3518=CARTESIAN_POINT('',(3.5E-1,-7.5E-1,-5.2E0));
#3519=LINE('',#3518,#3517);
#3520=DIRECTION('',(0.E0,0.E0,1.E0));
#3521=VECTOR('',#3520,7.500289601040E-1);
#3522=CARTESIAN_POINT('',(3.5E-1,-1.02E0,-5.2E0));
#3523=LINE('',#3522,#3521);
#3524=CARTESIAN_POINT('',(3.5E-1,-9.2E-1,-4.449971039896E0));
#3525=DIRECTION('',(-1.E0,0.E0,0.E0));
#3526=DIRECTION('',(0.E0,-1.E0,0.E0));
#3527=AXIS2_PLACEMENT_3D('',#3524,#3525,#3526);
#3529=DIRECTION('',(0.E0,5.985623110226E-1,8.010762509420E-1));
#3530=VECTOR('',#3529,2.562415524805E-1);
#3531=CARTESIAN_POINT('',(3.5E-1,-1.000107625094E0,-4.390114808794E0));
#3532=LINE('',#3531,#3530);
#3533=CARTESIAN_POINT('',(3.5E-1,8.3E-1,-3.95E0));
#3534=DIRECTION('',(-1.E0,0.E0,0.E0));
#3535=DIRECTION('',(0.E0,0.E0,1.E0));
#3536=AXIS2_PLACEMENT_3D('',#3533,#3534,#3535);
#3538=DIRECTION('',(0.E0,-1.E0,0.E0));
#3539=VECTOR('',#3538,1.3E-1);
#3540=CARTESIAN_POINT('',(3.5E-1,8.3E-1,-4.15E0));
#3541=LINE('',#3540,#3539);
#3542=DIRECTION('',(1.E0,0.E0,0.E0));
#3543=VECTOR('',#3542,2.E-1);
#3544=CARTESIAN_POINT('',(1.5E-1,-7.282982453147E-1,-4.530885384428E0));
#3545=LINE('',#3544,#3543);
#3546=DIRECTION('',(1.E0,0.E0,0.E0));
#3547=VECTOR('',#3546,2.E-1);
#3548=CARTESIAN_POINT('',(1.5E-1,-7.5E-1,-4.599714556790E0));
#3549=LINE('',#3548,#3547);
#3550=DIRECTION('',(1.E0,0.E0,0.E0));
#3551=VECTOR('',#3550,2.E-1);
#3552=CARTESIAN_POINT('',(1.5E-1,-7.5E-1,-5.2E0));
#3553=LINE('',#3552,#3551);
#3554=DIRECTION('',(1.E0,0.E0,0.E0));
#3555=VECTOR('',#3554,2.E-1);
#3556=CARTESIAN_POINT('',(1.5E-1,-1.02E0,-5.2E0));
#3557=LINE('',#3556,#3555);
#3558=DIRECTION('',(1.E0,0.E0,0.E0));
#3559=VECTOR('',#3558,2.E-1);
#3560=CARTESIAN_POINT('',(1.5E-1,-1.02E0,-4.449971039896E0));
#3561=LINE('',#3560,#3559);
#3562=DIRECTION('',(1.E0,0.E0,0.E0));
#3563=VECTOR('',#3562,2.E-1);
#3564=CARTESIAN_POINT('',(1.5E-1,-1.000107625094E0,-4.390114808794E0));
#3565=LINE('',#3564,#3563);
#3566=CARTESIAN_POINT('',(1.5E-1,-9.268387143556E-1,-4.124989555495E0));
#3567=DIRECTION('',(1.E0,0.E0,0.E0));
#3568=DIRECTION('',(0.E0,8.010762509420E-1,-5.985623110226E-1));
#3569=AXIS2_PLACEMENT_3D('',#3566,#3567,#3568);
#3571=CARTESIAN_POINT('',(3.5E-1,-9.268387143556E-1,-4.124989555495E0));
#3572=DIRECTION('',(-1.E0,0.E0,0.E0));
#3573=DIRECTION('',(0.E0,4.883871435565E-1,8.726270669700E-1));
#3574=AXIS2_PLACEMENT_3D('',#3571,#3572,#3573);
#3576=DIRECTION('',(1.E0,0.E0,0.E0));
#3577=VECTOR('',#3576,2.E-1);
#3578=CARTESIAN_POINT('',(1.5E-1,-8.467310892614E-1,-4.184845786597E0));
#3579=LINE('',#3578,#3577);
#3580=CARTESIAN_POINT('',(1.5E-1,9.268218862947E-1,-4.124989555495E0));
#3581=DIRECTION('',(1.E0,0.E0,0.E0));
#3582=DIRECTION('',(0.E0,-4.751671415217E-1,8.798955549485E-1));
#3583=AXIS2_PLACEMENT_3D('',#3580,#3581,#3582);
#3585=CARTESIAN_POINT('',(3.5E-1,9.268218862947E-1,-4.124989555495E0));
#3586=DIRECTION('',(-1.E0,0.E0,0.E0));
#3587=DIRECTION('',(0.E0,-9.682188629465E-1,-2.501044450515E-1));
#3588=AXIS2_PLACEMENT_3D('',#3585,#3586,#3587);
#3590=DIRECTION('',(1.E0,0.E0,0.E0));
#3591=VECTOR('',#3590,2.E-1);
#3592=CARTESIAN_POINT('',(1.5E-1,8.793051721425E-1,-4.037E0));
#3593=LINE('',#3592,#3591);
#3594=DIRECTION('',(0.E0,5.985623110226E-1,8.010762509420E-1));
#3595=VECTOR('',#3594,2.562415524805E-1);
#3596=CARTESIAN_POINT('',(6.5E-1,-1.000107625094E0,-4.390114808794E0));
#3597=LINE('',#3596,#3595);
#3598=CARTESIAN_POINT('',(6.5E-1,-9.2E-1,-4.449971039896E0));
#3599=DIRECTION('',(-1.E0,0.E0,0.E0));
#3600=DIRECTION('',(0.E0,-1.E0,0.E0));
#3601=AXIS2_PLACEMENT_3D('',#3598,#3599,#3600);
#3603=DIRECTION('',(0.E0,0.E0,1.E0));
#3604=VECTOR('',#3603,7.500289601040E-1);
#3605=CARTESIAN_POINT('',(6.5E-1,-1.02E0,-5.2E0));
#3606=LINE('',#3605,#3604);
#3607=DIRECTION('',(0.E0,-1.E0,0.E0));
#3608=VECTOR('',#3607,2.7E-1);
#3609=CARTESIAN_POINT('',(6.5E-1,-7.5E-1,-5.2E0));
#3610=LINE('',#3609,#3608);
#3611=DIRECTION('',(0.E0,0.E0,-1.E0));
#3612=VECTOR('',#3611,6.002854432103E-1);
#3613=CARTESIAN_POINT('',(6.5E-1,-7.5E-1,-4.599714556790E0));
#3614=LINE('',#3613,#3612);
#3615=CARTESIAN_POINT('',(6.5E-1,-6.3E-1,-4.599714556790E0));
#3616=DIRECTION('',(1.E0,0.E0,0.E0));
#3617=DIRECTION('',(0.E0,-8.191520442890E-1,5.735764363510E-1));
#3618=AXIS2_PLACEMENT_3D('',#3615,#3616,#3617);
#3620=DIRECTION('',(0.E0,-5.735764363510E-1,-8.191520442890E-1));
#3621=VECTOR('',#3620,4.649751985398E-1);
#3622=CARTESIAN_POINT('',(6.5E-1,-4.615994279446E-1,-4.15E0));
#3623=LINE('',#3622,#3621);
#3624=DIRECTION('',(0.E0,-1.E0,0.E0));
#3625=VECTOR('',#3624,1.3E-1);
#3626=CARTESIAN_POINT('',(6.5E-1,8.3E-1,-4.15E0));
#3627=LINE('',#3626,#3625);
#3628=CARTESIAN_POINT('',(6.5E-1,8.3E-1,-3.95E0));
#3629=DIRECTION('',(-1.E0,0.E0,0.E0));
#3630=DIRECTION('',(0.E0,0.E0,1.E0));
#3631=AXIS2_PLACEMENT_3D('',#3628,#3629,#3630);
#3633=CARTESIAN_POINT('',(6.5E-1,-8.3E-1,-3.95E0));
#3634=DIRECTION('',(-1.E0,0.E0,0.E0));
#3635=DIRECTION('',(0.E0,-4.8E-1,-8.772684879785E-1));
#3636=AXIS2_PLACEMENT_3D('',#3633,#3634,#3635);
#3638=CARTESIAN_POINT('',(8.5E-1,-8.3E-1,-3.95E0));
#3639=DIRECTION('',(1.E0,0.E0,0.E0));
#3640=DIRECTION('',(0.E0,0.E0,1.E0));
#3641=AXIS2_PLACEMENT_3D('',#3638,#3639,#3640);
#3643=DIRECTION('',(1.E0,0.E0,0.E0));
#3644=VECTOR('',#3643,2.E-1);
#3645=CARTESIAN_POINT('',(6.5E-1,-8.78E-1,-4.037726848798E0));
#3646=LINE('',#3645,#3644);
#3647=DIRECTION('',(0.E0,-5.735764363510E-1,-8.191520442890E-1));
#3648=VECTOR('',#3647,4.649751985398E-1);
#3649=CARTESIAN_POINT('',(8.5E-1,-4.615994279446E-1,-4.15E0));
#3650=LINE('',#3649,#3648);
#3651=CARTESIAN_POINT('',(8.5E-1,-6.3E-1,-4.599714556790E0));
#3652=DIRECTION('',(1.E0,0.E0,0.E0));
#3653=DIRECTION('',(0.E0,-8.191520442890E-1,5.735764363510E-1));
#3654=AXIS2_PLACEMENT_3D('',#3651,#3652,#3653);
#3656=DIRECTION('',(0.E0,0.E0,-1.E0));
#3657=VECTOR('',#3656,6.002854432103E-1);
#3658=CARTESIAN_POINT('',(8.5E-1,-7.5E-1,-4.599714556790E0));
#3659=LINE('',#3658,#3657);
#3660=DIRECTION('',(0.E0,-1.E0,0.E0));
#3661=VECTOR('',#3660,2.7E-1);
#3662=CARTESIAN_POINT('',(8.5E-1,-7.5E-1,-5.2E0));
#3663=LINE('',#3662,#3661);
#3664=DIRECTION('',(0.E0,0.E0,1.E0));
#3665=VECTOR('',#3664,7.500289601040E-1);
#3666=CARTESIAN_POINT('',(8.5E-1,-1.02E0,-5.2E0));
#3667=LINE('',#3666,#3665);
#3668=CARTESIAN_POINT('',(8.5E-1,-9.2E-1,-4.449971039896E0));
#3669=DIRECTION('',(-1.E0,0.E0,0.E0));
#3670=DIRECTION('',(0.E0,-1.E0,0.E0));
#3671=AXIS2_PLACEMENT_3D('',#3668,#3669,#3670);
#3673=DIRECTION('',(0.E0,5.985623110226E-1,8.010762509420E-1));
#3674=VECTOR('',#3673,2.562415524805E-1);
#3675=CARTESIAN_POINT('',(8.5E-1,-1.000107625094E0,-4.390114808794E0));
#3676=LINE('',#3675,#3674);
#3677=CARTESIAN_POINT('',(8.5E-1,8.3E-1,-3.95E0));
#3678=DIRECTION('',(-1.E0,0.E0,0.E0));
#3679=DIRECTION('',(0.E0,0.E0,1.E0));
#3680=AXIS2_PLACEMENT_3D('',#3677,#3678,#3679);
#3682=DIRECTION('',(0.E0,-1.E0,0.E0));
#3683=VECTOR('',#3682,1.3E-1);
#3684=CARTESIAN_POINT('',(8.5E-1,8.3E-1,-4.15E0));
#3685=LINE('',#3684,#3683);
#3686=DIRECTION('',(1.E0,0.E0,0.E0));
#3687=VECTOR('',#3686,2.E-1);
#3688=CARTESIAN_POINT('',(6.5E-1,-7.282982453147E-1,-4.530885384428E0));
#3689=LINE('',#3688,#3687);
#3690=DIRECTION('',(1.E0,0.E0,0.E0));
#3691=VECTOR('',#3690,2.E-1);
#3692=CARTESIAN_POINT('',(6.5E-1,-7.5E-1,-4.599714556790E0));
#3693=LINE('',#3692,#3691);
#3694=DIRECTION('',(1.E0,0.E0,0.E0));
#3695=VECTOR('',#3694,2.E-1);
#3696=CARTESIAN_POINT('',(6.5E-1,-7.5E-1,-5.2E0));
#3697=LINE('',#3696,#3695);
#3698=DIRECTION('',(1.E0,0.E0,0.E0));
#3699=VECTOR('',#3698,2.E-1);
#3700=CARTESIAN_POINT('',(6.5E-1,-1.02E0,-5.2E0));
#3701=LINE('',#3700,#3699);
#3702=DIRECTION('',(1.E0,0.E0,0.E0));
#3703=VECTOR('',#3702,2.E-1);
#3704=CARTESIAN_POINT('',(6.5E-1,-1.02E0,-4.449971039896E0));
#3705=LINE('',#3704,#3703);
#3706=DIRECTION('',(1.E0,0.E0,0.E0));
#3707=VECTOR('',#3706,2.E-1);
#3708=CARTESIAN_POINT('',(6.5E-1,-1.000107625094E0,-4.390114808794E0));
#3709=LINE('',#3708,#3707);
#3710=CARTESIAN_POINT('',(6.5E-1,-9.268387143556E-1,-4.124989555495E0));
#3711=DIRECTION('',(1.E0,0.E0,0.E0));
#3712=DIRECTION('',(0.E0,8.010762509420E-1,-5.985623110226E-1));
#3713=AXIS2_PLACEMENT_3D('',#3710,#3711,#3712);
#3715=CARTESIAN_POINT('',(8.5E-1,-9.268387143556E-1,-4.124989555495E0));
#3716=DIRECTION('',(-1.E0,0.E0,0.E0));
#3717=DIRECTION('',(0.E0,4.883871435565E-1,8.726270669700E-1));
#3718=AXIS2_PLACEMENT_3D('',#3715,#3716,#3717);
#3720=DIRECTION('',(1.E0,0.E0,0.E0));
#3721=VECTOR('',#3720,2.E-1);
#3722=CARTESIAN_POINT('',(6.5E-1,-8.467310892614E-1,-4.184845786597E0));
#3723=LINE('',#3722,#3721);
#3724=CARTESIAN_POINT('',(6.5E-1,9.268218862947E-1,-4.124989555495E0));
#3725=DIRECTION('',(1.E0,0.E0,0.E0));
#3726=DIRECTION('',(0.E0,-4.751671415217E-1,8.798955549485E-1));
#3727=AXIS2_PLACEMENT_3D('',#3724,#3725,#3726);
#3729=CARTESIAN_POINT('',(8.5E-1,9.268218862947E-1,-4.124989555495E0));
#3730=DIRECTION('',(-1.E0,0.E0,0.E0));
#3731=DIRECTION('',(0.E0,-9.682188629465E-1,-2.501044450515E-1));
#3732=AXIS2_PLACEMENT_3D('',#3729,#3730,#3731);
#3734=DIRECTION('',(1.E0,0.E0,0.E0));
#3735=VECTOR('',#3734,2.E-1);
#3736=CARTESIAN_POINT('',(6.5E-1,8.793051721425E-1,-4.037E0));
#3737=LINE('',#3736,#3735);
#3738=CARTESIAN_POINT('',(1.15E0,9.268218862947E-1,-4.124989555495E0));
#3739=DIRECTION('',(1.E0,0.E0,0.E0));
#3740=DIRECTION('',(0.E0,-4.751671415217E-1,8.798955549485E-1));
#3741=AXIS2_PLACEMENT_3D('',#3738,#3739,#3740);
#3743=CARTESIAN_POINT('',(1.35E0,9.268218862947E-1,-4.124989555495E0));
#3744=DIRECTION('',(-1.E0,0.E0,0.E0));
#3745=DIRECTION('',(0.E0,-9.682188629465E-1,-2.501044450515E-1));
#3746=AXIS2_PLACEMENT_3D('',#3743,#3744,#3745);
#3748=DIRECTION('',(1.E0,0.E0,0.E0));
#3749=VECTOR('',#3748,2.E-1);
#3750=CARTESIAN_POINT('',(1.15E0,8.793051721425E-1,-4.037E0));
#3751=LINE('',#3750,#3749);
#3752=CARTESIAN_POINT('',(-4.3E0,-9.E-1,-1.25E0));
#3753=CARTESIAN_POINT('',(-4.3E0,9.E-1,-1.25E0));
#3754=VERTEX_POINT('',#3752);
#3755=VERTEX_POINT('',#3753);
#3756=CARTESIAN_POINT('',(4.3E0,9.E-1,-1.25E0));
#3757=CARTESIAN_POINT('',(4.3E0,-9.E-1,-1.25E0));
#3758=VERTEX_POINT('',#3756);
#3759=VERTEX_POINT('',#3757);
#3760=CARTESIAN_POINT('',(1.85E0,-9.E-1,-1.25E0));
#3761=VERTEX_POINT('',#3760);
#3762=CARTESIAN_POINT('',(-1.85E0,-9.E-1,-1.25E0));
#3763=VERTEX_POINT('',#3762);
#3764=CARTESIAN_POINT('',(1.7E0,-3.E-1,-7.E-1));
#3765=CARTESIAN_POINT('',(1.7E0,-7.E-1,-1.5E-1));
#3766=VERTEX_POINT('',#3764);
#3767=VERTEX_POINT('',#3765);
#3768=CARTESIAN_POINT('',(1.7E0,-1.E0,-1.5E-1));
#3769=VERTEX_POINT('',#3768);
#3770=CARTESIAN_POINT('',(1.7E0,-1.E0,-3.85E0));
#3771=VERTEX_POINT('',#3770);
#3772=CARTESIAN_POINT('',(1.7E0,1.E0,-3.85E0));
#3773=CARTESIAN_POINT('',(1.7E0,1.E0,-1.25E0));
#3774=VERTEX_POINT('',#3772);
#3775=VERTEX_POINT('',#3773);
#3776=CARTESIAN_POINT('',(-1.7E0,-3.E-1,-7.E-1));
#3777=CARTESIAN_POINT('',(-1.7E0,-7.E-1,-1.5E-1));
#3778=VERTEX_POINT('',#3776);
#3779=VERTEX_POINT('',#3777);
#3780=CARTESIAN_POINT('',(-1.7E0,-1.E0,-1.5E-1));
#3781=VERTEX_POINT('',#3780);
#3782=CARTESIAN_POINT('',(-1.7E0,-1.E0,-3.85E0));
#3783=VERTEX_POINT('',#3782);
#3784=CARTESIAN_POINT('',(-1.7E0,1.E0,-3.85E0));
#3785=CARTESIAN_POINT('',(-1.7E0,1.E0,-1.25E0));
#3786=VERTEX_POINT('',#3784);
#3787=VERTEX_POINT('',#3785);
#3788=CARTESIAN_POINT('',(-1.7E0,9.E-1,-1.25E0));
#3789=CARTESIAN_POINT('',(1.7E0,9.E-1,-1.25E0));
#3790=VERTEX_POINT('',#3788);
#3791=VERTEX_POINT('',#3789);
#3792=CARTESIAN_POINT('',(-1.85E0,-7.E-1,-1.25E0));
#3793=VERTEX_POINT('',#3792);
#3794=CARTESIAN_POINT('',(1.85E0,-7.E-1,-1.25E0));
#3795=VERTEX_POINT('',#3794);
#3796=CARTESIAN_POINT('',(1.7E0,-7.E-1,-3.85E0));
#3797=VERTEX_POINT('',#3796);
#3798=CARTESIAN_POINT('',(1.7E0,7.E-1,-3.85E0));
#3799=VERTEX_POINT('',#3798);
#3800=CARTESIAN_POINT('',(-1.7E0,-7.E-1,-3.85E0));
#3801=VERTEX_POINT('',#3800);
#3802=CARTESIAN_POINT('',(-1.7E0,7.E-1,-3.85E0));
#3803=VERTEX_POINT('',#3802);
#3804=CARTESIAN_POINT('',(1.7E0,-3.E-1,-1.25E0));
#3805=VERTEX_POINT('',#3804);
#3806=CARTESIAN_POINT('',(-1.7E0,-3.E-1,-1.25E0));
#3807=VERTEX_POINT('',#3806);
#3808=CARTESIAN_POINT('',(1.7E0,7.E-1,-1.25E0));
#3809=VERTEX_POINT('',#3808);
#3810=CARTESIAN_POINT('',(-1.7E0,7.E-1,-1.25E0));
#3811=VERTEX_POINT('',#3810);
#3812=CARTESIAN_POINT('',(-3.35E0,7.E-1,-4.15E0));
#3813=CARTESIAN_POINT('',(-3.35E0,7.E-1,-4.E0));
#3814=VERTEX_POINT('',#3812);
#3815=VERTEX_POINT('',#3813);
#3816=CARTESIAN_POINT('',(-3.35E0,7.E-1,-1.3E0));
#3817=CARTESIAN_POINT('',(-3.35E0,7.E-1,-1.25E0));
#3818=VERTEX_POINT('',#3816);
#3819=VERTEX_POINT('',#3817);
#3820=CARTESIAN_POINT('',(-3.35E0,-7.E-1,-4.15E0));
#3821=CARTESIAN_POINT('',(-3.35E0,-7.E-1,-4.E0));
#3822=VERTEX_POINT('',#3820);
#3823=VERTEX_POINT('',#3821);
#3824=CARTESIAN_POINT('',(-3.35E0,-7.E-1,-1.3E0));
#3825=CARTESIAN_POINT('',(-3.35E0,-7.E-1,-1.25E0));
#3826=VERTEX_POINT('',#3824);
#3827=VERTEX_POINT('',#3825);
#3828=CARTESIAN_POINT('',(-3.5E0,-9.85E-1,-1.3E0));
#3829=CARTESIAN_POINT('',(-3.75E0,-7.35E-1,-1.3E0));
#3830=VERTEX_POINT('',#3828);
#3831=VERTEX_POINT('',#3829);
#3832=CARTESIAN_POINT('',(-3.75E0,7.35E-1,-1.3E0));
#3833=VERTEX_POINT('',#3832);
#3834=CARTESIAN_POINT('',(-3.5E0,9.85E-1,-1.3E0));
#3835=VERTEX_POINT('',#3834);
#3836=CARTESIAN_POINT('',(-3.5E0,-9.85E-1,-4.E0));
#3837=CARTESIAN_POINT('',(-3.75E0,-7.35E-1,-4.E0));
#3838=VERTEX_POINT('',#3836);
#3839=VERTEX_POINT('',#3837);
#3840=CARTESIAN_POINT('',(-3.75E0,7.35E-1,-4.E0));
#3841=CARTESIAN_POINT('',(-3.5E0,9.85E-1,-4.E0));
#3842=VERTEX_POINT('',#3840);
#3843=VERTEX_POINT('',#3841);
#3844=CARTESIAN_POINT('',(3.75E0,-7.35E-1,-1.3E0));
#3845=CARTESIAN_POINT('',(3.5E0,-9.85E-1,-1.3E0));
#3846=VERTEX_POINT('',#3844);
#3847=VERTEX_POINT('',#3845);
#3848=CARTESIAN_POINT('',(3.5E0,9.85E-1,-1.3E0));
#3849=CARTESIAN_POINT('',(3.75E0,7.35E-1,-1.3E0));
#3850=VERTEX_POINT('',#3848);
#3851=VERTEX_POINT('',#3849);
#3852=CARTESIAN_POINT('',(3.75E0,-7.35E-1,-4.E0));
#3853=CARTESIAN_POINT('',(3.5E0,-9.85E-1,-4.E0));
#3854=VERTEX_POINT('',#3852);
#3855=VERTEX_POINT('',#3853);
#3856=CARTESIAN_POINT('',(3.5E0,9.85E-1,-4.E0));
#3857=CARTESIAN_POINT('',(3.75E0,7.35E-1,-4.E0));
#3858=VERTEX_POINT('',#3856);
#3859=VERTEX_POINT('',#3857);
#3860=CARTESIAN_POINT('',(3.35E0,7.E-1,-1.25E0));
#3861=CARTESIAN_POINT('',(3.35E0,7.E-1,-1.3E0));
#3862=VERTEX_POINT('',#3860);
#3863=VERTEX_POINT('',#3861);
#3864=CARTESIAN_POINT('',(3.35E0,7.E-1,-4.E0));
#3865=CARTESIAN_POINT('',(3.35E0,7.E-1,-4.15E0));
#3866=VERTEX_POINT('',#3864);
#3867=VERTEX_POINT('',#3865);
#3868=CARTESIAN_POINT('',(3.35E0,-7.E-1,-1.25E0));
#3869=CARTESIAN_POINT('',(3.35E0,-7.E-1,-1.3E0));
#3870=VERTEX_POINT('',#3868);
#3871=VERTEX_POINT('',#3869);
#3872=CARTESIAN_POINT('',(3.35E0,-7.E-1,-4.E0));
#3873=CARTESIAN_POINT('',(3.35E0,-7.E-1,-4.15E0));
#3874=VERTEX_POINT('',#3872);
#3875=VERTEX_POINT('',#3873);
#3876=CARTESIAN_POINT('',(1.753224947428E0,8.402444315316E-1,-3.75E0));
#3877=CARTESIAN_POINT('',(1.959957324001E0,9.85E-1,-3.75E0));
#3878=VERTEX_POINT('',#3876);
#3879=VERTEX_POINT('',#3877);
#3880=CARTESIAN_POINT('',(-1.959957324001E0,9.85E-1,-3.75E0));
#3881=CARTESIAN_POINT('',(-1.753224947428E0,8.402444315316E-1,-3.75E0));
#3882=VERTEX_POINT('',#3880);
#3883=VERTEX_POINT('',#3881);
#3884=CARTESIAN_POINT('',(-1.702180148829E0,7.E-1,-3.75E0));
#3885=VERTEX_POINT('',#3884);
#3886=CARTESIAN_POINT('',(-1.703985600994E0,-7.E-1,-3.75E0));
#3887=CARTESIAN_POINT('',(-1.704E0,-7.05E-1,-3.75E0));
#3888=VERTEX_POINT('',#3886);
#3889=VERTEX_POINT('',#3887);
#3890=CARTESIAN_POINT('',(-1.753224947428E0,-8.402444315316E-1,-3.75E0));
#3891=VERTEX_POINT('',#3890);
#3892=CARTESIAN_POINT('',(-1.959957324001E0,-9.85E-1,-3.75E0));
#3893=VERTEX_POINT('',#3892);
#3894=CARTESIAN_POINT('',(1.959957324001E0,-9.85E-1,-3.75E0));
#3895=CARTESIAN_POINT('',(1.753224947428E0,-8.402444315316E-1,-3.75E0));
#3896=VERTEX_POINT('',#3894);
#3897=VERTEX_POINT('',#3895);
#3898=CARTESIAN_POINT('',(1.704E0,-7.05E-1,-3.75E0));
#3899=VERTEX_POINT('',#3898);
#3900=CARTESIAN_POINT('',(1.703985600994E0,-7.E-1,-3.75E0));
#3901=VERTEX_POINT('',#3900);
#3902=CARTESIAN_POINT('',(1.702180148829E0,7.E-1,-3.75E0));
#3903=VERTEX_POINT('',#3902);
#3904=CARTESIAN_POINT('',(-1.702180148829E0,7.E-1,-1.85E0));
#3905=VERTEX_POINT('',#3904);
#3906=CARTESIAN_POINT('',(1.702180148829E0,7.E-1,-1.85E0));
#3907=VERTEX_POINT('',#3906);
#3908=CARTESIAN_POINT('',(-1.92E0,9.85E-1,-1.3E0));
#3909=CARTESIAN_POINT('',(-1.72E0,9.85E-1,-1.5E0));
#3910=VERTEX_POINT('',#3908);
#3911=VERTEX_POINT('',#3909);
#3912=CARTESIAN_POINT('',(-1.72E0,9.85E-1,-1.85E0));
#3913=VERTEX_POINT('',#3912);
#3914=CARTESIAN_POINT('',(-1.92E0,7.E-1,-1.3E0));
#3915=CARTESIAN_POINT('',(-1.72E0,7.E-1,-1.5E0));
#3916=VERTEX_POINT('',#3914);
#3917=VERTEX_POINT('',#3915);
#3918=CARTESIAN_POINT('',(-1.72E0,7.E-1,-1.85E0));
#3919=VERTEX_POINT('',#3918);
#3920=CARTESIAN_POINT('',(-1.960000033748E0,9.849999958543E-1,-1.85E0));
#3921=CARTESIAN_POINT('',(-1.753224947428E0,8.402444315316E-1,-1.85E0));
#3922=VERTEX_POINT('',#3920);
#3923=VERTEX_POINT('',#3921);
#3924=CARTESIAN_POINT('',(-1.72E0,7.489596387113E-1,-1.85E0));
#3925=VERTEX_POINT('',#3924);
#3926=CARTESIAN_POINT('',(1.72E0,9.85E-1,-1.5E0));
#3927=CARTESIAN_POINT('',(1.92E0,9.85E-1,-1.3E0));
#3928=VERTEX_POINT('',#3926);
#3929=VERTEX_POINT('',#3927);
#3930=CARTESIAN_POINT('',(1.72E0,9.85E-1,-1.85E0));
#3931=VERTEX_POINT('',#3930);
#3932=CARTESIAN_POINT('',(1.72E0,7.E-1,-1.5E0));
#3933=CARTESIAN_POINT('',(1.92E0,7.E-1,-1.3E0));
#3934=VERTEX_POINT('',#3932);
#3935=VERTEX_POINT('',#3933);
#3936=CARTESIAN_POINT('',(1.72E0,7.E-1,-1.85E0));
#3937=VERTEX_POINT('',#3936);
#3938=CARTESIAN_POINT('',(1.72E0,7.489596387113E-1,-1.85E0));
#3939=CARTESIAN_POINT('',(1.753224947428E0,8.402444315316E-1,-1.85E0));
#3940=VERTEX_POINT('',#3938);
#3941=VERTEX_POINT('',#3939);
#3942=CARTESIAN_POINT('',(1.959957324001E0,9.85E-1,-1.85E0));
#3943=VERTEX_POINT('',#3942);
#3944=CARTESIAN_POINT('',(-1.85E0,-3.E-1,-1.25E0));
#3945=VERTEX_POINT('',#3944);
#3946=CARTESIAN_POINT('',(1.85E0,-3.E-1,-1.25E0));
#3947=VERTEX_POINT('',#3946);
#3948=CARTESIAN_POINT('',(-1.8E0,1.E-1,-2.85E0));
#3949=CARTESIAN_POINT('',(-1.8E0,-3.E-1,-2.85E0));
#3950=VERTEX_POINT('',#3948);
#3951=VERTEX_POINT('',#3949);
#3952=CARTESIAN_POINT('',(1.8E0,-3.E-1,-2.85E0));
#3953=CARTESIAN_POINT('',(1.8E0,1.E-1,-2.85E0));
#3954=VERTEX_POINT('',#3952);
#3955=VERTEX_POINT('',#3953);
#3956=CARTESIAN_POINT('',(-2.97E0,7.E-1,-1.3E0));
#3957=CARTESIAN_POINT('',(-2.97E0,7.E-1,-1.25E0));
#3958=VERTEX_POINT('',#3956);
#3959=VERTEX_POINT('',#3957);
#3960=CARTESIAN_POINT('',(-1.95E0,7.E-1,-1.25E0));
#3961=CARTESIAN_POINT('',(-1.95E0,7.E-1,-1.3E0));
#3962=VERTEX_POINT('',#3960);
#3963=VERTEX_POINT('',#3961);
#3964=CARTESIAN_POINT('',(-2.97E0,7.85E-1,-1.3E0));
#3965=CARTESIAN_POINT('',(-1.95E0,7.85E-1,-1.3E0));
#3966=VERTEX_POINT('',#3964);
#3967=VERTEX_POINT('',#3965);
#3968=CARTESIAN_POINT('',(-2.97E0,7.85E-1,-1.25E0));
#3969=VERTEX_POINT('',#3968);
#3970=CARTESIAN_POINT('',(-1.95E0,7.85E-1,-1.25E0));
#3971=VERTEX_POINT('',#3970);
#3972=CARTESIAN_POINT('',(-1.95E0,7.E-1,-3.75E0));
#3973=CARTESIAN_POINT('',(-1.95E0,7.E-1,-3.85E0));
#3974=VERTEX_POINT('',#3972);
#3975=VERTEX_POINT('',#3973);
#3976=CARTESIAN_POINT('',(-2.199E0,7.E-1,-3.85E0));
#3977=VERTEX_POINT('',#3976);
#3978=CARTESIAN_POINT('',(-1.95E0,7.85E-1,-3.75E0));
#3979=VERTEX_POINT('',#3978);
#3980=CARTESIAN_POINT('',(-1.95E0,7.85E-1,-3.85E0));
#3981=VERTEX_POINT('',#3980);
#3982=CARTESIAN_POINT('',(1.95E0,7.85E-1,-1.25E0));
#3983=CARTESIAN_POINT('',(2.97E0,7.85E-1,-1.25E0));
#3984=VERTEX_POINT('',#3982);
#3985=VERTEX_POINT('',#3983);
#3986=CARTESIAN_POINT('',(1.95E0,7.E-1,-1.25E0));
#3987=VERTEX_POINT('',#3986);
#3988=CARTESIAN_POINT('',(2.97E0,7.E-1,-1.25E0));
#3989=VERTEX_POINT('',#3988);
#3990=CARTESIAN_POINT('',(2.199E0,7.E-1,-3.85E0));
#3991=CARTESIAN_POINT('',(1.95E0,7.E-1,-3.85E0));
#3992=VERTEX_POINT('',#3990);
#3993=VERTEX_POINT('',#3991);
#3994=CARTESIAN_POINT('',(1.95E0,7.E-1,-1.3E0));
#3995=VERTEX_POINT('',#3994);
#3996=CARTESIAN_POINT('',(1.95E0,7.E-1,-3.75E0));
#3997=VERTEX_POINT('',#3996);
#3998=CARTESIAN_POINT('',(2.97E0,7.E-1,-1.3E0));
#3999=VERTEX_POINT('',#3998);
#4000=CARTESIAN_POINT('',(1.95E0,7.85E-1,-1.3E0));
#4001=CARTESIAN_POINT('',(2.97E0,7.85E-1,-1.3E0));
#4002=VERTEX_POINT('',#4000);
#4003=VERTEX_POINT('',#4001);
#4004=CARTESIAN_POINT('',(1.95E0,7.85E-1,-3.75E0));
#4005=VERTEX_POINT('',#4004);
#4006=CARTESIAN_POINT('',(1.95E0,7.85E-1,-3.85E0));
#4007=VERTEX_POINT('',#4006);
#4008=CARTESIAN_POINT('',(-2.97E0,-7.85E-1,-1.3E0));
#4009=CARTESIAN_POINT('',(-2.97E0,-7.85E-1,-1.25E0));
#4010=VERTEX_POINT('',#4008);
#4011=VERTEX_POINT('',#4009);
#4012=CARTESIAN_POINT('',(-1.95E0,-7.85E-1,-1.25E0));
#4013=CARTESIAN_POINT('',(-1.95E0,-7.85E-1,-1.3E0));
#4014=VERTEX_POINT('',#4012);
#4015=VERTEX_POINT('',#4013);
#4016=CARTESIAN_POINT('',(-1.95E0,-7.85E-1,-3.75E0));
#4017=CARTESIAN_POINT('',(-1.95E0,-7.85E-1,-3.85E0));
#4018=VERTEX_POINT('',#4016);
#4019=VERTEX_POINT('',#4017);
#4020=CARTESIAN_POINT('',(-1.95E0,-7.E-1,-3.85E0));
#4021=VERTEX_POINT('',#4020);
#4022=CARTESIAN_POINT('',(1.95E0,-7.85E-1,-3.85E0));
#4023=CARTESIAN_POINT('',(1.95E0,-7.85E-1,-3.75E0));
#4024=VERTEX_POINT('',#4022);
#4025=VERTEX_POINT('',#4023);
#4026=CARTESIAN_POINT('',(1.95E0,-7.85E-1,-1.3E0));
#4027=CARTESIAN_POINT('',(1.95E0,-7.85E-1,-1.25E0));
#4028=VERTEX_POINT('',#4026);
#4029=VERTEX_POINT('',#4027);
#4030=CARTESIAN_POINT('',(2.97E0,-7.85E-1,-1.25E0));
#4031=CARTESIAN_POINT('',(2.97E0,-7.85E-1,-1.3E0));
#4032=VERTEX_POINT('',#4030);
#4033=VERTEX_POINT('',#4031);
#4034=CARTESIAN_POINT('',(1.95E0,-7.E-1,-3.85E0));
#4035=VERTEX_POINT('',#4034);
#4036=CARTESIAN_POINT('',(-2.97E0,-7.E-1,-1.25E0));
#4037=VERTEX_POINT('',#4036);
#4038=CARTESIAN_POINT('',(-1.95E0,-7.E-1,-1.25E0));
#4039=VERTEX_POINT('',#4038);
#4040=CARTESIAN_POINT('',(1.95E0,-7.E-1,-1.25E0));
#4041=VERTEX_POINT('',#4040);
#4042=CARTESIAN_POINT('',(2.97E0,-7.E-1,-1.25E0));
#4043=VERTEX_POINT('',#4042);
#4044=CARTESIAN_POINT('',(-2.97E0,-7.E-1,-1.3E0));
#4045=VERTEX_POINT('',#4044);
#4046=CARTESIAN_POINT('',(-1.95E0,-7.E-1,-1.3E0));
#4047=VERTEX_POINT('',#4046);
#4048=CARTESIAN_POINT('',(-1.95E0,-7.E-1,-3.75E0));
#4049=VERTEX_POINT('',#4048);
#4050=CARTESIAN_POINT('',(-2.199E0,-7.E-1,-3.85E0));
#4051=VERTEX_POINT('',#4050);
#4052=CARTESIAN_POINT('',(2.199E0,-7.E-1,-3.85E0));
#4053=VERTEX_POINT('',#4052);
#4054=CARTESIAN_POINT('',(1.95E0,-7.E-1,-1.3E0));
#4055=VERTEX_POINT('',#4054);
#4056=CARTESIAN_POINT('',(1.95E0,-7.E-1,-3.75E0));
#4057=VERTEX_POINT('',#4056);
#4058=CARTESIAN_POINT('',(2.97E0,-7.E-1,-1.3E0));
#4059=VERTEX_POINT('',#4058);
#4060=CARTESIAN_POINT('',(-3.45E0,-4.75E-1,-1.25E0));
#4061=CARTESIAN_POINT('',(-3.35E0,-4.75E-1,-1.25E0));
#4062=VERTEX_POINT('',#4060);
#4063=VERTEX_POINT('',#4061);
#4064=CARTESIAN_POINT('',(-3.45E0,4.75E-1,-1.25E0));
#4065=CARTESIAN_POINT('',(-3.35E0,4.75E-1,-1.25E0));
#4066=VERTEX_POINT('',#4064);
#4067=VERTEX_POINT('',#4065);
#4068=CARTESIAN_POINT('',(-3.35E0,-4.75E-1,-1.3E0));
#4069=VERTEX_POINT('',#4068);
#4070=CARTESIAN_POINT('',(-3.35E0,4.75E-1,-1.3E0));
#4071=VERTEX_POINT('',#4070);
#4072=CARTESIAN_POINT('',(-3.446E0,-4.75E-1,-1.3E0));
#4073=VERTEX_POINT('',#4072);
#4074=CARTESIAN_POINT('',(-3.446E0,4.75E-1,-1.3E0));
#4075=VERTEX_POINT('',#4074);
#4076=CARTESIAN_POINT('',(3.35E0,-4.75E-1,-1.25E0));
#4077=CARTESIAN_POINT('',(3.45E0,-4.75E-1,-1.25E0));
#4078=VERTEX_POINT('',#4076);
#4079=VERTEX_POINT('',#4077);
#4080=CARTESIAN_POINT('',(3.35E0,4.75E-1,-1.25E0));
#4081=CARTESIAN_POINT('',(3.45E0,4.75E-1,-1.25E0));
#4082=VERTEX_POINT('',#4080);
#4083=VERTEX_POINT('',#4081);
#4084=CARTESIAN_POINT('',(3.35E0,-4.75E-1,-1.3E0));
#4085=VERTEX_POINT('',#4084);
#4086=CARTESIAN_POINT('',(3.35E0,4.75E-1,-1.3E0));
#4087=VERTEX_POINT('',#4086);
#4088=CARTESIAN_POINT('',(3.446E0,-4.75E-1,-1.3E0));
#4089=VERTEX_POINT('',#4088);
#4090=CARTESIAN_POINT('',(3.446E0,4.75E-1,-1.3E0));
#4091=VERTEX_POINT('',#4090);
#4092=CARTESIAN_POINT('',(-3.342E0,9.85E-1,-4.E0));
#4093=VERTEX_POINT('',#4092);
#4094=CARTESIAN_POINT('',(-3.189945256222E0,9.85E-1,-4.05E0));
#4095=CARTESIAN_POINT('',(-3.273965569610E0,9.85E-1,-4.031495418505E0));
#4096=VERTEX_POINT('',#4094);
#4097=VERTEX_POINT('',#4095);
#4098=CARTESIAN_POINT('',(-3.189945256222E0,-9.85E-1,-4.05E0));
#4099=CARTESIAN_POINT('',(-3.273965569610E0,-9.85E-1,-4.031495418505E0));
#4100=VERTEX_POINT('',#4098);
#4101=VERTEX_POINT('',#4099);
#4102=CARTESIAN_POINT('',(-3.342E0,7.E-1,-4.E0));
#4103=VERTEX_POINT('',#4102);
#4104=CARTESIAN_POINT('',(-3.342E0,-9.85E-1,-4.E0));
#4105=VERTEX_POINT('',#4104);
#4106=CARTESIAN_POINT('',(3.273965569610E0,9.85E-1,-4.031495418505E0));
#4107=CARTESIAN_POINT('',(3.189945256222E0,9.85E-1,-4.05E0));
#4108=VERTEX_POINT('',#4106);
#4109=VERTEX_POINT('',#4107);
#4110=CARTESIAN_POINT('',(3.273965569610E0,-9.85E-1,-4.031495418505E0));
#4111=CARTESIAN_POINT('',(3.189945256222E0,-9.85E-1,-4.05E0));
#4112=VERTEX_POINT('',#4110);
#4113=VERTEX_POINT('',#4111);
#4114=CARTESIAN_POINT('',(-3.189945256222E0,-7.E-1,-4.05E0));
#4115=CARTESIAN_POINT('',(-3.273965569610E0,-7.E-1,-4.031495418505E0));
#4116=VERTEX_POINT('',#4114);
#4117=VERTEX_POINT('',#4115);
#4118=CARTESIAN_POINT('',(-3.342E0,-7.E-1,-4.E0));
#4119=VERTEX_POINT('',#4118);
#4120=CARTESIAN_POINT('',(3.342E0,-7.E-1,-4.E0));
#4121=CARTESIAN_POINT('',(3.273965569610E0,-7.E-1,-4.031495418505E0));
#4122=VERTEX_POINT('',#4120);
#4123=VERTEX_POINT('',#4121);
#4124=CARTESIAN_POINT('',(3.189945256223E0,-7.E-1,-4.05E0));
#4125=VERTEX_POINT('',#4124);
#4126=CARTESIAN_POINT('',(-3.189945256222E0,7.E-1,-4.05E0));
#4127=CARTESIAN_POINT('',(-3.273965569610E0,7.E-1,-4.031495418505E0));
#4128=VERTEX_POINT('',#4126);
#4129=VERTEX_POINT('',#4127);
#4130=CARTESIAN_POINT('',(3.342E0,7.E-1,-4.E0));
#4131=CARTESIAN_POINT('',(3.273965569610E0,7.E-1,-4.031495418505E0));
#4132=VERTEX_POINT('',#4130);
#4133=VERTEX_POINT('',#4131);
#4134=CARTESIAN_POINT('',(3.189945256223E0,7.E-1,-4.05E0));
#4135=VERTEX_POINT('',#4134);
#4136=CARTESIAN_POINT('',(3.342E0,9.85E-1,-4.E0));
#4137=VERTEX_POINT('',#4136);
#4138=CARTESIAN_POINT('',(3.342E0,-9.85E-1,-4.E0));
#4139=VERTEX_POINT('',#4138);
#4140=CARTESIAN_POINT('',(-3.35E0,6.164213562373E-1,-4.15E0));
#4141=VERTEX_POINT('',#4140);
#4142=CARTESIAN_POINT('',(-3.35E0,-6.164213562373E-1,-4.15E0));
#4143=VERTEX_POINT('',#4142);
#4144=CARTESIAN_POINT('',(-3.35E0,-6.164213562373E-1,-4.E0));
#4145=VERTEX_POINT('',#4144);
#4146=CARTESIAN_POINT('',(-3.35E0,6.164213562373E-1,-4.E0));
#4147=VERTEX_POINT('',#4146);
#4148=CARTESIAN_POINT('',(-3.75E0,-3.E-1,-4.E0));
#4149=VERTEX_POINT('',#4148);
#4150=CARTESIAN_POINT('',(-3.75E0,3.E-1,-4.E0));
#4151=VERTEX_POINT('',#4150);
#4152=CARTESIAN_POINT('',(-3.5E0,4.25E-1,-4.35E0));
#4153=CARTESIAN_POINT('',(-3.470710678119E0,4.957106781187E-1,-4.35E0));
#4154=VERTEX_POINT('',#4152);
#4155=VERTEX_POINT('',#4153);
#4156=CARTESIAN_POINT('',(-3.320710678119E0,6.457106781187E-1,-4.35E0));
#4157=VERTEX_POINT('',#4156);
#4158=CARTESIAN_POINT('',(-3.25E0,6.75E-1,-4.35E0));
#4159=VERTEX_POINT('',#4158);
#4160=CARTESIAN_POINT('',(-2.349802646526E0,6.75E-1,-4.35E0));
#4161=VERTEX_POINT('',#4160);
#4162=CARTESIAN_POINT('',(-2.154901323263E0,5.198717526990E-1,-4.35E0));
#4163=VERTEX_POINT('',#4162);
#4164=CARTESIAN_POINT('',(-2.005E0,3.698717526991E-1,-4.35E0));
#4165=VERTEX_POINT('',#4164);
#4166=CARTESIAN_POINT('',(-1.85E0,1.75E-1,-4.35E0));
#4167=VERTEX_POINT('',#4166);
#4168=CARTESIAN_POINT('',(-1.85E0,-1.75E-1,-4.35E0));
#4169=VERTEX_POINT('',#4168);
#4170=CARTESIAN_POINT('',(-2.005E0,-3.698717526990E-1,-4.35E0));
#4171=VERTEX_POINT('',#4170);
#4172=CARTESIAN_POINT('',(-2.154901323263E0,-5.198717526991E-1,-4.35E0));
#4173=VERTEX_POINT('',#4172);
#4174=CARTESIAN_POINT('',(-2.349802646526E0,-6.75E-1,-4.35E0));
#4175=VERTEX_POINT('',#4174);
#4176=CARTESIAN_POINT('',(-3.25E0,-6.75E-1,-4.35E0));
#4177=VERTEX_POINT('',#4176);
#4178=CARTESIAN_POINT('',(-3.320710678119E0,-6.457106781187E-1,-4.35E0));
#4179=VERTEX_POINT('',#4178);
#4180=CARTESIAN_POINT('',(-3.470710678119E0,-4.957106781187E-1,-4.35E0));
#4181=VERTEX_POINT('',#4180);
#4182=CARTESIAN_POINT('',(-3.5E0,-4.25E-1,-4.35E0));
#4183=VERTEX_POINT('',#4182);
#4184=CARTESIAN_POINT('',(-3.320710678119E0,6.457106781187E-1,-4.15E0));
#4185=VERTEX_POINT('',#4184);
#4186=CARTESIAN_POINT('',(-3.25E0,6.75E-1,-4.15E0));
#4187=VERTEX_POINT('',#4186);
#4188=CARTESIAN_POINT('',(-2.349802646526E0,6.75E-1,-4.15E0));
#4189=VERTEX_POINT('',#4188);
#4190=CARTESIAN_POINT('',(-2.154901323263E0,5.198717526990E-1,-4.15E0));
#4191=VERTEX_POINT('',#4190);
#4192=CARTESIAN_POINT('',(-2.005E0,3.698717526991E-1,-4.15E0));
#4193=VERTEX_POINT('',#4192);
#4194=CARTESIAN_POINT('',(-1.85E0,1.75E-1,-4.15E0));
#4195=VERTEX_POINT('',#4194);
#4196=CARTESIAN_POINT('',(-1.85E0,-1.75E-1,-4.15E0));
#4197=VERTEX_POINT('',#4196);
#4198=CARTESIAN_POINT('',(-2.005E0,-3.698717526990E-1,-4.15E0));
#4199=VERTEX_POINT('',#4198);
#4200=CARTESIAN_POINT('',(-2.154901323263E0,-5.198717526991E-1,-4.15E0));
#4201=VERTEX_POINT('',#4200);
#4202=CARTESIAN_POINT('',(-2.349802646526E0,-6.75E-1,-4.15E0));
#4203=VERTEX_POINT('',#4202);
#4204=CARTESIAN_POINT('',(-3.25E0,-6.75E-1,-4.15E0));
#4205=VERTEX_POINT('',#4204);
#4206=CARTESIAN_POINT('',(-3.320710678119E0,-6.457106781187E-1,-4.15E0));
#4207=VERTEX_POINT('',#4206);
#4208=CARTESIAN_POINT('',(-3.692653128049E0,3.E-1,-4.E0));
#4209=VERTEX_POINT('',#4208);
#4210=VERTEX_POINT('',#1699);
#4211=CARTESIAN_POINT('',(-3.5E0,4.25E-1,-4.E0));
#4212=VERTEX_POINT('',#4211);
#4213=CARTESIAN_POINT('',(-3.470710678119E0,4.957106781187E-1,-4.E0));
#4214=VERTEX_POINT('',#4213);
#4215=CARTESIAN_POINT('',(-3.470710678119E0,-4.957106781187E-1,-4.E0));
#4216=VERTEX_POINT('',#4215);
#4217=CARTESIAN_POINT('',(-3.5E0,-4.25E-1,-4.E0));
#4218=VERTEX_POINT('',#4217);
#4219=CARTESIAN_POINT('',(-3.5E0,-4.E-1,-4.E0));
#4220=VERTEX_POINT('',#4219);
#4221=VERTEX_POINT('',#1639);
#4222=CARTESIAN_POINT('',(3.5E0,-4.25E-1,-4.35E0));
#4223=CARTESIAN_POINT('',(3.470710678119E0,-4.957106781187E-1,-4.35E0));
#4224=VERTEX_POINT('',#4222);
#4225=VERTEX_POINT('',#4223);
#4226=CARTESIAN_POINT('',(3.320710678119E0,-6.457106781187E-1,-4.35E0));
#4227=VERTEX_POINT('',#4226);
#4228=CARTESIAN_POINT('',(3.25E0,-6.75E-1,-4.35E0));
#4229=VERTEX_POINT('',#4228);
#4230=CARTESIAN_POINT('',(2.349802646526E0,-6.75E-1,-4.35E0));
#4231=VERTEX_POINT('',#4230);
#4232=CARTESIAN_POINT('',(2.154901323263E0,-5.198717526990E-1,-4.35E0));
#4233=VERTEX_POINT('',#4232);
#4234=CARTESIAN_POINT('',(2.005E0,-3.698717526991E-1,-4.35E0));
#4235=VERTEX_POINT('',#4234);
#4236=CARTESIAN_POINT('',(1.85E0,-1.75E-1,-4.35E0));
#4237=VERTEX_POINT('',#4236);
#4238=CARTESIAN_POINT('',(1.85E0,1.75E-1,-4.35E0));
#4239=VERTEX_POINT('',#4238);
#4240=CARTESIAN_POINT('',(2.005E0,3.698717526990E-1,-4.35E0));
#4241=VERTEX_POINT('',#4240);
#4242=CARTESIAN_POINT('',(2.154901323263E0,5.198717526991E-1,-4.35E0));
#4243=VERTEX_POINT('',#4242);
#4244=CARTESIAN_POINT('',(2.349802646526E0,6.75E-1,-4.35E0));
#4245=VERTEX_POINT('',#4244);
#4246=CARTESIAN_POINT('',(3.25E0,6.75E-1,-4.35E0));
#4247=VERTEX_POINT('',#4246);
#4248=CARTESIAN_POINT('',(3.320710678119E0,6.457106781187E-1,-4.35E0));
#4249=VERTEX_POINT('',#4248);
#4250=CARTESIAN_POINT('',(3.470710678119E0,4.957106781187E-1,-4.35E0));
#4251=VERTEX_POINT('',#4250);
#4252=CARTESIAN_POINT('',(3.5E0,4.25E-1,-4.35E0));
#4253=VERTEX_POINT('',#4252);
#4254=CARTESIAN_POINT('',(3.35E0,-6.164213562373E-1,-4.15E0));
#4255=CARTESIAN_POINT('',(3.320710678119E0,-6.457106781187E-1,-4.15E0));
#4256=VERTEX_POINT('',#4254);
#4257=VERTEX_POINT('',#4255);
#4258=CARTESIAN_POINT('',(3.25E0,-6.75E-1,-4.15E0));
#4259=VERTEX_POINT('',#4258);
#4260=CARTESIAN_POINT('',(2.349802646526E0,-6.75E-1,-4.15E0));
#4261=VERTEX_POINT('',#4260);
#4262=CARTESIAN_POINT('',(2.154901323263E0,-5.198717526990E-1,-4.15E0));
#4263=VERTEX_POINT('',#4262);
#4264=CARTESIAN_POINT('',(2.005E0,-3.698717526991E-1,-4.15E0));
#4265=VERTEX_POINT('',#4264);
#4266=CARTESIAN_POINT('',(1.85E0,-1.75E-1,-4.15E0));
#4267=VERTEX_POINT('',#4266);
#4268=CARTESIAN_POINT('',(1.85E0,1.75E-1,-4.15E0));
#4269=VERTEX_POINT('',#4268);
#4270=CARTESIAN_POINT('',(2.005E0,3.698717526991E-1,-4.15E0));
#4271=VERTEX_POINT('',#4270);
#4272=CARTESIAN_POINT('',(2.154901323263E0,5.198717526991E-1,-4.15E0));
#4273=VERTEX_POINT('',#4272);
#4274=CARTESIAN_POINT('',(2.349802646526E0,6.75E-1,-4.15E0));
#4275=VERTEX_POINT('',#4274);
#4276=CARTESIAN_POINT('',(3.25E0,6.75E-1,-4.15E0));
#4277=VERTEX_POINT('',#4276);
#4278=CARTESIAN_POINT('',(3.320710678119E0,6.457106781187E-1,-4.15E0));
#4279=VERTEX_POINT('',#4278);
#4280=CARTESIAN_POINT('',(3.35E0,6.164213562373E-1,-4.15E0));
#4281=VERTEX_POINT('',#4280);
#4282=CARTESIAN_POINT('',(3.35E0,-6.164213562373E-1,-4.E0));
#4283=VERTEX_POINT('',#4282);
#4284=CARTESIAN_POINT('',(3.35E0,6.164213562373E-1,-4.E0));
#4285=VERTEX_POINT('',#4284);
#4286=CARTESIAN_POINT('',(3.75E0,-3.E-1,-4.E0));
#4287=CARTESIAN_POINT('',(3.692653128049E0,-3.E-1,-4.E0));
#4288=VERTEX_POINT('',#4286);
#4289=VERTEX_POINT('',#4287);
#4290=VERTEX_POINT('',#1750);
#4291=CARTESIAN_POINT('',(3.5E0,-4.25E-1,-4.E0));
#4292=VERTEX_POINT('',#4291);
#4293=CARTESIAN_POINT('',(3.470710678119E0,-4.957106781187E-1,-4.E0));
#4294=VERTEX_POINT('',#4293);
#4295=CARTESIAN_POINT('',(3.470710678119E0,4.957106781187E-1,-4.E0));
#4296=VERTEX_POINT('',#4295);
#4297=CARTESIAN_POINT('',(3.5E0,4.25E-1,-4.E0));
#4298=VERTEX_POINT('',#4297);
#4299=CARTESIAN_POINT('',(3.5E0,4.E-1,-4.E0));
#4300=VERTEX_POINT('',#4299);
#4301=VERTEX_POINT('',#1811);
#4302=CARTESIAN_POINT('',(3.75E0,3.E-1,-4.E0));
#4303=VERTEX_POINT('',#4302);
#4304=CARTESIAN_POINT('',(-3.9E0,-9.E-1,0.E0));
#4305=CARTESIAN_POINT('',(-4.3E0,-9.E-1,-4.E-1));
#4306=VERTEX_POINT('',#4304);
#4307=VERTEX_POINT('',#4305);
#4308=CARTESIAN_POINT('',(-4.3E0,9.E-1,-4.E-1));
#4309=VERTEX_POINT('',#4308);
#4310=CARTESIAN_POINT('',(-3.9E0,9.E-1,0.E0));
#4311=VERTEX_POINT('',#4310);
#4312=CARTESIAN_POINT('',(3.9E0,9.E-1,0.E0));
#4313=CARTESIAN_POINT('',(4.3E0,9.E-1,-4.E-1));
#4314=VERTEX_POINT('',#4312);
#4315=VERTEX_POINT('',#4313);
#4316=CARTESIAN_POINT('',(4.3E0,-9.E-1,-4.E-1));
#4317=VERTEX_POINT('',#4316);
#4318=CARTESIAN_POINT('',(3.9E0,-9.E-1,0.E0));
#4319=VERTEX_POINT('',#4318);
#4320=CARTESIAN_POINT('',(-1.85E0,-9.E-1,-3.E-1));
#4321=CARTESIAN_POINT('',(-1.85E0,1.E-1,-3.E-1));
#4322=VERTEX_POINT('',#4320);
#4323=VERTEX_POINT('',#4321);
#4324=CARTESIAN_POINT('',(-2.15E0,-9.E-1,0.E0));
#4325=VERTEX_POINT('',#4324);
#4326=CARTESIAN_POINT('',(-2.15E0,1.E-1,0.E0));
#4327=VERTEX_POINT('',#4326);
#4328=CARTESIAN_POINT('',(2.15E0,-9.E-1,0.E0));
#4329=CARTESIAN_POINT('',(1.85E0,-9.E-1,-3.E-1));
#4330=VERTEX_POINT('',#4328);
#4331=VERTEX_POINT('',#4329);
#4332=CARTESIAN_POINT('',(1.85E0,1.E-1,-3.E-1));
#4333=VERTEX_POINT('',#4332);
#4334=CARTESIAN_POINT('',(2.15E0,1.E-1,0.E0));
#4335=VERTEX_POINT('',#4334);
#4336=CARTESIAN_POINT('',(-1.8E0,-3.E-1,-1.45E0));
#4337=CARTESIAN_POINT('',(-1.8E0,1.E-1,-1.45E0));
#4338=VERTEX_POINT('',#4336);
#4339=VERTEX_POINT('',#4337);
#4340=CARTESIAN_POINT('',(-1.85E0,-3.E-1,-1.3E0));
#4341=CARTESIAN_POINT('',(-1.85E0,1.E-1,-1.3E0));
#4342=VERTEX_POINT('',#4340);
#4343=VERTEX_POINT('',#4341);
#4344=CARTESIAN_POINT('',(1.8E0,1.E-1,-1.45E0));
#4345=CARTESIAN_POINT('',(1.8E0,-3.E-1,-1.45E0));
#4346=VERTEX_POINT('',#4344);
#4347=VERTEX_POINT('',#4345);
#4348=CARTESIAN_POINT('',(1.85E0,1.E-1,-1.3E0));
#4349=CARTESIAN_POINT('',(1.85E0,-3.E-1,-1.3E0));
#4350=VERTEX_POINT('',#4348);
#4351=VERTEX_POINT('',#4349);
#4352=CARTESIAN_POINT('',(-2.199E0,7.85E-1,-3.85E0));
#4353=CARTESIAN_POINT('',(-2.099E0,7.85E-1,-3.75E0));
#4354=VERTEX_POINT('',#4352);
#4355=VERTEX_POINT('',#4353);
#4356=CARTESIAN_POINT('',(-2.099E0,9.85E-1,-3.75E0));
#4357=VERTEX_POINT('',#4356);
#4358=CARTESIAN_POINT('',(-2.199E0,9.85E-1,-3.85E0));
#4359=VERTEX_POINT('',#4358);
#4360=CARTESIAN_POINT('',(2.099E0,7.85E-1,-3.75E0));
#4361=CARTESIAN_POINT('',(2.099E0,9.85E-1,-3.75E0));
#4362=VERTEX_POINT('',#4360);
#4363=VERTEX_POINT('',#4361);
#4364=CARTESIAN_POINT('',(2.199E0,7.85E-1,-3.85E0));
#4365=VERTEX_POINT('',#4364);
#4366=CARTESIAN_POINT('',(2.199E0,9.85E-1,-3.85E0));
#4367=VERTEX_POINT('',#4366);
#4368=CARTESIAN_POINT('',(-2.099E0,-7.85E-1,-3.75E0));
#4369=CARTESIAN_POINT('',(-2.099E0,-9.85E-1,-3.75E0));
#4370=VERTEX_POINT('',#4368);
#4371=VERTEX_POINT('',#4369);
#4372=CARTESIAN_POINT('',(-2.199E0,-7.85E-1,-3.85E0));
#4373=VERTEX_POINT('',#4372);
#4374=CARTESIAN_POINT('',(-2.199E0,-9.85E-1,-3.85E0));
#4375=VERTEX_POINT('',#4374);
#4376=CARTESIAN_POINT('',(2.199E0,-7.85E-1,-3.85E0));
#4377=CARTESIAN_POINT('',(2.099E0,-7.85E-1,-3.75E0));
#4378=VERTEX_POINT('',#4376);
#4379=VERTEX_POINT('',#4377);
#4380=CARTESIAN_POINT('',(2.099E0,-9.85E-1,-3.75E0));
#4381=VERTEX_POINT('',#4380);
#4382=CARTESIAN_POINT('',(2.199E0,-9.85E-1,-3.85E0));
#4383=VERTEX_POINT('',#4382);
#4384=CARTESIAN_POINT('',(-2.199E0,9.85E-1,-3.95E0));
#4385=CARTESIAN_POINT('',(-2.199E0,7.E-1,-3.95E0));
#4386=VERTEX_POINT('',#4384);
#4387=VERTEX_POINT('',#4385);
#4388=CARTESIAN_POINT('',(-2.299E0,9.85E-1,-4.05E0));
#4389=VERTEX_POINT('',#4388);
#4390=CARTESIAN_POINT('',(-2.299E0,7.E-1,-4.05E0));
#4391=VERTEX_POINT('',#4390);
#4392=CARTESIAN_POINT('',(2.299E0,9.85E-1,-4.05E0));
#4393=CARTESIAN_POINT('',(2.299E0,7.E-1,-4.05E0));
#4394=VERTEX_POINT('',#4392);
#4395=VERTEX_POINT('',#4393);
#4396=CARTESIAN_POINT('',(2.199E0,9.85E-1,-3.95E0));
#4397=VERTEX_POINT('',#4396);
#4398=CARTESIAN_POINT('',(2.199E0,7.E-1,-3.95E0));
#4399=VERTEX_POINT('',#4398);
#4400=CARTESIAN_POINT('',(-2.299E0,-9.85E-1,-4.05E0));
#4401=CARTESIAN_POINT('',(-2.199E0,-9.85E-1,-3.95E0));
#4402=VERTEX_POINT('',#4400);
#4403=VERTEX_POINT('',#4401);
#4404=CARTESIAN_POINT('',(-2.199E0,-7.E-1,-3.95E0));
#4405=VERTEX_POINT('',#4404);
#4406=CARTESIAN_POINT('',(-2.299E0,-7.E-1,-4.05E0));
#4407=VERTEX_POINT('',#4406);
#4408=CARTESIAN_POINT('',(2.199E0,-9.85E-1,-3.95E0));
#4409=CARTESIAN_POINT('',(2.299E0,-9.85E-1,-4.05E0));
#4410=VERTEX_POINT('',#4408);
#4411=VERTEX_POINT('',#4409);
#4412=CARTESIAN_POINT('',(2.299E0,-7.E-1,-4.05E0));
#4413=VERTEX_POINT('',#4412);
#4414=CARTESIAN_POINT('',(2.199E0,-7.E-1,-3.95E0));
#4415=VERTEX_POINT('',#4414);
#4416=VERTEX_POINT('',#1601);
#4417=VERTEX_POINT('',#1612);
#4418=CARTESIAN_POINT('',(3.75E0,-3.E-1,-4.1E0));
#4419=VERTEX_POINT('',#4418);
#4420=CARTESIAN_POINT('',(3.75E0,3.E-1,-4.1E0));
#4421=VERTEX_POINT('',#4420);
#4422=CARTESIAN_POINT('',(3.692653128049E0,3.E-1,-4.259325993651E0));
#4423=VERTEX_POINT('',#4422);
#4424=VERTEX_POINT('',#2301);
#4425=VERTEX_POINT('',#1414);
#4426=VERTEX_POINT('',#1427);
#4427=CARTESIAN_POINT('',(-3.75E0,3.E-1,-4.1E0));
#4428=VERTEX_POINT('',#4427);
#4429=CARTESIAN_POINT('',(-3.75E0,-3.E-1,-4.1E0));
#4430=VERTEX_POINT('',#4429);
#4431=CARTESIAN_POINT('',(-3.692653128049E0,-3.E-1,-4.259325993651E0));
#4432=VERTEX_POINT('',#4431);
#4433=VERTEX_POINT('',#1909);
#4434=CARTESIAN_POINT('',(-1.35E0,-7.E-1,-3.85E0));
#4435=CARTESIAN_POINT('',(-1.35E0,-7.E-1,-4.15E0));
#4436=VERTEX_POINT('',#4434);
#4437=VERTEX_POINT('',#4435);
#4438=CARTESIAN_POINT('',(-1.15E0,-7.E-1,-3.85E0));
#4439=CARTESIAN_POINT('',(-1.15E0,-7.E-1,-4.15E0));
#4440=VERTEX_POINT('',#4438);
#4441=VERTEX_POINT('',#4439);
#4442=CARTESIAN_POINT('',(-1.35E0,-4.615994279446E-1,-4.15E0));
#4443=VERTEX_POINT('',#4442);
#4444=CARTESIAN_POINT('',(-1.15E0,-4.615994279446E-1,-4.15E0));
#4445=VERTEX_POINT('',#4444);
#4446=CARTESIAN_POINT('',(-1.35E0,7.E-1,-4.15E0));
#4447=CARTESIAN_POINT('',(-1.35E0,7.E-1,-3.85E0));
#4448=VERTEX_POINT('',#4446);
#4449=VERTEX_POINT('',#4447);
#4450=CARTESIAN_POINT('',(-1.15E0,7.E-1,-4.15E0));
#4451=CARTESIAN_POINT('',(-1.15E0,7.E-1,-3.85E0));
#4452=VERTEX_POINT('',#4450);
#4453=VERTEX_POINT('',#4451);
#4454=CARTESIAN_POINT('',(-8.5E-1,-7.E-1,-3.85E0));
#4455=CARTESIAN_POINT('',(-8.5E-1,-7.E-1,-4.15E0));
#4456=VERTEX_POINT('',#4454);
#4457=VERTEX_POINT('',#4455);
#4458=CARTESIAN_POINT('',(-6.5E-1,-7.E-1,-3.85E0));
#4459=CARTESIAN_POINT('',(-6.5E-1,-7.E-1,-4.15E0));
#4460=VERTEX_POINT('',#4458);
#4461=VERTEX_POINT('',#4459);
#4462=CARTESIAN_POINT('',(-8.5E-1,-4.615994279446E-1,-4.15E0));
#4463=VERTEX_POINT('',#4462);
#4464=CARTESIAN_POINT('',(-6.5E-1,-4.615994279446E-1,-4.15E0));
#4465=VERTEX_POINT('',#4464);
#4466=CARTESIAN_POINT('',(-8.5E-1,7.E-1,-4.15E0));
#4467=CARTESIAN_POINT('',(-8.5E-1,7.E-1,-3.85E0));
#4468=VERTEX_POINT('',#4466);
#4469=VERTEX_POINT('',#4467);
#4470=CARTESIAN_POINT('',(-6.5E-1,7.E-1,-4.15E0));
#4471=CARTESIAN_POINT('',(-6.5E-1,7.E-1,-3.85E0));
#4472=VERTEX_POINT('',#4470);
#4473=VERTEX_POINT('',#4471);
#4474=CARTESIAN_POINT('',(-3.5E-1,-7.E-1,-3.85E0));
#4475=CARTESIAN_POINT('',(-3.5E-1,-7.E-1,-4.15E0));
#4476=VERTEX_POINT('',#4474);
#4477=VERTEX_POINT('',#4475);
#4478=CARTESIAN_POINT('',(-1.5E-1,-7.E-1,-3.85E0));
#4479=CARTESIAN_POINT('',(-1.5E-1,-7.E-1,-4.15E0));
#4480=VERTEX_POINT('',#4478);
#4481=VERTEX_POINT('',#4479);
#4482=CARTESIAN_POINT('',(-3.5E-1,-4.615994279446E-1,-4.15E0));
#4483=VERTEX_POINT('',#4482);
#4484=CARTESIAN_POINT('',(-1.5E-1,-4.615994279446E-1,-4.15E0));
#4485=VERTEX_POINT('',#4484);
#4486=CARTESIAN_POINT('',(-3.5E-1,7.E-1,-4.15E0));
#4487=CARTESIAN_POINT('',(-3.5E-1,7.E-1,-3.85E0));
#4488=VERTEX_POINT('',#4486);
#4489=VERTEX_POINT('',#4487);
#4490=CARTESIAN_POINT('',(-1.5E-1,7.E-1,-4.15E0));
#4491=CARTESIAN_POINT('',(-1.5E-1,7.E-1,-3.85E0));
#4492=VERTEX_POINT('',#4490);
#4493=VERTEX_POINT('',#4491);
#4494=CARTESIAN_POINT('',(1.5E-1,-7.E-1,-3.85E0));
#4495=CARTESIAN_POINT('',(1.5E-1,-7.E-1,-4.15E0));
#4496=VERTEX_POINT('',#4494);
#4497=VERTEX_POINT('',#4495);
#4498=CARTESIAN_POINT('',(3.5E-1,-7.E-1,-3.85E0));
#4499=CARTESIAN_POINT('',(3.5E-1,-7.E-1,-4.15E0));
#4500=VERTEX_POINT('',#4498);
#4501=VERTEX_POINT('',#4499);
#4502=CARTESIAN_POINT('',(1.5E-1,-4.615994279446E-1,-4.15E0));
#4503=VERTEX_POINT('',#4502);
#4504=CARTESIAN_POINT('',(3.5E-1,-4.615994279446E-1,-4.15E0));
#4505=VERTEX_POINT('',#4504);
#4506=CARTESIAN_POINT('',(1.5E-1,7.E-1,-4.15E0));
#4507=CARTESIAN_POINT('',(1.5E-1,7.E-1,-3.85E0));
#4508=VERTEX_POINT('',#4506);
#4509=VERTEX_POINT('',#4507);
#4510=CARTESIAN_POINT('',(3.5E-1,7.E-1,-4.15E0));
#4511=CARTESIAN_POINT('',(3.5E-1,7.E-1,-3.85E0));
#4512=VERTEX_POINT('',#4510);
#4513=VERTEX_POINT('',#4511);
#4514=CARTESIAN_POINT('',(1.7E0,-7.E-1,-1.25E0));
#4515=VERTEX_POINT('',#4514);
#4516=CARTESIAN_POINT('',(-1.7E0,-7.E-1,-1.25E0));
#4517=VERTEX_POINT('',#4516);
#4518=CARTESIAN_POINT('',(-1.704E0,-7.05E-1,-1.85E0));
#4519=CARTESIAN_POINT('',(-1.703985600994E0,-7.E-1,-1.85E0));
#4520=VERTEX_POINT('',#4518);
#4521=VERTEX_POINT('',#4519);
#4522=CARTESIAN_POINT('',(1.704E0,-7.05E-1,-1.85E0));
#4523=CARTESIAN_POINT('',(1.703985600994E0,-7.E-1,-1.85E0));
#4524=VERTEX_POINT('',#4522);
#4525=VERTEX_POINT('',#4523);
#4526=CARTESIAN_POINT('',(-1.92E0,-9.85E-1,-1.3E0));
#4527=CARTESIAN_POINT('',(-1.72E0,-9.85E-1,-1.5E0));
#4528=VERTEX_POINT('',#4526);
#4529=VERTEX_POINT('',#4527);
#4530=CARTESIAN_POINT('',(-1.72E0,-9.85E-1,-1.85E0));
#4531=VERTEX_POINT('',#4530);
#4532=CARTESIAN_POINT('',(-1.959978667623E0,-9.849999993101E-1,-1.85E0));
#4533=VERTEX_POINT('',#4532);
#4534=CARTESIAN_POINT('',(-1.92E0,-7.E-1,-1.3E0));
#4535=VERTEX_POINT('',#4534);
#4536=CARTESIAN_POINT('',(-1.72E0,-7.E-1,-1.5E0));
#4537=VERTEX_POINT('',#4536);
#4538=CARTESIAN_POINT('',(-1.72E0,-7.489596387113E-1,-1.85E0));
#4539=VERTEX_POINT('',#4538);
#4540=CARTESIAN_POINT('',(1.72E0,-9.85E-1,-1.5E0));
#4541=CARTESIAN_POINT('',(1.92E0,-9.85E-1,-1.3E0));
#4542=VERTEX_POINT('',#4540);
#4543=VERTEX_POINT('',#4541);
#4544=CARTESIAN_POINT('',(1.72E0,-9.85E-1,-1.85E0));
#4545=VERTEX_POINT('',#4544);
#4546=CARTESIAN_POINT('',(1.959989342250E0,-9.849999996551E-1,-1.85E0));
#4547=VERTEX_POINT('',#4546);
#4548=CARTESIAN_POINT('',(1.72E0,-7.E-1,-1.5E0));
#4549=VERTEX_POINT('',#4548);
#4550=CARTESIAN_POINT('',(1.92E0,-7.E-1,-1.3E0));
#4551=VERTEX_POINT('',#4550);
#4552=CARTESIAN_POINT('',(1.72E0,-7.489596387113E-1,-1.85E0));
#4553=VERTEX_POINT('',#4552);
#4554=CARTESIAN_POINT('',(-1.72E0,-7.E-1,-1.85E0));
#4555=VERTEX_POINT('',#4554);
#4556=CARTESIAN_POINT('',(1.72E0,-7.E-1,-1.85E0));
#4557=VERTEX_POINT('',#4556);
#4558=CARTESIAN_POINT('',(-1.753224947428E0,-8.402444315316E-1,-1.85E0));
#4559=VERTEX_POINT('',#4558);
#4560=CARTESIAN_POINT('',(1.753224947428E0,-8.402444315316E-1,-1.85E0));
#4561=VERTEX_POINT('',#4560);
#4562=CARTESIAN_POINT('',(-1.35E0,-7.5E-1,-4.599714556790E0));
#4563=CARTESIAN_POINT('',(-1.35E0,-7.5E-1,-5.2E0));
#4564=VERTEX_POINT('',#4562);
#4565=VERTEX_POINT('',#4563);
#4566=CARTESIAN_POINT('',(-1.35E0,-1.02E0,-5.2E0));
#4567=VERTEX_POINT('',#4566);
#4568=CARTESIAN_POINT('',(-1.35E0,-1.02E0,-4.449971039896E0));
#4569=VERTEX_POINT('',#4568);
#4570=CARTESIAN_POINT('',(-1.35E0,-1.000107625094E0,-4.390114808794E0));
#4571=VERTEX_POINT('',#4570);
#4572=CARTESIAN_POINT('',(-1.35E0,-8.467310892614E-1,-4.184845786597E0));
#4573=VERTEX_POINT('',#4572);
#4574=CARTESIAN_POINT('',(-1.35E0,-7.282982453147E-1,-4.530885384428E0));
#4575=VERTEX_POINT('',#4574);
#4576=CARTESIAN_POINT('',(-1.15E0,-7.5E-1,-4.599714556790E0));
#4577=CARTESIAN_POINT('',(-1.15E0,-7.5E-1,-5.2E0));
#4578=VERTEX_POINT('',#4576);
#4579=VERTEX_POINT('',#4577);
#4580=CARTESIAN_POINT('',(-1.15E0,-1.02E0,-5.2E0));
#4581=VERTEX_POINT('',#4580);
#4582=CARTESIAN_POINT('',(-1.15E0,-1.02E0,-4.449971039896E0));
#4583=VERTEX_POINT('',#4582);
#4584=CARTESIAN_POINT('',(-1.15E0,-1.000107625094E0,-4.390114808794E0));
#4585=VERTEX_POINT('',#4584);
#4586=CARTESIAN_POINT('',(-1.15E0,-8.467310892614E-1,-4.184845786597E0));
#4587=VERTEX_POINT('',#4586);
#4588=CARTESIAN_POINT('',(-1.15E0,-7.282982453147E-1,-4.530885384428E0));
#4589=VERTEX_POINT('',#4588);
#4590=CARTESIAN_POINT('',(-1.35E0,-8.78E-1,-4.037726848798E0));
#4591=CARTESIAN_POINT('',(-1.15E0,-8.78E-1,-4.037726848798E0));
#4592=VERTEX_POINT('',#4590);
#4593=VERTEX_POINT('',#4591);
#4594=CARTESIAN_POINT('',(-1.35E0,-8.3E-1,-3.85E0));
#4595=VERTEX_POINT('',#4594);
#4596=CARTESIAN_POINT('',(-1.15E0,-8.3E-1,-3.85E0));
#4597=VERTEX_POINT('',#4596);
#4598=CARTESIAN_POINT('',(-8.5E-1,-7.5E-1,-4.599714556790E0));
#4599=CARTESIAN_POINT('',(-8.5E-1,-7.5E-1,-5.2E0));
#4600=VERTEX_POINT('',#4598);
#4601=VERTEX_POINT('',#4599);
#4602=CARTESIAN_POINT('',(-8.5E-1,-1.02E0,-5.2E0));
#4603=VERTEX_POINT('',#4602);
#4604=CARTESIAN_POINT('',(-8.5E-1,-1.02E0,-4.449971039896E0));
#4605=VERTEX_POINT('',#4604);
#4606=CARTESIAN_POINT('',(-8.5E-1,-1.000107625094E0,-4.390114808794E0));
#4607=VERTEX_POINT('',#4606);
#4608=CARTESIAN_POINT('',(-8.5E-1,-8.467310892614E-1,-4.184845786597E0));
#4609=VERTEX_POINT('',#4608);
#4610=CARTESIAN_POINT('',(-8.5E-1,-7.282982453147E-1,-4.530885384428E0));
#4611=VERTEX_POINT('',#4610);
#4612=CARTESIAN_POINT('',(-6.5E-1,-7.5E-1,-4.599714556790E0));
#4613=CARTESIAN_POINT('',(-6.5E-1,-7.5E-1,-5.2E0));
#4614=VERTEX_POINT('',#4612);
#4615=VERTEX_POINT('',#4613);
#4616=CARTESIAN_POINT('',(-6.5E-1,-1.02E0,-5.2E0));
#4617=VERTEX_POINT('',#4616);
#4618=CARTESIAN_POINT('',(-6.5E-1,-1.02E0,-4.449971039896E0));
#4619=VERTEX_POINT('',#4618);
#4620=CARTESIAN_POINT('',(-6.5E-1,-1.000107625094E0,-4.390114808794E0));
#4621=VERTEX_POINT('',#4620);
#4622=CARTESIAN_POINT('',(-6.5E-1,-8.467310892614E-1,-4.184845786597E0));
#4623=VERTEX_POINT('',#4622);
#4624=CARTESIAN_POINT('',(-6.5E-1,-7.282982453147E-1,-4.530885384428E0));
#4625=VERTEX_POINT('',#4624);
#4626=CARTESIAN_POINT('',(-8.5E-1,-8.78E-1,-4.037726848798E0));
#4627=CARTESIAN_POINT('',(-6.5E-1,-8.78E-1,-4.037726848798E0));
#4628=VERTEX_POINT('',#4626);
#4629=VERTEX_POINT('',#4627);
#4630=CARTESIAN_POINT('',(-8.5E-1,-8.3E-1,-3.85E0));
#4631=VERTEX_POINT('',#4630);
#4632=CARTESIAN_POINT('',(-6.5E-1,-8.3E-1,-3.85E0));
#4633=VERTEX_POINT('',#4632);
#4634=CARTESIAN_POINT('',(-3.5E-1,-7.5E-1,-4.599714556790E0));
#4635=CARTESIAN_POINT('',(-3.5E-1,-7.5E-1,-5.2E0));
#4636=VERTEX_POINT('',#4634);
#4637=VERTEX_POINT('',#4635);
#4638=CARTESIAN_POINT('',(-3.5E-1,-1.02E0,-5.2E0));
#4639=VERTEX_POINT('',#4638);
#4640=CARTESIAN_POINT('',(-3.5E-1,-1.02E0,-4.449971039896E0));
#4641=VERTEX_POINT('',#4640);
#4642=CARTESIAN_POINT('',(-3.5E-1,-1.000107625094E0,-4.390114808794E0));
#4643=VERTEX_POINT('',#4642);
#4644=CARTESIAN_POINT('',(-3.5E-1,-8.467310892614E-1,-4.184845786597E0));
#4645=VERTEX_POINT('',#4644);
#4646=CARTESIAN_POINT('',(-3.5E-1,-7.282982453147E-1,-4.530885384428E0));
#4647=VERTEX_POINT('',#4646);
#4648=CARTESIAN_POINT('',(-1.5E-1,-7.5E-1,-4.599714556790E0));
#4649=CARTESIAN_POINT('',(-1.5E-1,-7.5E-1,-5.2E0));
#4650=VERTEX_POINT('',#4648);
#4651=VERTEX_POINT('',#4649);
#4652=CARTESIAN_POINT('',(-1.5E-1,-1.02E0,-5.2E0));
#4653=VERTEX_POINT('',#4652);
#4654=CARTESIAN_POINT('',(-1.5E-1,-1.02E0,-4.449971039896E0));
#4655=VERTEX_POINT('',#4654);
#4656=CARTESIAN_POINT('',(-1.5E-1,-1.000107625094E0,-4.390114808794E0));
#4657=VERTEX_POINT('',#4656);
#4658=CARTESIAN_POINT('',(-1.5E-1,-8.467310892614E-1,-4.184845786597E0));
#4659=VERTEX_POINT('',#4658);
#4660=CARTESIAN_POINT('',(-1.5E-1,-7.282982453147E-1,-4.530885384428E0));
#4661=VERTEX_POINT('',#4660);
#4662=CARTESIAN_POINT('',(-3.5E-1,-8.78E-1,-4.037726848798E0));
#4663=CARTESIAN_POINT('',(-1.5E-1,-8.78E-1,-4.037726848798E0));
#4664=VERTEX_POINT('',#4662);
#4665=VERTEX_POINT('',#4663);
#4666=CARTESIAN_POINT('',(-3.5E-1,-8.3E-1,-3.85E0));
#4667=VERTEX_POINT('',#4666);
#4668=CARTESIAN_POINT('',(-1.5E-1,-8.3E-1,-3.85E0));
#4669=VERTEX_POINT('',#4668);
#4670=CARTESIAN_POINT('',(1.5E-1,-7.5E-1,-4.599714556790E0));
#4671=CARTESIAN_POINT('',(1.5E-1,-7.5E-1,-5.2E0));
#4672=VERTEX_POINT('',#4670);
#4673=VERTEX_POINT('',#4671);
#4674=CARTESIAN_POINT('',(1.5E-1,-1.02E0,-5.2E0));
#4675=VERTEX_POINT('',#4674);
#4676=CARTESIAN_POINT('',(1.5E-1,-1.02E0,-4.449971039896E0));
#4677=VERTEX_POINT('',#4676);
#4678=CARTESIAN_POINT('',(1.5E-1,-1.000107625094E0,-4.390114808794E0));
#4679=VERTEX_POINT('',#4678);
#4680=CARTESIAN_POINT('',(1.5E-1,-8.467310892614E-1,-4.184845786597E0));
#4681=VERTEX_POINT('',#4680);
#4682=CARTESIAN_POINT('',(1.5E-1,-7.282982453147E-1,-4.530885384428E0));
#4683=VERTEX_POINT('',#4682);
#4684=CARTESIAN_POINT('',(3.5E-1,-7.5E-1,-4.599714556790E0));
#4685=CARTESIAN_POINT('',(3.5E-1,-7.5E-1,-5.2E0));
#4686=VERTEX_POINT('',#4684);
#4687=VERTEX_POINT('',#4685);
#4688=CARTESIAN_POINT('',(3.5E-1,-1.02E0,-5.2E0));
#4689=VERTEX_POINT('',#4688);
#4690=CARTESIAN_POINT('',(3.5E-1,-1.02E0,-4.449971039896E0));
#4691=VERTEX_POINT('',#4690);
#4692=CARTESIAN_POINT('',(3.5E-1,-1.000107625094E0,-4.390114808794E0));
#4693=VERTEX_POINT('',#4692);
#4694=CARTESIAN_POINT('',(3.5E-1,-8.467310892614E-1,-4.184845786597E0));
#4695=VERTEX_POINT('',#4694);
#4696=CARTESIAN_POINT('',(3.5E-1,-7.282982453147E-1,-4.530885384428E0));
#4697=VERTEX_POINT('',#4696);
#4698=CARTESIAN_POINT('',(1.5E-1,-8.78E-1,-4.037726848798E0));
#4699=CARTESIAN_POINT('',(3.5E-1,-8.78E-1,-4.037726848798E0));
#4700=VERTEX_POINT('',#4698);
#4701=VERTEX_POINT('',#4699);
#4702=CARTESIAN_POINT('',(1.5E-1,-8.3E-1,-3.85E0));
#4703=VERTEX_POINT('',#4702);
#4704=CARTESIAN_POINT('',(3.5E-1,-8.3E-1,-3.85E0));
#4705=VERTEX_POINT('',#4704);
#4706=CARTESIAN_POINT('',(-1.35E0,8.3E-1,-4.15E0));
#4707=CARTESIAN_POINT('',(-1.15E0,8.3E-1,-4.15E0));
#4708=VERTEX_POINT('',#4706);
#4709=VERTEX_POINT('',#4707);
#4710=CARTESIAN_POINT('',(-1.35E0,8.793051721425E-1,-4.037E0));
#4711=CARTESIAN_POINT('',(-1.15E0,8.793051721425E-1,-4.037E0));
#4712=VERTEX_POINT('',#4710);
#4713=VERTEX_POINT('',#4711);
#4714=CARTESIAN_POINT('',(-1.35E0,8.3E-1,-3.85E0));
#4715=VERTEX_POINT('',#4714);
#4716=CARTESIAN_POINT('',(-1.15E0,8.3E-1,-3.85E0));
#4717=VERTEX_POINT('',#4716);
#4718=CARTESIAN_POINT('',(-8.5E-1,8.3E-1,-4.15E0));
#4719=CARTESIAN_POINT('',(-6.5E-1,8.3E-1,-4.15E0));
#4720=VERTEX_POINT('',#4718);
#4721=VERTEX_POINT('',#4719);
#4722=CARTESIAN_POINT('',(-8.5E-1,8.793051721425E-1,-4.037E0));
#4723=CARTESIAN_POINT('',(-6.5E-1,8.793051721425E-1,-4.037E0));
#4724=VERTEX_POINT('',#4722);
#4725=VERTEX_POINT('',#4723);
#4726=CARTESIAN_POINT('',(-8.5E-1,8.3E-1,-3.85E0));
#4727=VERTEX_POINT('',#4726);
#4728=CARTESIAN_POINT('',(-6.5E-1,8.3E-1,-3.85E0));
#4729=VERTEX_POINT('',#4728);
#4730=CARTESIAN_POINT('',(-3.5E-1,8.3E-1,-4.15E0));
#4731=CARTESIAN_POINT('',(-1.5E-1,8.3E-1,-4.15E0));
#4732=VERTEX_POINT('',#4730);
#4733=VERTEX_POINT('',#4731);
#4734=CARTESIAN_POINT('',(-3.5E-1,8.793051721425E-1,-4.037E0));
#4735=CARTESIAN_POINT('',(-1.5E-1,8.793051721425E-1,-4.037E0));
#4736=VERTEX_POINT('',#4734);
#4737=VERTEX_POINT('',#4735);
#4738=CARTESIAN_POINT('',(-3.5E-1,8.3E-1,-3.85E0));
#4739=VERTEX_POINT('',#4738);
#4740=CARTESIAN_POINT('',(-1.5E-1,8.3E-1,-3.85E0));
#4741=VERTEX_POINT('',#4740);
#4742=CARTESIAN_POINT('',(1.5E-1,8.3E-1,-4.15E0));
#4743=CARTESIAN_POINT('',(3.5E-1,8.3E-1,-4.15E0));
#4744=VERTEX_POINT('',#4742);
#4745=VERTEX_POINT('',#4743);
#4746=CARTESIAN_POINT('',(1.5E-1,8.793051721425E-1,-4.037E0));
#4747=CARTESIAN_POINT('',(3.5E-1,8.793051721425E-1,-4.037E0));
#4748=VERTEX_POINT('',#4746);
#4749=VERTEX_POINT('',#4747);
#4750=CARTESIAN_POINT('',(1.5E-1,8.3E-1,-3.85E0));
#4751=VERTEX_POINT('',#4750);
#4752=CARTESIAN_POINT('',(3.5E-1,8.3E-1,-3.85E0));
#4753=VERTEX_POINT('',#4752);
#4754=CARTESIAN_POINT('',(6.5E-1,-7.5E-1,-4.599714556790E0));
#4755=CARTESIAN_POINT('',(6.5E-1,-7.5E-1,-5.2E0));
#4756=VERTEX_POINT('',#4754);
#4757=VERTEX_POINT('',#4755);
#4758=CARTESIAN_POINT('',(6.5E-1,-1.02E0,-5.2E0));
#4759=VERTEX_POINT('',#4758);
#4760=CARTESIAN_POINT('',(6.5E-1,-1.02E0,-4.449971039896E0));
#4761=VERTEX_POINT('',#4760);
#4762=CARTESIAN_POINT('',(6.5E-1,-1.000107625094E0,-4.390114808794E0));
#4763=VERTEX_POINT('',#4762);
#4764=CARTESIAN_POINT('',(6.5E-1,-8.467310892614E-1,-4.184845786597E0));
#4765=VERTEX_POINT('',#4764);
#4766=CARTESIAN_POINT('',(6.5E-1,-7.282982453147E-1,-4.530885384428E0));
#4767=VERTEX_POINT('',#4766);
#4768=CARTESIAN_POINT('',(8.5E-1,-7.5E-1,-4.599714556790E0));
#4769=CARTESIAN_POINT('',(8.5E-1,-7.5E-1,-5.2E0));
#4770=VERTEX_POINT('',#4768);
#4771=VERTEX_POINT('',#4769);
#4772=CARTESIAN_POINT('',(8.5E-1,-1.02E0,-5.2E0));
#4773=VERTEX_POINT('',#4772);
#4774=CARTESIAN_POINT('',(8.5E-1,-1.02E0,-4.449971039896E0));
#4775=VERTEX_POINT('',#4774);
#4776=CARTESIAN_POINT('',(8.5E-1,-1.000107625094E0,-4.390114808794E0));
#4777=VERTEX_POINT('',#4776);
#4778=CARTESIAN_POINT('',(8.5E-1,-8.467310892614E-1,-4.184845786597E0));
#4779=VERTEX_POINT('',#4778);
#4780=CARTESIAN_POINT('',(8.5E-1,-7.282982453147E-1,-4.530885384428E0));
#4781=VERTEX_POINT('',#4780);
#4782=CARTESIAN_POINT('',(6.5E-1,-8.78E-1,-4.037726848798E0));
#4783=CARTESIAN_POINT('',(8.5E-1,-8.78E-1,-4.037726848798E0));
#4784=VERTEX_POINT('',#4782);
#4785=VERTEX_POINT('',#4783);
#4786=CARTESIAN_POINT('',(6.5E-1,8.3E-1,-4.15E0));
#4787=CARTESIAN_POINT('',(8.5E-1,8.3E-1,-4.15E0));
#4788=VERTEX_POINT('',#4786);
#4789=VERTEX_POINT('',#4787);
#4790=CARTESIAN_POINT('',(6.5E-1,8.793051721425E-1,-4.037E0));
#4791=CARTESIAN_POINT('',(8.5E-1,8.793051721425E-1,-4.037E0));
#4792=VERTEX_POINT('',#4790);
#4793=VERTEX_POINT('',#4791);
#4794=CARTESIAN_POINT('',(6.5E-1,-8.3E-1,-3.85E0));
#4795=CARTESIAN_POINT('',(6.5E-1,-7.E-1,-3.85E0));
#4796=VERTEX_POINT('',#4794);
#4797=VERTEX_POINT('',#4795);
#4798=CARTESIAN_POINT('',(8.5E-1,-8.3E-1,-3.85E0));
#4799=CARTESIAN_POINT('',(8.5E-1,-7.E-1,-3.85E0));
#4800=VERTEX_POINT('',#4798);
#4801=VERTEX_POINT('',#4799);
#4802=CARTESIAN_POINT('',(6.5E-1,-7.E-1,-4.15E0));
#4803=VERTEX_POINT('',#4802);
#4804=CARTESIAN_POINT('',(8.5E-1,-7.E-1,-4.15E0));
#4805=VERTEX_POINT('',#4804);
#4806=CARTESIAN_POINT('',(6.5E-1,-4.615994279446E-1,-4.15E0));
#4807=VERTEX_POINT('',#4806);
#4808=CARTESIAN_POINT('',(8.5E-1,-4.615994279446E-1,-4.15E0));
#4809=VERTEX_POINT('',#4808);
#4810=CARTESIAN_POINT('',(6.5E-1,7.E-1,-4.15E0));
#4811=CARTESIAN_POINT('',(6.5E-1,7.E-1,-3.85E0));
#4812=VERTEX_POINT('',#4810);
#4813=VERTEX_POINT('',#4811);
#4814=CARTESIAN_POINT('',(8.5E-1,7.E-1,-4.15E0));
#4815=CARTESIAN_POINT('',(8.5E-1,7.E-1,-3.85E0));
#4816=VERTEX_POINT('',#4814);
#4817=VERTEX_POINT('',#4815);
#4818=CARTESIAN_POINT('',(6.5E-1,8.3E-1,-3.85E0));
#4819=VERTEX_POINT('',#4818);
#4820=CARTESIAN_POINT('',(8.5E-1,8.3E-1,-3.85E0));
#4821=VERTEX_POINT('',#4820);
#4822=CARTESIAN_POINT('',(1.15E0,-7.5E-1,-4.599714556790E0));
#4823=CARTESIAN_POINT('',(1.15E0,-7.5E-1,-5.2E0));
#4824=VERTEX_POINT('',#4822);
#4825=VERTEX_POINT('',#4823);
#4826=CARTESIAN_POINT('',(1.15E0,-1.02E0,-5.2E0));
#4827=VERTEX_POINT('',#4826);
#4828=CARTESIAN_POINT('',(1.15E0,-1.02E0,-4.449971039896E0));
#4829=VERTEX_POINT('',#4828);
#4830=CARTESIAN_POINT('',(1.15E0,-1.000107625094E0,-4.390114808794E0));
#4831=VERTEX_POINT('',#4830);
#4832=CARTESIAN_POINT('',(1.15E0,-8.467310892614E-1,-4.184845786597E0));
#4833=VERTEX_POINT('',#4832);
#4834=CARTESIAN_POINT('',(1.15E0,-7.282982453147E-1,-4.530885384428E0));
#4835=VERTEX_POINT('',#4834);
#4836=CARTESIAN_POINT('',(1.35E0,-7.5E-1,-4.599714556790E0));
#4837=CARTESIAN_POINT('',(1.35E0,-7.5E-1,-5.2E0));
#4838=VERTEX_POINT('',#4836);
#4839=VERTEX_POINT('',#4837);
#4840=CARTESIAN_POINT('',(1.35E0,-1.02E0,-5.2E0));
#4841=VERTEX_POINT('',#4840);
#4842=CARTESIAN_POINT('',(1.35E0,-1.02E0,-4.449971039896E0));
#4843=VERTEX_POINT('',#4842);
#4844=CARTESIAN_POINT('',(1.35E0,-1.000107625094E0,-4.390114808794E0));
#4845=VERTEX_POINT('',#4844);
#4846=CARTESIAN_POINT('',(1.35E0,-8.467310892614E-1,-4.184845786597E0));
#4847=VERTEX_POINT('',#4846);
#4848=CARTESIAN_POINT('',(1.35E0,-7.282982453147E-1,-4.530885384428E0));
#4849=VERTEX_POINT('',#4848);
#4850=CARTESIAN_POINT('',(1.15E0,-8.78E-1,-4.037726848798E0));
#4851=CARTESIAN_POINT('',(1.35E0,-8.78E-1,-4.037726848798E0));
#4852=VERTEX_POINT('',#4850);
#4853=VERTEX_POINT('',#4851);
#4854=CARTESIAN_POINT('',(1.15E0,8.3E-1,-4.15E0));
#4855=CARTESIAN_POINT('',(1.35E0,8.3E-1,-4.15E0));
#4856=VERTEX_POINT('',#4854);
#4857=VERTEX_POINT('',#4855);
#4858=CARTESIAN_POINT('',(1.15E0,8.793051721425E-1,-4.037E0));
#4859=CARTESIAN_POINT('',(1.35E0,8.793051721425E-1,-4.037E0));
#4860=VERTEX_POINT('',#4858);
#4861=VERTEX_POINT('',#4859);
#4862=CARTESIAN_POINT('',(1.15E0,-8.3E-1,-3.85E0));
#4863=CARTESIAN_POINT('',(1.15E0,-7.E-1,-3.85E0));
#4864=VERTEX_POINT('',#4862);
#4865=VERTEX_POINT('',#4863);
#4866=CARTESIAN_POINT('',(1.35E0,-8.3E-1,-3.85E0));
#4867=CARTESIAN_POINT('',(1.35E0,-7.E-1,-3.85E0));
#4868=VERTEX_POINT('',#4866);
#4869=VERTEX_POINT('',#4867);
#4870=CARTESIAN_POINT('',(1.15E0,-7.E-1,-4.15E0));
#4871=VERTEX_POINT('',#4870);
#4872=CARTESIAN_POINT('',(1.35E0,-7.E-1,-4.15E0));
#4873=VERTEX_POINT('',#4872);
#4874=CARTESIAN_POINT('',(1.15E0,-4.615994279446E-1,-4.15E0));
#4875=VERTEX_POINT('',#4874);
#4876=CARTESIAN_POINT('',(1.35E0,-4.615994279446E-1,-4.15E0));
#4877=VERTEX_POINT('',#4876);
#4878=CARTESIAN_POINT('',(1.15E0,7.E-1,-4.15E0));
#4879=CARTESIAN_POINT('',(1.15E0,7.E-1,-3.85E0));
#4880=VERTEX_POINT('',#4878);
#4881=VERTEX_POINT('',#4879);
#4882=CARTESIAN_POINT('',(1.35E0,7.E-1,-4.15E0));
#4883=CARTESIAN_POINT('',(1.35E0,7.E-1,-3.85E0));
#4884=VERTEX_POINT('',#4882);
#4885=VERTEX_POINT('',#4883);
#4886=CARTESIAN_POINT('',(1.15E0,8.3E-1,-3.85E0));
#4887=VERTEX_POINT('',#4886);
#4888=CARTESIAN_POINT('',(1.35E0,8.3E-1,-3.85E0));
#4889=VERTEX_POINT('',#4888);
#4890=CARTESIAN_POINT('',(-1.35E0,-2.515371664817E-1,-3.85E0));
#4891=DIRECTION('',(0.E0,8.191520442890E-1,-5.735764363510E-1));
#4892=DIRECTION('',(0.E0,-5.735764363510E-1,-8.191520442890E-1));
#4893=AXIS2_PLACEMENT_3D('',#4890,#4891,#4892);
#4894=PLANE('',#4893);
#4896=ORIENTED_EDGE('',*,*,#4895,.T.);
#4898=ORIENTED_EDGE('',*,*,#4897,.T.);
#4900=ORIENTED_EDGE('',*,*,#4899,.T.);
#4902=ORIENTED_EDGE('',*,*,#4901,.F.);
#4903=EDGE_LOOP('',(#4896,#4898,#4900,#4902));
#4904=FACE_OUTER_BOUND('',#4903,.F.);
#4906=CARTESIAN_POINT('',(1.7E0,-7.E-1,-4.15E0));
#4907=DIRECTION('',(0.E0,0.E0,-1.E0));
#4908=DIRECTION('',(0.E0,1.E0,0.E0));
#4909=AXIS2_PLACEMENT_3D('',#4906,#4907,#4908);
#4910=PLANE('',#4909);
#4912=ORIENTED_EDGE('',*,*,#4911,.F.);
#4914=ORIENTED_EDGE('',*,*,#4913,.F.);
#4916=ORIENTED_EDGE('',*,*,#4915,.F.);
#4918=ORIENTED_EDGE('',*,*,#4917,.T.);
#4920=ORIENTED_EDGE('',*,*,#4919,.F.);
#4922=ORIENTED_EDGE('',*,*,#4921,.F.);
#4924=ORIENTED_EDGE('',*,*,#4923,.F.);
#4926=ORIENTED_EDGE('',*,*,#4925,.T.);
#4928=ORIENTED_EDGE('',*,*,#4927,.F.);
#4930=ORIENTED_EDGE('',*,*,#4929,.F.);
#4932=ORIENTED_EDGE('',*,*,#4931,.F.);
#4934=ORIENTED_EDGE('',*,*,#4933,.T.);
#4936=ORIENTED_EDGE('',*,*,#4935,.F.);
#4938=ORIENTED_EDGE('',*,*,#4937,.F.);
#4940=ORIENTED_EDGE('',*,*,#4939,.F.);
#4942=ORIENTED_EDGE('',*,*,#4941,.T.);
#4944=ORIENTED_EDGE('',*,*,#4943,.F.);
#4946=ORIENTED_EDGE('',*,*,#4945,.F.);
#4948=ORIENTED_EDGE('',*,*,#4947,.F.);
#4950=ORIENTED_EDGE('',*,*,#4949,.T.);
#4952=ORIENTED_EDGE('',*,*,#4951,.F.);
#4954=ORIENTED_EDGE('',*,*,#4953,.F.);
#4956=ORIENTED_EDGE('',*,*,#4955,.F.);
#4958=ORIENTED_EDGE('',*,*,#4957,.T.);
#4960=ORIENTED_EDGE('',*,*,#4959,.F.);
#4962=ORIENTED_EDGE('',*,*,#4961,.T.);
#4964=ORIENTED_EDGE('',*,*,#4963,.T.);
#4966=ORIENTED_EDGE('',*,*,#4965,.T.);
#4968=ORIENTED_EDGE('',*,*,#4967,.T.);
#4970=ORIENTED_EDGE('',*,*,#4969,.T.);
#4972=ORIENTED_EDGE('',*,*,#4971,.F.);
#4974=ORIENTED_EDGE('',*,*,#4973,.T.);
#4976=ORIENTED_EDGE('',*,*,#4975,.T.);
#4978=ORIENTED_EDGE('',*,*,#4977,.T.);
#4980=ORIENTED_EDGE('',*,*,#4979,.F.);
#4982=ORIENTED_EDGE('',*,*,#4981,.T.);
#4984=ORIENTED_EDGE('',*,*,#4983,.T.);
#4986=ORIENTED_EDGE('',*,*,#4985,.T.);
#4988=ORIENTED_EDGE('',*,*,#4987,.F.);
#4990=ORIENTED_EDGE('',*,*,#4989,.T.);
#4992=ORIENTED_EDGE('',*,*,#4991,.F.);
#4994=ORIENTED_EDGE('',*,*,#4993,.T.);
#4995=ORIENTED_EDGE('',*,*,#4895,.F.);
#4997=ORIENTED_EDGE('',*,*,#4996,.F.);
#4999=ORIENTED_EDGE('',*,*,#4998,.F.);
#5001=ORIENTED_EDGE('',*,*,#5000,.T.);
#5003=ORIENTED_EDGE('',*,*,#5002,.F.);
#5005=ORIENTED_EDGE('',*,*,#5004,.F.);
#5007=ORIENTED_EDGE('',*,*,#5006,.F.);
#5009=ORIENTED_EDGE('',*,*,#5008,.T.);
#5011=ORIENTED_EDGE('',*,*,#5010,.F.);
#5013=ORIENTED_EDGE('',*,*,#5012,.F.);
#5015=ORIENTED_EDGE('',*,*,#5014,.F.);
#5017=ORIENTED_EDGE('',*,*,#5016,.T.);
#5019=ORIENTED_EDGE('',*,*,#5018,.F.);
#5021=ORIENTED_EDGE('',*,*,#5020,.F.);
#5023=ORIENTED_EDGE('',*,*,#5022,.F.);
#5025=ORIENTED_EDGE('',*,*,#5024,.T.);
#5027=ORIENTED_EDGE('',*,*,#5026,.F.);
#5029=ORIENTED_EDGE('',*,*,#5028,.F.);
#5031=ORIENTED_EDGE('',*,*,#5030,.F.);
#5033=ORIENTED_EDGE('',*,*,#5032,.T.);
#5035=ORIENTED_EDGE('',*,*,#5034,.F.);
#5037=ORIENTED_EDGE('',*,*,#5036,.F.);
#5039=ORIENTED_EDGE('',*,*,#5038,.F.);
#5041=ORIENTED_EDGE('',*,*,#5040,.F.);
#5043=ORIENTED_EDGE('',*,*,#5042,.T.);
#5045=ORIENTED_EDGE('',*,*,#5044,.T.);
#5047=ORIENTED_EDGE('',*,*,#5046,.T.);
#5049=ORIENTED_EDGE('',*,*,#5048,.T.);
#5051=ORIENTED_EDGE('',*,*,#5050,.F.);
#5053=ORIENTED_EDGE('',*,*,#5052,.T.);
#5055=ORIENTED_EDGE('',*,*,#5054,.T.);
#5057=ORIENTED_EDGE('',*,*,#5056,.T.);
#5059=ORIENTED_EDGE('',*,*,#5058,.F.);
#5061=ORIENTED_EDGE('',*,*,#5060,.T.);
#5063=ORIENTED_EDGE('',*,*,#5062,.T.);
#5065=ORIENTED_EDGE('',*,*,#5064,.T.);
#5067=ORIENTED_EDGE('',*,*,#5066,.F.);
#5069=ORIENTED_EDGE('',*,*,#5068,.F.);
#5070=EDGE_LOOP('',(#4912,#4914,#4916,#4918,#4920,#4922,#4924,#4926,#4928,#4930,
#4932,#4934,#4936,#4938,#4940,#4942,#4944,#4946,#4948,#4950,#4952,#4954,#4956,
#4958,#4960,#4962,#4964,#4966,#4968,#4970,#4972,#4974,#4976,#4978,#4980,#4982,
#4984,#4986,#4988,#4990,#4992,#4994,#4995,#4997,#4999,#5001,#5003,#5005,#5007,
#5009,#5011,#5013,#5015,#5017,#5019,#5021,#5023,#5025,#5027,#5029,#5031,#5033,
#5035,#5037,#5039,#5041,#5043,#5045,#5047,#5049,#5051,#5053,#5055,#5057,#5059,
#5061,#5063,#5065,#5067,#5069));
#5071=FACE_OUTER_BOUND('',#5070,.F.);
#5073=CARTESIAN_POINT('',(1.7E0,7.E-1,-4.15E0));
#5074=DIRECTION('',(0.E0,1.E0,0.E0));
#5075=DIRECTION('',(0.E0,0.E0,1.E0));
#5076=AXIS2_PLACEMENT_3D('',#5073,#5074,#5075);
#5077=PLANE('',#5076);
#5079=ORIENTED_EDGE('',*,*,#5078,.T.);
#5081=ORIENTED_EDGE('',*,*,#5080,.T.);
#5083=ORIENTED_EDGE('',*,*,#5082,.F.);
#5085=ORIENTED_EDGE('',*,*,#5084,.F.);
#5086=EDGE_LOOP('',(#5079,#5081,#5083,#5085));
#5087=FACE_OUTER_BOUND('',#5086,.F.);
#5089=CARTESIAN_POINT('',(1.7E0,7.E-1,-4.15E0));
#5090=DIRECTION('',(0.E0,1.E0,0.E0));
#5091=DIRECTION('',(0.E0,0.E0,1.E0));
#5092=AXIS2_PLACEMENT_3D('',#5089,#5090,#5091);
#5093=PLANE('',#5092);
#5095=ORIENTED_EDGE('',*,*,#5094,.T.);
#5097=ORIENTED_EDGE('',*,*,#5096,.F.);
#5099=ORIENTED_EDGE('',*,*,#5098,.F.);
#5101=ORIENTED_EDGE('',*,*,#5100,.T.);
#5102=EDGE_LOOP('',(#5095,#5097,#5099,#5101));
#5103=FACE_OUTER_BOUND('',#5102,.F.);
#5105=CARTESIAN_POINT('',(1.7E0,7.E-1,-4.15E0));
#5106=DIRECTION('',(0.E0,1.E0,0.E0));
#5107=DIRECTION('',(0.E0,0.E0,1.E0));
#5108=AXIS2_PLACEMENT_3D('',#5105,#5106,#5107);
#5109=PLANE('',#5108);
#5111=ORIENTED_EDGE('',*,*,#5110,.T.);
#5113=ORIENTED_EDGE('',*,*,#5112,.T.);
#5115=ORIENTED_EDGE('',*,*,#5114,.T.);
#5117=ORIENTED_EDGE('',*,*,#5116,.T.);
#5119=ORIENTED_EDGE('',*,*,#5118,.T.);
#5121=ORIENTED_EDGE('',*,*,#5120,.F.);
#5123=ORIENTED_EDGE('',*,*,#5122,.T.);
#5125=ORIENTED_EDGE('',*,*,#5124,.T.);
#5127=ORIENTED_EDGE('',*,*,#5126,.T.);
#5129=ORIENTED_EDGE('',*,*,#5128,.T.);
#5131=ORIENTED_EDGE('',*,*,#5130,.T.);
#5133=ORIENTED_EDGE('',*,*,#5132,.T.);
#5135=ORIENTED_EDGE('',*,*,#5134,.T.);
#5137=ORIENTED_EDGE('',*,*,#5136,.F.);
#5139=ORIENTED_EDGE('',*,*,#5138,.F.);
#5141=ORIENTED_EDGE('',*,*,#5140,.T.);
#5143=ORIENTED_EDGE('',*,*,#5142,.T.);
#5145=ORIENTED_EDGE('',*,*,#5144,.T.);
#5147=ORIENTED_EDGE('',*,*,#5146,.F.);
#5149=ORIENTED_EDGE('',*,*,#5148,.F.);
#5150=ORIENTED_EDGE('',*,*,#4959,.T.);
#5151=EDGE_LOOP('',(#5111,#5113,#5115,#5117,#5119,#5121,#5123,#5125,#5127,#5129,
#5131,#5133,#5135,#5137,#5139,#5141,#5143,#5145,#5147,#5149,#5150));
#5152=FACE_OUTER_BOUND('',#5151,.F.);
#5154=CARTESIAN_POINT('',(1.7E0,7.E-1,-4.15E0));
#5155=DIRECTION('',(0.E0,1.E0,0.E0));
#5156=DIRECTION('',(0.E0,0.E0,1.E0));
#5157=AXIS2_PLACEMENT_3D('',#5154,#5155,#5156);
#5158=PLANE('',#5157);
#5160=ORIENTED_EDGE('',*,*,#5159,.T.);
#5162=ORIENTED_EDGE('',*,*,#5161,.T.);
#5164=ORIENTED_EDGE('',*,*,#5163,.F.);
#5165=ORIENTED_EDGE('',*,*,#4951,.T.);
#5166=EDGE_LOOP('',(#5160,#5162,#5164,#5165));
#5167=FACE_OUTER_BOUND('',#5166,.F.);
#5169=CARTESIAN_POINT('',(1.7E0,7.E-1,-4.15E0));
#5170=DIRECTION('',(0.E0,1.E0,0.E0));
#5171=DIRECTION('',(0.E0,0.E0,1.E0));
#5172=AXIS2_PLACEMENT_3D('',#5169,#5170,#5171);
#5173=PLANE('',#5172);
#5175=ORIENTED_EDGE('',*,*,#5174,.T.);
#5177=ORIENTED_EDGE('',*,*,#5176,.T.);
#5179=ORIENTED_EDGE('',*,*,#5178,.F.);
#5180=ORIENTED_EDGE('',*,*,#4943,.T.);
#5181=EDGE_LOOP('',(#5175,#5177,#5179,#5180));
#5182=FACE_OUTER_BOUND('',#5181,.F.);
#5184=CARTESIAN_POINT('',(1.7E0,7.E-1,-4.15E0));
#5185=DIRECTION('',(0.E0,1.E0,0.E0));
#5186=DIRECTION('',(0.E0,0.E0,1.E0));
#5187=AXIS2_PLACEMENT_3D('',#5184,#5185,#5186);
#5188=PLANE('',#5187);
#5190=ORIENTED_EDGE('',*,*,#5189,.T.);
#5192=ORIENTED_EDGE('',*,*,#5191,.T.);
#5194=ORIENTED_EDGE('',*,*,#5193,.F.);
#5195=ORIENTED_EDGE('',*,*,#4935,.T.);
#5196=EDGE_LOOP('',(#5190,#5192,#5194,#5195));
#5197=FACE_OUTER_BOUND('',#5196,.F.);
#5199=CARTESIAN_POINT('',(1.7E0,7.E-1,-4.15E0));
#5200=DIRECTION('',(0.E0,1.E0,0.E0));
#5201=DIRECTION('',(0.E0,0.E0,1.E0));
#5202=AXIS2_PLACEMENT_3D('',#5199,#5200,#5201);
#5203=PLANE('',#5202);
#5205=ORIENTED_EDGE('',*,*,#5204,.T.);
#5207=ORIENTED_EDGE('',*,*,#5206,.T.);
#5209=ORIENTED_EDGE('',*,*,#5208,.F.);
#5210=ORIENTED_EDGE('',*,*,#4927,.T.);
#5211=EDGE_LOOP('',(#5205,#5207,#5209,#5210));
#5212=FACE_OUTER_BOUND('',#5211,.F.);
#5214=CARTESIAN_POINT('',(1.7E0,7.E-1,-4.15E0));
#5215=DIRECTION('',(0.E0,1.E0,0.E0));
#5216=DIRECTION('',(0.E0,0.E0,1.E0));
#5217=AXIS2_PLACEMENT_3D('',#5214,#5215,#5216);
#5218=PLANE('',#5217);
#5220=ORIENTED_EDGE('',*,*,#5219,.T.);
#5222=ORIENTED_EDGE('',*,*,#5221,.T.);
#5224=ORIENTED_EDGE('',*,*,#5223,.F.);
#5225=ORIENTED_EDGE('',*,*,#4919,.T.);
#5226=EDGE_LOOP('',(#5220,#5222,#5224,#5225));
#5227=FACE_OUTER_BOUND('',#5226,.F.);
#5229=CARTESIAN_POINT('',(1.7E0,7.E-1,-4.15E0));
#5230=DIRECTION('',(0.E0,1.E0,0.E0));
#5231=DIRECTION('',(0.E0,0.E0,1.E0));
#5232=AXIS2_PLACEMENT_3D('',#5229,#5230,#5231);
#5233=PLANE('',#5232);
#5235=ORIENTED_EDGE('',*,*,#5234,.F.);
#5236=ORIENTED_EDGE('',*,*,#4911,.T.);
#5238=ORIENTED_EDGE('',*,*,#5237,.F.);
#5240=ORIENTED_EDGE('',*,*,#5239,.F.);
#5242=ORIENTED_EDGE('',*,*,#5241,.T.);
#5244=ORIENTED_EDGE('',*,*,#5243,.T.);
#5246=ORIENTED_EDGE('',*,*,#5245,.T.);
#5248=ORIENTED_EDGE('',*,*,#5247,.F.);
#5250=ORIENTED_EDGE('',*,*,#5249,.F.);
#5252=ORIENTED_EDGE('',*,*,#5251,.T.);
#5254=ORIENTED_EDGE('',*,*,#5253,.F.);
#5256=ORIENTED_EDGE('',*,*,#5255,.T.);
#5258=ORIENTED_EDGE('',*,*,#5257,.F.);
#5260=ORIENTED_EDGE('',*,*,#5259,.T.);
#5262=ORIENTED_EDGE('',*,*,#5261,.T.);
#5264=ORIENTED_EDGE('',*,*,#5263,.T.);
#5266=ORIENTED_EDGE('',*,*,#5265,.F.);
#5268=ORIENTED_EDGE('',*,*,#5267,.F.);
#5270=ORIENTED_EDGE('',*,*,#5269,.T.);
#5272=ORIENTED_EDGE('',*,*,#5271,.T.);
#5274=ORIENTED_EDGE('',*,*,#5273,.T.);
#5275=EDGE_LOOP('',(#5235,#5236,#5238,#5240,#5242,#5244,#5246,#5248,#5250,#5252,
#5254,#5256,#5258,#5260,#5262,#5264,#5266,#5268,#5270,#5272,#5274));
#5276=FACE_OUTER_BOUND('',#5275,.F.);
#5278=CARTESIAN_POINT('',(-2.97E0,7.E-1,-3.85E0));
#5279=DIRECTION('',(-1.E0,0.E0,0.E0));
#5280=DIRECTION('',(0.E0,0.E0,1.E0));
#5281=AXIS2_PLACEMENT_3D('',#5278,#5279,#5280);
#5282=PLANE('',#5281);
#5283=ORIENTED_EDGE('',*,*,#5078,.F.);
#5285=ORIENTED_EDGE('',*,*,#5284,.T.);
#5287=ORIENTED_EDGE('',*,*,#5286,.T.);
#5289=ORIENTED_EDGE('',*,*,#5288,.F.);
#5290=EDGE_LOOP('',(#5283,#5285,#5287,#5289));
#5291=FACE_OUTER_BOUND('',#5290,.F.);
#5293=CARTESIAN_POINT('',(0.E0,0.E0,-1.3E0));
#5294=DIRECTION('',(0.E0,0.E0,-1.E0));
#5295=DIRECTION('',(1.E0,0.E0,0.E0));
#5296=AXIS2_PLACEMENT_3D('',#5293,#5294,#5295);
#5297=PLANE('',#5296);
#5299=ORIENTED_EDGE('',*,*,#5298,.T.);
#5301=ORIENTED_EDGE('',*,*,#5300,.F.);
#5303=ORIENTED_EDGE('',*,*,#5302,.T.);
#5305=ORIENTED_EDGE('',*,*,#5304,.T.);
#5307=ORIENTED_EDGE('',*,*,#5306,.T.);
#5309=ORIENTED_EDGE('',*,*,#5308,.F.);
#5311=ORIENTED_EDGE('',*,*,#5310,.T.);
#5313=ORIENTED_EDGE('',*,*,#5312,.F.);
#5315=ORIENTED_EDGE('',*,*,#5314,.T.);
#5317=ORIENTED_EDGE('',*,*,#5316,.T.);
#5319=ORIENTED_EDGE('',*,*,#5318,.T.);
#5321=ORIENTED_EDGE('',*,*,#5320,.T.);
#5323=ORIENTED_EDGE('',*,*,#5322,.T.);
#5325=ORIENTED_EDGE('',*,*,#5324,.T.);
#5326=ORIENTED_EDGE('',*,*,#5120,.T.);
#5328=ORIENTED_EDGE('',*,*,#5327,.T.);
#5330=ORIENTED_EDGE('',*,*,#5329,.F.);
#5331=ORIENTED_EDGE('',*,*,#5284,.F.);
#5332=ORIENTED_EDGE('',*,*,#5084,.T.);
#5334=ORIENTED_EDGE('',*,*,#5333,.F.);
#5336=ORIENTED_EDGE('',*,*,#5335,.F.);
#5338=ORIENTED_EDGE('',*,*,#5337,.F.);
#5339=EDGE_LOOP('',(#5299,#5301,#5303,#5305,#5307,#5309,#5311,#5313,#5315,#5317,
#5319,#5321,#5323,#5325,#5326,#5328,#5330,#5331,#5332,#5334,#5336,#5338));
#5340=FACE_OUTER_BOUND('',#5339,.F.);
#5342=CARTESIAN_POINT('',(0.E0,0.E0,-1.3E0));
#5343=DIRECTION('',(0.E0,0.E0,-1.E0));
#5344=DIRECTION('',(1.E0,0.E0,0.E0));
#5345=AXIS2_PLACEMENT_3D('',#5342,#5343,#5344);
#5346=PLANE('',#5345);
#5348=ORIENTED_EDGE('',*,*,#5347,.T.);
#5350=ORIENTED_EDGE('',*,*,#5349,.T.);
#5352=ORIENTED_EDGE('',*,*,#5351,.F.);
#5354=ORIENTED_EDGE('',*,*,#5353,.T.);
#5355=ORIENTED_EDGE('',*,*,#5096,.T.);
#5357=ORIENTED_EDGE('',*,*,#5356,.T.);
#5359=ORIENTED_EDGE('',*,*,#5358,.F.);
#5361=ORIENTED_EDGE('',*,*,#5360,.F.);
#5362=ORIENTED_EDGE('',*,*,#5265,.T.);
#5364=ORIENTED_EDGE('',*,*,#5363,.F.);
#5366=ORIENTED_EDGE('',*,*,#5365,.T.);
#5368=ORIENTED_EDGE('',*,*,#5367,.T.);
#5370=ORIENTED_EDGE('',*,*,#5369,.T.);
#5372=ORIENTED_EDGE('',*,*,#5371,.T.);
#5374=ORIENTED_EDGE('',*,*,#5373,.T.);
#5376=ORIENTED_EDGE('',*,*,#5375,.T.);
#5378=ORIENTED_EDGE('',*,*,#5377,.T.);
#5380=ORIENTED_EDGE('',*,*,#5379,.T.);
#5382=ORIENTED_EDGE('',*,*,#5381,.T.);
#5384=ORIENTED_EDGE('',*,*,#5383,.F.);
#5386=ORIENTED_EDGE('',*,*,#5385,.T.);
#5388=ORIENTED_EDGE('',*,*,#5387,.T.);
#5389=EDGE_LOOP('',(#5348,#5350,#5352,#5354,#5355,#5357,#5359,#5361,#5362,#5364,
#5366,#5368,#5370,#5372,#5374,#5376,#5378,#5380,#5382,#5384,#5386,#5388));
#5390=FACE_OUTER_BOUND('',#5389,.F.);
#5392=CARTESIAN_POINT('',(0.E0,-4.75E-1,0.E0));
#5393=DIRECTION('',(0.E0,1.E0,0.E0));
#5394=DIRECTION('',(1.E0,0.E0,0.E0));
#5395=AXIS2_PLACEMENT_3D('',#5392,#5393,#5394);
#5396=PLANE('',#5395);
#5398=ORIENTED_EDGE('',*,*,#5397,.T.);
#5400=ORIENTED_EDGE('',*,*,#5399,.T.);
#5401=ORIENTED_EDGE('',*,*,#5298,.F.);
#5403=ORIENTED_EDGE('',*,*,#5402,.T.);
#5404=EDGE_LOOP('',(#5398,#5400,#5401,#5403));
#5405=FACE_OUTER_BOUND('',#5404,.F.);
#5407=CARTESIAN_POINT('',(0.E0,-4.75E-1,0.E0));
#5408=DIRECTION('',(0.E0,1.E0,0.E0));
#5409=DIRECTION('',(1.E0,0.E0,0.E0));
#5410=AXIS2_PLACEMENT_3D('',#5407,#5408,#5409);
#5411=PLANE('',#5410);
#5413=ORIENTED_EDGE('',*,*,#5412,.T.);
#5415=ORIENTED_EDGE('',*,*,#5414,.T.);
#5416=ORIENTED_EDGE('',*,*,#5347,.F.);
#5418=ORIENTED_EDGE('',*,*,#5417,.F.);
#5419=EDGE_LOOP('',(#5413,#5415,#5416,#5418));
#5420=FACE_OUTER_BOUND('',#5419,.F.);
#5422=CARTESIAN_POINT('',(0.E0,0.E0,-1.25E0));
#5423=DIRECTION('',(0.E0,0.E0,1.E0));
#5424=DIRECTION('',(1.E0,0.E0,0.E0));
#5425=AXIS2_PLACEMENT_3D('',#5422,#5423,#5424);
#5426=PLANE('',#5425);
#5427=ORIENTED_EDGE('',*,*,#5397,.F.);
#5429=ORIENTED_EDGE('',*,*,#5428,.T.);
#5431=ORIENTED_EDGE('',*,*,#5430,.T.);
#5433=ORIENTED_EDGE('',*,*,#5432,.T.);
#5434=ORIENTED_EDGE('',*,*,#5080,.F.);
#5435=ORIENTED_EDGE('',*,*,#5288,.T.);
#5437=ORIENTED_EDGE('',*,*,#5436,.T.);
#5439=ORIENTED_EDGE('',*,*,#5438,.F.);
#5440=ORIENTED_EDGE('',*,*,#5116,.F.);
#5442=ORIENTED_EDGE('',*,*,#5441,.T.);
#5444=ORIENTED_EDGE('',*,*,#5443,.F.);
#5446=ORIENTED_EDGE('',*,*,#5445,.F.);
#5448=ORIENTED_EDGE('',*,*,#5447,.F.);
#5450=ORIENTED_EDGE('',*,*,#5449,.T.);
#5452=ORIENTED_EDGE('',*,*,#5451,.F.);
#5454=ORIENTED_EDGE('',*,*,#5453,.T.);
#5456=ORIENTED_EDGE('',*,*,#5455,.F.);
#5458=ORIENTED_EDGE('',*,*,#5457,.F.);
#5460=ORIENTED_EDGE('',*,*,#5459,.F.);
#5462=ORIENTED_EDGE('',*,*,#5461,.T.);
#5463=EDGE_LOOP('',(#5427,#5429,#5431,#5433,#5434,#5435,#5437,#5439,#5440,#5442,
#5444,#5446,#5448,#5450,#5452,#5454,#5456,#5458,#5460,#5462));
#5464=FACE_OUTER_BOUND('',#5463,.F.);
#5466=CARTESIAN_POINT('',(0.E0,0.E0,-1.25E0));
#5467=DIRECTION('',(0.E0,0.E0,1.E0));
#5468=DIRECTION('',(1.E0,0.E0,0.E0));
#5469=AXIS2_PLACEMENT_3D('',#5466,#5467,#5468);
#5470=PLANE('',#5469);
#5471=ORIENTED_EDGE('',*,*,#5412,.F.);
#5473=ORIENTED_EDGE('',*,*,#5472,.F.);
#5475=ORIENTED_EDGE('',*,*,#5474,.F.);
#5477=ORIENTED_EDGE('',*,*,#5476,.T.);
#5479=ORIENTED_EDGE('',*,*,#5478,.F.);
#5481=ORIENTED_EDGE('',*,*,#5480,.F.);
#5483=ORIENTED_EDGE('',*,*,#5482,.F.);
#5485=ORIENTED_EDGE('',*,*,#5484,.F.);
#5487=ORIENTED_EDGE('',*,*,#5486,.F.);
#5489=ORIENTED_EDGE('',*,*,#5488,.F.);
#5491=ORIENTED_EDGE('',*,*,#5490,.F.);
#5493=ORIENTED_EDGE('',*,*,#5492,.F.);
#5494=ORIENTED_EDGE('',*,*,#5269,.F.);
#5496=ORIENTED_EDGE('',*,*,#5495,.T.);
#5498=ORIENTED_EDGE('',*,*,#5497,.T.);
#5500=ORIENTED_EDGE('',*,*,#5499,.F.);
#5501=ORIENTED_EDGE('',*,*,#5100,.F.);
#5503=ORIENTED_EDGE('',*,*,#5502,.F.);
#5505=ORIENTED_EDGE('',*,*,#5504,.T.);
#5507=ORIENTED_EDGE('',*,*,#5506,.F.);
#5508=EDGE_LOOP('',(#5471,#5473,#5475,#5477,#5479,#5481,#5483,#5485,#5487,#5489,
#5491,#5493,#5494,#5496,#5498,#5500,#5501,#5503,#5505,#5507));
#5509=FACE_OUTER_BOUND('',#5508,.F.);
#5511=CARTESIAN_POINT('',(-3.446E0,-4.75E-1,-1.3E0));
#5512=DIRECTION('',(-9.968152785361E-1,0.E0,-7.974522228289E-2));
#5513=DIRECTION('',(-7.974522228289E-2,0.E0,9.968152785361E-1));
#5514=AXIS2_PLACEMENT_3D('',#5511,#5512,#5513);
#5515=PLANE('',#5514);
#5516=ORIENTED_EDGE('',*,*,#5428,.F.);
#5517=ORIENTED_EDGE('',*,*,#5402,.F.);
#5518=ORIENTED_EDGE('',*,*,#5337,.T.);
#5520=ORIENTED_EDGE('',*,*,#5519,.T.);
#5521=EDGE_LOOP('',(#5516,#5517,#5518,#5520));
#5522=FACE_OUTER_BOUND('',#5521,.F.);
#5524=CARTESIAN_POINT('',(0.E0,4.75E-1,0.E0));
#5525=DIRECTION('',(0.E0,1.E0,0.E0));
#5526=DIRECTION('',(1.E0,0.E0,0.E0));
#5527=AXIS2_PLACEMENT_3D('',#5524,#5525,#5526);
#5528=PLANE('',#5527);
#5529=ORIENTED_EDGE('',*,*,#5430,.F.);
#5530=ORIENTED_EDGE('',*,*,#5519,.F.);
#5531=ORIENTED_EDGE('',*,*,#5335,.T.);
#5533=ORIENTED_EDGE('',*,*,#5532,.F.);
#5534=EDGE_LOOP('',(#5529,#5530,#5531,#5533));
#5535=FACE_OUTER_BOUND('',#5534,.F.);
#5537=CARTESIAN_POINT('',(0.E0,4.75E-1,0.E0));
#5538=DIRECTION('',(0.E0,1.E0,0.E0));
#5539=DIRECTION('',(1.E0,0.E0,0.E0));
#5540=AXIS2_PLACEMENT_3D('',#5537,#5538,#5539);
#5541=PLANE('',#5540);
#5542=ORIENTED_EDGE('',*,*,#5504,.F.);
#5544=ORIENTED_EDGE('',*,*,#5543,.T.);
#5545=ORIENTED_EDGE('',*,*,#5351,.T.);
#5547=ORIENTED_EDGE('',*,*,#5546,.F.);
#5548=EDGE_LOOP('',(#5542,#5544,#5545,#5547));
#5549=FACE_OUTER_BOUND('',#5548,.F.);
#5551=CARTESIAN_POINT('',(-3.35E0,7.E-1,-4.15E0));
#5552=DIRECTION('',(-1.E0,0.E0,0.E0));
#5553=DIRECTION('',(0.E0,0.E0,1.E0));
#5554=AXIS2_PLACEMENT_3D('',#5551,#5552,#5553);
#5555=PLANE('',#5554);
#5556=ORIENTED_EDGE('',*,*,#5399,.F.);
#5557=ORIENTED_EDGE('',*,*,#5461,.F.);
#5559=ORIENTED_EDGE('',*,*,#5558,.F.);
#5560=ORIENTED_EDGE('',*,*,#5300,.T.);
#5561=EDGE_LOOP('',(#5556,#5557,#5559,#5560));
#5562=FACE_OUTER_BOUND('',#5561,.F.);
#5564=CARTESIAN_POINT('',(-3.35E0,7.E-1,-4.15E0));
#5565=DIRECTION('',(-1.E0,0.E0,0.E0));
#5566=DIRECTION('',(0.E0,0.E0,1.E0));
#5567=AXIS2_PLACEMENT_3D('',#5564,#5565,#5566);
#5568=PLANE('',#5567);
#5569=ORIENTED_EDGE('',*,*,#5532,.T.);
#5570=ORIENTED_EDGE('',*,*,#5333,.T.);
#5571=ORIENTED_EDGE('',*,*,#5082,.T.);
#5572=ORIENTED_EDGE('',*,*,#5432,.F.);
#5573=EDGE_LOOP('',(#5569,#5570,#5571,#5572));
#5574=FACE_OUTER_BOUND('',#5573,.F.);
#5576=CARTESIAN_POINT('',(-3.35E0,7.E-1,-4.15E0));
#5577=DIRECTION('',(-1.E0,0.E0,0.E0));
#5578=DIRECTION('',(0.E0,0.E0,1.E0));
#5579=AXIS2_PLACEMENT_3D('',#5576,#5577,#5578);
#5580=PLANE('',#5579);
#5581=ORIENTED_EDGE('',*,*,#4961,.F.);
#5582=ORIENTED_EDGE('',*,*,#5148,.T.);
#5584=ORIENTED_EDGE('',*,*,#5583,.F.);
#5586=ORIENTED_EDGE('',*,*,#5585,.F.);
#5587=EDGE_LOOP('',(#5581,#5582,#5584,#5586));
#5588=FACE_OUTER_BOUND('',#5587,.F.);
#5590=CARTESIAN_POINT('',(-3.35E0,7.E-1,-4.15E0));
#5591=DIRECTION('',(-1.E0,0.E0,0.E0));
#5592=DIRECTION('',(0.E0,0.E0,1.E0));
#5593=AXIS2_PLACEMENT_3D('',#5590,#5591,#5592);
#5594=PLANE('',#5593);
#5595=ORIENTED_EDGE('',*,*,#4989,.F.);
#5597=ORIENTED_EDGE('',*,*,#5596,.T.);
#5599=ORIENTED_EDGE('',*,*,#5598,.F.);
#5601=ORIENTED_EDGE('',*,*,#5600,.F.);
#5602=EDGE_LOOP('',(#5595,#5597,#5599,#5601));
#5603=FACE_OUTER_BOUND('',#5602,.F.);
#5605=CARTESIAN_POINT('',(1.7E0,-7.E-1,-3.85E0));
#5606=DIRECTION('',(0.E0,-1.E0,0.E0));
#5607=DIRECTION('',(0.E0,0.E0,-1.E0));
#5608=AXIS2_PLACEMENT_3D('',#5605,#5606,#5607);
#5609=PLANE('',#5608);
#5611=ORIENTED_EDGE('',*,*,#5610,.T.);
#5612=ORIENTED_EDGE('',*,*,#5302,.F.);
#5613=ORIENTED_EDGE('',*,*,#5558,.T.);
#5614=ORIENTED_EDGE('',*,*,#5459,.T.);
#5615=EDGE_LOOP('',(#5611,#5612,#5613,#5614));
#5616=FACE_OUTER_BOUND('',#5615,.F.);
#5618=CARTESIAN_POINT('',(1.7E0,-7.E-1,-3.85E0));
#5619=DIRECTION('',(0.E0,-1.E0,0.E0));
#5620=DIRECTION('',(0.E0,0.E0,-1.E0));
#5621=AXIS2_PLACEMENT_3D('',#5618,#5619,#5620);
#5622=PLANE('',#5621);
#5624=ORIENTED_EDGE('',*,*,#5623,.F.);
#5625=ORIENTED_EDGE('',*,*,#5474,.T.);
#5627=ORIENTED_EDGE('',*,*,#5626,.T.);
#5628=ORIENTED_EDGE('',*,*,#5385,.F.);
#5629=EDGE_LOOP('',(#5624,#5625,#5627,#5628));
#5630=FACE_OUTER_BOUND('',#5629,.F.);
#5632=CARTESIAN_POINT('',(1.7E0,-7.E-1,-3.85E0));
#5633=DIRECTION('',(0.E0,-1.E0,0.E0));
#5634=DIRECTION('',(0.E0,0.E0,-1.E0));
#5635=AXIS2_PLACEMENT_3D('',#5632,#5633,#5634);
#5636=PLANE('',#5635);
#5638=ORIENTED_EDGE('',*,*,#5637,.T.);
#5639=ORIENTED_EDGE('',*,*,#4991,.T.);
#5640=ORIENTED_EDGE('',*,*,#5600,.T.);
#5642=ORIENTED_EDGE('',*,*,#5641,.T.);
#5644=ORIENTED_EDGE('',*,*,#5643,.F.);
#5646=ORIENTED_EDGE('',*,*,#5645,.F.);
#5648=ORIENTED_EDGE('',*,*,#5647,.F.);
#5650=ORIENTED_EDGE('',*,*,#5649,.F.);
#5652=ORIENTED_EDGE('',*,*,#5651,.F.);
#5654=ORIENTED_EDGE('',*,*,#5653,.F.);
#5656=ORIENTED_EDGE('',*,*,#5655,.F.);
#5658=ORIENTED_EDGE('',*,*,#5657,.T.);
#5660=ORIENTED_EDGE('',*,*,#5659,.F.);
#5662=ORIENTED_EDGE('',*,*,#5661,.F.);
#5664=ORIENTED_EDGE('',*,*,#5663,.F.);
#5666=ORIENTED_EDGE('',*,*,#5665,.F.);
#5667=ORIENTED_EDGE('',*,*,#5310,.F.);
#5669=ORIENTED_EDGE('',*,*,#5668,.F.);
#5670=ORIENTED_EDGE('',*,*,#5451,.T.);
#5672=ORIENTED_EDGE('',*,*,#5671,.T.);
#5674=ORIENTED_EDGE('',*,*,#5673,.T.);
#5676=ORIENTED_EDGE('',*,*,#5675,.F.);
#5677=EDGE_LOOP('',(#5638,#5639,#5640,#5642,#5644,#5646,#5648,#5650,#5652,#5654,
#5656,#5658,#5660,#5662,#5664,#5666,#5667,#5669,#5670,#5672,#5674,#5676));
#5678=FACE_OUTER_BOUND('',#5677,.F.);
#5680=CARTESIAN_POINT('',(1.7E0,-7.E-1,-3.85E0));
#5681=DIRECTION('',(0.E0,-1.E0,0.E0));
#5682=DIRECTION('',(0.E0,0.E0,-1.E0));
#5683=AXIS2_PLACEMENT_3D('',#5680,#5681,#5682);
#5684=PLANE('',#5683);
#5686=ORIENTED_EDGE('',*,*,#5685,.T.);
#5687=ORIENTED_EDGE('',*,*,#4998,.T.);
#5689=ORIENTED_EDGE('',*,*,#5688,.F.);
#5691=ORIENTED_EDGE('',*,*,#5690,.F.);
#5692=EDGE_LOOP('',(#5686,#5687,#5689,#5691));
#5693=FACE_OUTER_BOUND('',#5692,.F.);
#5695=CARTESIAN_POINT('',(1.7E0,-7.E-1,-3.85E0));
#5696=DIRECTION('',(0.E0,-1.E0,0.E0));
#5697=DIRECTION('',(0.E0,0.E0,-1.E0));
#5698=AXIS2_PLACEMENT_3D('',#5695,#5696,#5697);
#5699=PLANE('',#5698);
#5701=ORIENTED_EDGE('',*,*,#5700,.T.);
#5702=ORIENTED_EDGE('',*,*,#5006,.T.);
#5704=ORIENTED_EDGE('',*,*,#5703,.F.);
#5706=ORIENTED_EDGE('',*,*,#5705,.F.);
#5707=EDGE_LOOP('',(#5701,#5702,#5704,#5706));
#5708=FACE_OUTER_BOUND('',#5707,.F.);
#5710=CARTESIAN_POINT('',(1.7E0,-7.E-1,-3.85E0));
#5711=DIRECTION('',(0.E0,-1.E0,0.E0));
#5712=DIRECTION('',(0.E0,0.E0,-1.E0));
#5713=AXIS2_PLACEMENT_3D('',#5710,#5711,#5712);
#5714=PLANE('',#5713);
#5716=ORIENTED_EDGE('',*,*,#5715,.T.);
#5717=ORIENTED_EDGE('',*,*,#5014,.T.);
#5719=ORIENTED_EDGE('',*,*,#5718,.F.);
#5721=ORIENTED_EDGE('',*,*,#5720,.F.);
#5722=EDGE_LOOP('',(#5716,#5717,#5719,#5721));
#5723=FACE_OUTER_BOUND('',#5722,.F.);
#5725=CARTESIAN_POINT('',(1.7E0,-7.E-1,-3.85E0));
#5726=DIRECTION('',(0.E0,-1.E0,0.E0));
#5727=DIRECTION('',(0.E0,0.E0,-1.E0));
#5728=AXIS2_PLACEMENT_3D('',#5725,#5726,#5727);
#5729=PLANE('',#5728);
#5731=ORIENTED_EDGE('',*,*,#5730,.T.);
#5732=ORIENTED_EDGE('',*,*,#5022,.T.);
#5734=ORIENTED_EDGE('',*,*,#5733,.F.);
#5736=ORIENTED_EDGE('',*,*,#5735,.F.);
#5737=EDGE_LOOP('',(#5731,#5732,#5734,#5736));
#5738=FACE_OUTER_BOUND('',#5737,.F.);
#5740=CARTESIAN_POINT('',(1.7E0,-7.E-1,-3.85E0));
#5741=DIRECTION('',(0.E0,-1.E0,0.E0));
#5742=DIRECTION('',(0.E0,0.E0,-1.E0));
#5743=AXIS2_PLACEMENT_3D('',#5740,#5741,#5742);
#5744=PLANE('',#5743);
#5746=ORIENTED_EDGE('',*,*,#5745,.T.);
#5747=ORIENTED_EDGE('',*,*,#5030,.T.);
#5749=ORIENTED_EDGE('',*,*,#5748,.F.);
#5751=ORIENTED_EDGE('',*,*,#5750,.F.);
#5752=EDGE_LOOP('',(#5746,#5747,#5749,#5751));
#5753=FACE_OUTER_BOUND('',#5752,.F.);
#5755=CARTESIAN_POINT('',(1.7E0,-7.E-1,-3.85E0));
#5756=DIRECTION('',(0.E0,-1.E0,0.E0));
#5757=DIRECTION('',(0.E0,0.E0,-1.E0));
#5758=AXIS2_PLACEMENT_3D('',#5755,#5756,#5757);
#5759=PLANE('',#5758);
#5761=ORIENTED_EDGE('',*,*,#5760,.F.);
#5763=ORIENTED_EDGE('',*,*,#5762,.F.);
#5765=ORIENTED_EDGE('',*,*,#5764,.T.);
#5767=ORIENTED_EDGE('',*,*,#5766,.T.);
#5768=ORIENTED_EDGE('',*,*,#5482,.T.);
#5770=ORIENTED_EDGE('',*,*,#5769,.T.);
#5771=ORIENTED_EDGE('',*,*,#5377,.F.);
#5773=ORIENTED_EDGE('',*,*,#5772,.F.);
#5775=ORIENTED_EDGE('',*,*,#5774,.F.);
#5777=ORIENTED_EDGE('',*,*,#5776,.F.);
#5779=ORIENTED_EDGE('',*,*,#5778,.T.);
#5781=ORIENTED_EDGE('',*,*,#5780,.T.);
#5783=ORIENTED_EDGE('',*,*,#5782,.T.);
#5785=ORIENTED_EDGE('',*,*,#5784,.F.);
#5787=ORIENTED_EDGE('',*,*,#5786,.F.);
#5789=ORIENTED_EDGE('',*,*,#5788,.F.);
#5791=ORIENTED_EDGE('',*,*,#5790,.F.);
#5793=ORIENTED_EDGE('',*,*,#5792,.F.);
#5795=ORIENTED_EDGE('',*,*,#5794,.F.);
#5797=ORIENTED_EDGE('',*,*,#5796,.T.);
#5799=ORIENTED_EDGE('',*,*,#5798,.T.);
#5800=ORIENTED_EDGE('',*,*,#5038,.T.);
#5801=EDGE_LOOP('',(#5761,#5763,#5765,#5767,#5768,#5770,#5771,#5773,#5775,#5777,
#5779,#5781,#5783,#5785,#5787,#5789,#5791,#5793,#5795,#5797,#5799,#5800));
#5802=FACE_OUTER_BOUND('',#5801,.F.);
#5804=CARTESIAN_POINT('',(-2.97E0,-7.E-1,-3.85E0));
#5805=DIRECTION('',(1.E0,0.E0,0.E0));
#5806=DIRECTION('',(0.E0,0.E0,1.E0));
#5807=AXIS2_PLACEMENT_3D('',#5804,#5805,#5806);
#5808=PLANE('',#5807);
#5810=ORIENTED_EDGE('',*,*,#5809,.F.);
#5811=ORIENTED_EDGE('',*,*,#5304,.F.);
#5812=ORIENTED_EDGE('',*,*,#5610,.F.);
#5813=ORIENTED_EDGE('',*,*,#5457,.T.);
#5814=EDGE_LOOP('',(#5810,#5811,#5812,#5813));
#5815=FACE_OUTER_BOUND('',#5814,.F.);
#5817=CARTESIAN_POINT('',(1.7E0,-7.85E-1,0.E0));
#5818=DIRECTION('',(0.E0,1.E0,0.E0));
#5819=DIRECTION('',(1.E0,0.E0,0.E0));
#5820=AXIS2_PLACEMENT_3D('',#5817,#5818,#5819);
#5821=PLANE('',#5820);
#5822=ORIENTED_EDGE('',*,*,#5809,.T.);
#5823=ORIENTED_EDGE('',*,*,#5455,.T.);
#5825=ORIENTED_EDGE('',*,*,#5824,.T.);
#5826=ORIENTED_EDGE('',*,*,#5306,.F.);
#5827=EDGE_LOOP('',(#5822,#5823,#5825,#5826));
#5828=FACE_OUTER_BOUND('',#5827,.F.);
#5830=CARTESIAN_POINT('',(1.7E0,-7.85E-1,0.E0));
#5831=DIRECTION('',(0.E0,1.E0,0.E0));
#5832=DIRECTION('',(1.E0,0.E0,0.E0));
#5833=AXIS2_PLACEMENT_3D('',#5830,#5831,#5832);
#5834=PLANE('',#5833);
#5836=ORIENTED_EDGE('',*,*,#5835,.T.);
#5837=ORIENTED_EDGE('',*,*,#5478,.T.);
#5839=ORIENTED_EDGE('',*,*,#5838,.T.);
#5840=ORIENTED_EDGE('',*,*,#5381,.F.);
#5841=EDGE_LOOP('',(#5836,#5837,#5839,#5840));
#5842=FACE_OUTER_BOUND('',#5841,.F.);
#5844=CARTESIAN_POINT('',(1.7E0,-7.85E-1,0.E0));
#5845=DIRECTION('',(0.E0,1.E0,0.E0));
#5846=DIRECTION('',(1.E0,0.E0,0.E0));
#5847=AXIS2_PLACEMENT_3D('',#5844,#5845,#5846);
#5848=PLANE('',#5847);
#5850=ORIENTED_EDGE('',*,*,#5849,.F.);
#5852=ORIENTED_EDGE('',*,*,#5851,.F.);
#5854=ORIENTED_EDGE('',*,*,#5853,.T.);
#5856=ORIENTED_EDGE('',*,*,#5855,.T.);
#5857=EDGE_LOOP('',(#5850,#5852,#5854,#5856));
#5858=FACE_OUTER_BOUND('',#5857,.F.);
#5860=CARTESIAN_POINT('',(1.7E0,-7.85E-1,0.E0));
#5861=DIRECTION('',(0.E0,1.E0,0.E0));
#5862=DIRECTION('',(1.E0,0.E0,0.E0));
#5863=AXIS2_PLACEMENT_3D('',#5860,#5861,#5862);
#5864=PLANE('',#5863);
#5866=ORIENTED_EDGE('',*,*,#5865,.F.);
#5868=ORIENTED_EDGE('',*,*,#5867,.T.);
#5870=ORIENTED_EDGE('',*,*,#5869,.T.);
#5872=ORIENTED_EDGE('',*,*,#5871,.F.);
#5873=EDGE_LOOP('',(#5866,#5868,#5870,#5872));
#5874=FACE_OUTER_BOUND('',#5873,.F.);
#5876=CARTESIAN_POINT('',(-1.95E0,-7.E-1,-1.25E0));
#5877=DIRECTION('',(-1.E0,0.E0,0.E0));
#5878=DIRECTION('',(0.E0,0.E0,-1.E0));
#5879=AXIS2_PLACEMENT_3D('',#5876,#5877,#5878);
#5880=PLANE('',#5879);
#5881=ORIENTED_EDGE('',*,*,#5824,.F.);
#5882=ORIENTED_EDGE('',*,*,#5453,.F.);
#5883=ORIENTED_EDGE('',*,*,#5668,.T.);
#5884=ORIENTED_EDGE('',*,*,#5308,.T.);
#5885=EDGE_LOOP('',(#5881,#5882,#5883,#5884));
#5886=FACE_OUTER_BOUND('',#5885,.F.);
#5888=CARTESIAN_POINT('',(-1.95E0,-7.E-1,-1.25E0));
#5889=DIRECTION('',(-1.E0,0.E0,0.E0));
#5890=DIRECTION('',(0.E0,0.E0,-1.E0));
#5891=AXIS2_PLACEMENT_3D('',#5888,#5889,#5890);
#5892=PLANE('',#5891);
#5893=ORIENTED_EDGE('',*,*,#5853,.F.);
#5895=ORIENTED_EDGE('',*,*,#5894,.F.);
#5896=ORIENTED_EDGE('',*,*,#5655,.T.);
#5898=ORIENTED_EDGE('',*,*,#5897,.T.);
#5899=EDGE_LOOP('',(#5893,#5895,#5896,#5898));
#5900=FACE_OUTER_BOUND('',#5899,.F.);
#5902=CARTESIAN_POINT('',(0.E0,0.E0,-3.75E0));
#5903=DIRECTION('',(0.E0,0.E0,-1.E0));
#5904=DIRECTION('',(-1.E0,0.E0,0.E0));
#5905=AXIS2_PLACEMENT_3D('',#5902,#5903,#5904);
#5906=PLANE('',#5905);
#5908=ORIENTED_EDGE('',*,*,#5907,.T.);
#5910=ORIENTED_EDGE('',*,*,#5909,.F.);
#5912=ORIENTED_EDGE('',*,*,#5911,.F.);
#5913=ORIENTED_EDGE('',*,*,#5130,.F.);
#5915=ORIENTED_EDGE('',*,*,#5914,.F.);
#5917=ORIENTED_EDGE('',*,*,#5916,.F.);
#5919=ORIENTED_EDGE('',*,*,#5918,.T.);
#5920=EDGE_LOOP('',(#5908,#5910,#5912,#5913,#5915,#5917,#5919));
#5921=FACE_OUTER_BOUND('',#5920,.F.);
#5923=CARTESIAN_POINT('',(0.E0,0.E0,-3.75E0));
#5924=DIRECTION('',(0.E0,0.E0,-1.E0));
#5925=DIRECTION('',(-1.E0,0.E0,0.E0));
#5926=AXIS2_PLACEMENT_3D('',#5923,#5924,#5925);
#5927=PLANE('',#5926);
#5929=ORIENTED_EDGE('',*,*,#5928,.T.);
#5931=ORIENTED_EDGE('',*,*,#5930,.F.);
#5933=ORIENTED_EDGE('',*,*,#5932,.F.);
#5935=ORIENTED_EDGE('',*,*,#5934,.F.);
#5936=ORIENTED_EDGE('',*,*,#5255,.F.);
#5938=ORIENTED_EDGE('',*,*,#5937,.T.);
#5940=ORIENTED_EDGE('',*,*,#5939,.T.);
#5941=EDGE_LOOP('',(#5929,#5931,#5933,#5935,#5936,#5938,#5940));
#5942=FACE_OUTER_BOUND('',#5941,.F.);
#5944=CARTESIAN_POINT('',(0.E0,0.E0,-3.75E0));
#5945=DIRECTION('',(0.E0,0.E0,-1.E0));
#5946=DIRECTION('',(-1.E0,0.E0,0.E0));
#5947=AXIS2_PLACEMENT_3D('',#5944,#5945,#5946);
#5948=PLANE('',#5947);
#5950=ORIENTED_EDGE('',*,*,#5949,.T.);
#5952=ORIENTED_EDGE('',*,*,#5951,.F.);
#5954=ORIENTED_EDGE('',*,*,#5953,.F.);
#5956=ORIENTED_EDGE('',*,*,#5955,.F.);
#5958=ORIENTED_EDGE('',*,*,#5957,.F.);
#5959=ORIENTED_EDGE('',*,*,#5657,.F.);
#5960=ORIENTED_EDGE('',*,*,#5894,.T.);
#5961=ORIENTED_EDGE('',*,*,#5851,.T.);
#5962=EDGE_LOOP('',(#5950,#5952,#5954,#5956,#5958,#5959,#5960,#5961));
#5963=FACE_OUTER_BOUND('',#5962,.F.);
#5965=CARTESIAN_POINT('',(0.E0,0.E0,-3.75E0));
#5966=DIRECTION('',(0.E0,0.E0,-1.E0));
#5967=DIRECTION('',(-1.E0,0.E0,0.E0));
#5968=AXIS2_PLACEMENT_3D('',#5965,#5966,#5967);
#5969=PLANE('',#5968);
#5971=ORIENTED_EDGE('',*,*,#5970,.T.);
#5972=ORIENTED_EDGE('',*,*,#5871,.T.);
#5974=ORIENTED_EDGE('',*,*,#5973,.F.);
#5975=ORIENTED_EDGE('',*,*,#5780,.F.);
#5977=ORIENTED_EDGE('',*,*,#5976,.F.);
#5979=ORIENTED_EDGE('',*,*,#5978,.F.);
#5981=ORIENTED_EDGE('',*,*,#5980,.F.);
#5983=ORIENTED_EDGE('',*,*,#5982,.T.);
#5984=EDGE_LOOP('',(#5971,#5972,#5974,#5975,#5977,#5979,#5981,#5983));
#5985=FACE_OUTER_BOUND('',#5984,.F.);
#5987=CARTESIAN_POINT('',(-2.099E0,3.6072E0,-3.85E0));
#5988=DIRECTION('',(0.E0,-1.E0,0.E0));
#5989=DIRECTION('',(0.E0,0.E0,1.E0));
#5990=AXIS2_PLACEMENT_3D('',#5987,#5988,#5989);
#5991=CYLINDRICAL_SURFACE('',#5990,1.E-1);
#5993=ORIENTED_EDGE('',*,*,#5992,.T.);
#5994=ORIENTED_EDGE('',*,*,#5907,.F.);
#5996=ORIENTED_EDGE('',*,*,#5995,.T.);
#5998=ORIENTED_EDGE('',*,*,#5997,.T.);
#5999=EDGE_LOOP('',(#5993,#5994,#5996,#5998));
#6000=FACE_OUTER_BOUND('',#5999,.F.);
#6002=CARTESIAN_POINT('',(1.7E0,7.85E-1,0.E0));
#6003=DIRECTION('',(0.E0,1.E0,0.E0));
#6004=DIRECTION('',(1.E0,0.E0,0.E0));
#6005=AXIS2_PLACEMENT_3D('',#6002,#6003,#6004);
#6006=PLANE('',#6005);
#6007=ORIENTED_EDGE('',*,*,#5329,.T.);
#6009=ORIENTED_EDGE('',*,*,#6008,.F.);
#6010=ORIENTED_EDGE('',*,*,#5436,.F.);
#6011=ORIENTED_EDGE('',*,*,#5286,.F.);
#6012=EDGE_LOOP('',(#6007,#6009,#6010,#6011));
#6013=FACE_OUTER_BOUND('',#6012,.F.);
#6015=CARTESIAN_POINT('',(1.7E0,7.85E-1,0.E0));
#6016=DIRECTION('',(0.E0,1.E0,0.E0));
#6017=DIRECTION('',(1.E0,0.E0,0.E0));
#6018=AXIS2_PLACEMENT_3D('',#6015,#6016,#6017);
#6019=PLANE('',#6018);
#6020=ORIENTED_EDGE('',*,*,#5497,.F.);
#6022=ORIENTED_EDGE('',*,*,#6021,.F.);
#6023=ORIENTED_EDGE('',*,*,#5358,.T.);
#6025=ORIENTED_EDGE('',*,*,#6024,.F.);
#6026=EDGE_LOOP('',(#6020,#6022,#6023,#6025));
#6027=FACE_OUTER_BOUND('',#6026,.F.);
#6029=CARTESIAN_POINT('',(1.7E0,7.85E-1,0.E0));
#6030=DIRECTION('',(0.E0,1.E0,0.E0));
#6031=DIRECTION('',(1.E0,0.E0,0.E0));
#6032=AXIS2_PLACEMENT_3D('',#6029,#6030,#6031);
#6033=PLANE('',#6032);
#6034=ORIENTED_EDGE('',*,*,#5992,.F.);
#6036=ORIENTED_EDGE('',*,*,#6035,.F.);
#6038=ORIENTED_EDGE('',*,*,#6037,.F.);
#6039=ORIENTED_EDGE('',*,*,#5909,.T.);
#6040=EDGE_LOOP('',(#6034,#6036,#6038,#6039));
#6041=FACE_OUTER_BOUND('',#6040,.F.);
#6043=CARTESIAN_POINT('',(1.7E0,7.85E-1,0.E0));
#6044=DIRECTION('',(0.E0,1.E0,0.E0));
#6045=DIRECTION('',(1.E0,0.E0,0.E0));
#6046=AXIS2_PLACEMENT_3D('',#6043,#6044,#6045);
#6047=PLANE('',#6046);
#6049=ORIENTED_EDGE('',*,*,#6048,.F.);
#6050=ORIENTED_EDGE('',*,*,#5939,.F.);
#6052=ORIENTED_EDGE('',*,*,#6051,.F.);
#6054=ORIENTED_EDGE('',*,*,#6053,.F.);
#6055=EDGE_LOOP('',(#6049,#6050,#6052,#6054));
#6056=FACE_OUTER_BOUND('',#6055,.F.);
#6058=CARTESIAN_POINT('',(-1.95E0,7.E-1,-1.25E0));
#6059=DIRECTION('',(1.E0,0.E0,0.E0));
#6060=DIRECTION('',(0.E0,0.E0,-1.E0));
#6061=AXIS2_PLACEMENT_3D('',#6058,#6059,#6060);
#6062=PLANE('',#6061);
#6063=ORIENTED_EDGE('',*,*,#5118,.F.);
#6064=ORIENTED_EDGE('',*,*,#5438,.T.);
#6065=ORIENTED_EDGE('',*,*,#6008,.T.);
#6066=ORIENTED_EDGE('',*,*,#5327,.F.);
#6067=EDGE_LOOP('',(#6063,#6064,#6065,#6066));
#6068=FACE_OUTER_BOUND('',#6067,.F.);
#6070=CARTESIAN_POINT('',(-1.95E0,7.E-1,-1.25E0));
#6071=DIRECTION('',(1.E0,0.E0,0.E0));
#6072=DIRECTION('',(0.E0,0.E0,-1.E0));
#6073=AXIS2_PLACEMENT_3D('',#6070,#6071,#6072);
#6074=PLANE('',#6073);
#6075=ORIENTED_EDGE('',*,*,#5132,.F.);
#6076=ORIENTED_EDGE('',*,*,#5911,.T.);
#6077=ORIENTED_EDGE('',*,*,#6037,.T.);
#6079=ORIENTED_EDGE('',*,*,#6078,.F.);
#6080=EDGE_LOOP('',(#6075,#6076,#6077,#6079));
#6081=FACE_OUTER_BOUND('',#6080,.F.);
#6083=CARTESIAN_POINT('',(-1.95E0,7.E-1,-3.85E0));
#6084=DIRECTION('',(0.E0,0.E0,-1.E0));
#6085=DIRECTION('',(-1.E0,0.E0,0.E0));
#6086=AXIS2_PLACEMENT_3D('',#6083,#6084,#6085);
#6087=PLANE('',#6086);
#6089=ORIENTED_EDGE('',*,*,#6088,.F.);
#6090=ORIENTED_EDGE('',*,*,#5134,.F.);
#6091=ORIENTED_EDGE('',*,*,#6078,.T.);
#6092=ORIENTED_EDGE('',*,*,#6035,.T.);
#6093=EDGE_LOOP('',(#6089,#6090,#6091,#6092));
#6094=FACE_OUTER_BOUND('',#6093,.F.);
#6096=CARTESIAN_POINT('',(-2.199E0,7.E-1,-4.E0));
#6097=DIRECTION('',(-1.E0,0.E0,0.E0));
#6098=DIRECTION('',(0.E0,1.E0,0.E0));
#6099=AXIS2_PLACEMENT_3D('',#6096,#6097,#6098);
#6100=PLANE('',#6099);
#6102=ORIENTED_EDGE('',*,*,#6101,.T.);
#6103=ORIENTED_EDGE('',*,*,#5136,.T.);
#6104=ORIENTED_EDGE('',*,*,#6088,.T.);
#6105=ORIENTED_EDGE('',*,*,#5997,.F.);
#6107=ORIENTED_EDGE('',*,*,#6106,.T.);
#6108=EDGE_LOOP('',(#6102,#6103,#6104,#6105,#6107));
#6109=FACE_OUTER_BOUND('',#6108,.F.);
#6111=CARTESIAN_POINT('',(-2.199E0,7.E-1,-4.E0));
#6112=DIRECTION('',(-1.E0,0.E0,0.E0));
#6113=DIRECTION('',(0.E0,1.E0,0.E0));
#6114=AXIS2_PLACEMENT_3D('',#6111,#6112,#6113);
#6115=PLANE('',#6114);
#6117=ORIENTED_EDGE('',*,*,#6116,.T.);
#6119=ORIENTED_EDGE('',*,*,#6118,.F.);
#6121=ORIENTED_EDGE('',*,*,#6120,.F.);
#6123=ORIENTED_EDGE('',*,*,#6122,.F.);
#6124=ORIENTED_EDGE('',*,*,#5651,.T.);
#6125=EDGE_LOOP('',(#6117,#6119,#6121,#6123,#6124));
#6126=FACE_OUTER_BOUND('',#6125,.F.);
#6128=CARTESIAN_POINT('',(-2.299E0,3.6072E0,-3.95E0));
#6129=DIRECTION('',(0.E0,-1.E0,0.E0));
#6130=DIRECTION('',(0.E0,0.E0,-1.E0));
#6131=AXIS2_PLACEMENT_3D('',#6128,#6129,#6130);
#6132=CYLINDRICAL_SURFACE('',#6131,1.E-1);
#6133=ORIENTED_EDGE('',*,*,#6101,.F.);
#6135=ORIENTED_EDGE('',*,*,#6134,.T.);
#6137=ORIENTED_EDGE('',*,*,#6136,.T.);
#6138=ORIENTED_EDGE('',*,*,#5138,.T.);
#6139=EDGE_LOOP('',(#6133,#6135,#6137,#6138));
#6140=FACE_OUTER_BOUND('',#6139,.F.);
#6142=CARTESIAN_POINT('',(-3.5E0,9.85E-1,-1.3E0));
#6143=DIRECTION('',(0.E0,1.E0,0.E0));
#6144=DIRECTION('',(1.E0,0.E0,0.E0));
#6145=AXIS2_PLACEMENT_3D('',#6142,#6143,#6144);
#6146=PLANE('',#6145);
#6147=ORIENTED_EDGE('',*,*,#6134,.F.);
#6148=ORIENTED_EDGE('',*,*,#6106,.F.);
#6149=ORIENTED_EDGE('',*,*,#5995,.F.);
#6150=ORIENTED_EDGE('',*,*,#5918,.F.);
#6152=ORIENTED_EDGE('',*,*,#6151,.F.);
#6154=ORIENTED_EDGE('',*,*,#6153,.F.);
#6156=ORIENTED_EDGE('',*,*,#6155,.F.);
#6158=ORIENTED_EDGE('',*,*,#6157,.F.);
#6159=ORIENTED_EDGE('',*,*,#5322,.F.);
#6161=ORIENTED_EDGE('',*,*,#6160,.T.);
#6163=ORIENTED_EDGE('',*,*,#6162,.T.);
#6165=ORIENTED_EDGE('',*,*,#6164,.F.);
#6167=ORIENTED_EDGE('',*,*,#6166,.F.);
#6169=ORIENTED_EDGE('',*,*,#6168,.F.);
#6170=EDGE_LOOP('',(#6147,#6148,#6149,#6150,#6152,#6154,#6156,#6158,#6159,#6161,
#6163,#6165,#6167,#6169));
#6171=FACE_OUTER_BOUND('',#6170,.F.);
#6173=CARTESIAN_POINT('',(-3.5E0,9.85E-1,-1.3E0));
#6174=DIRECTION('',(0.E0,1.E0,0.E0));
#6175=DIRECTION('',(1.E0,0.E0,0.E0));
#6176=AXIS2_PLACEMENT_3D('',#6173,#6174,#6175);
#6177=PLANE('',#6176);
#6179=ORIENTED_EDGE('',*,*,#6178,.F.);
#6181=ORIENTED_EDGE('',*,*,#6180,.F.);
#6183=ORIENTED_EDGE('',*,*,#6182,.F.);
#6185=ORIENTED_EDGE('',*,*,#6184,.F.);
#6187=ORIENTED_EDGE('',*,*,#6186,.T.);
#6189=ORIENTED_EDGE('',*,*,#6188,.F.);
#6190=ORIENTED_EDGE('',*,*,#5365,.F.);
#6192=ORIENTED_EDGE('',*,*,#6191,.F.);
#6194=ORIENTED_EDGE('',*,*,#6193,.F.);
#6196=ORIENTED_EDGE('',*,*,#6195,.F.);
#6198=ORIENTED_EDGE('',*,*,#6197,.T.);
#6199=ORIENTED_EDGE('',*,*,#5930,.T.);
#6201=ORIENTED_EDGE('',*,*,#6200,.F.);
#6203=ORIENTED_EDGE('',*,*,#6202,.F.);
#6204=EDGE_LOOP('',(#6179,#6181,#6183,#6185,#6187,#6189,#6190,#6192,#6194,#6196,
#6198,#6199,#6201,#6203));
#6205=FACE_OUTER_BOUND('',#6204,.F.);
#6207=CARTESIAN_POINT('',(-1.959957324001E0,7.65E-1,-1.3E0));
#6208=DIRECTION('',(0.E0,0.E0,-1.E0));
#6209=DIRECTION('',(1.E0,0.E0,0.E0));
#6210=AXIS2_PLACEMENT_3D('',#6207,#6208,#6209);
#6211=CYLINDRICAL_SURFACE('',#6210,2.2E-1);
#6213=ORIENTED_EDGE('',*,*,#6212,.F.);
#6214=ORIENTED_EDGE('',*,*,#6151,.T.);
#6215=ORIENTED_EDGE('',*,*,#5916,.T.);
#6217=ORIENTED_EDGE('',*,*,#6216,.F.);
#6218=EDGE_LOOP('',(#6213,#6214,#6215,#6217));
#6219=FACE_OUTER_BOUND('',#6218,.F.);
#6221=CARTESIAN_POINT('',(-1.72E0,9.85E-1,-1.85E0));
#6222=DIRECTION('',(0.E0,0.E0,-1.E0));
#6223=DIRECTION('',(-1.E0,0.E0,0.E0));
#6224=AXIS2_PLACEMENT_3D('',#6221,#6222,#6223);
#6225=PLANE('',#6224);
#6226=ORIENTED_EDGE('',*,*,#6212,.T.);
#6228=ORIENTED_EDGE('',*,*,#6227,.T.);
#6230=ORIENTED_EDGE('',*,*,#6229,.F.);
#6231=ORIENTED_EDGE('',*,*,#6153,.T.);
#6232=EDGE_LOOP('',(#6226,#6228,#6230,#6231));
#6233=FACE_OUTER_BOUND('',#6232,.F.);
#6235=CARTESIAN_POINT('',(-1.753224947428E0,8.402444315316E-1,-1.3E0));
#6236=DIRECTION('',(9.396926207859E-1,3.420201433257E-1,0.E0));
#6237=DIRECTION('',(3.420201433257E-1,-9.396926207859E-1,0.E0));
#6238=AXIS2_PLACEMENT_3D('',#6235,#6236,#6237);
#6239=PLANE('',#6238);
#6240=ORIENTED_EDGE('',*,*,#6227,.F.);
#6241=ORIENTED_EDGE('',*,*,#6216,.T.);
#6242=ORIENTED_EDGE('',*,*,#5914,.T.);
#6243=ORIENTED_EDGE('',*,*,#5128,.F.);
#6245=ORIENTED_EDGE('',*,*,#6244,.F.);
#6246=EDGE_LOOP('',(#6240,#6241,#6242,#6243,#6245));
#6247=FACE_OUTER_BOUND('',#6246,.F.);
#6249=CARTESIAN_POINT('',(0.E0,0.E0,-1.85E0));
#6250=DIRECTION('',(0.E0,0.E0,1.E0));
#6251=DIRECTION('',(1.E0,0.E0,0.E0));
#6252=AXIS2_PLACEMENT_3D('',#6249,#6250,#6251);
#6253=PLANE('',#6252);
#6255=ORIENTED_EDGE('',*,*,#6254,.T.);
#6256=ORIENTED_EDGE('',*,*,#6244,.T.);
#6257=ORIENTED_EDGE('',*,*,#5126,.F.);
#6258=EDGE_LOOP('',(#6255,#6256,#6257));
#6259=FACE_OUTER_BOUND('',#6258,.F.);
#6261=CARTESIAN_POINT('',(0.E0,0.E0,-1.85E0));
#6262=DIRECTION('',(0.E0,0.E0,1.E0));
#6263=DIRECTION('',(1.E0,0.E0,0.E0));
#6264=AXIS2_PLACEMENT_3D('',#6261,#6262,#6263);
#6265=PLANE('',#6264);
#6267=ORIENTED_EDGE('',*,*,#6266,.F.);
#6268=ORIENTED_EDGE('',*,*,#5259,.F.);
#6270=ORIENTED_EDGE('',*,*,#6269,.T.);
#6271=EDGE_LOOP('',(#6267,#6268,#6270));
#6272=FACE_OUTER_BOUND('',#6271,.F.);
#6274=CARTESIAN_POINT('',(-1.72E0,9.85E-1,-1.5E0));
#6275=DIRECTION('',(1.E0,0.E0,0.E0));
#6276=DIRECTION('',(0.E0,0.E0,-1.E0));
#6277=AXIS2_PLACEMENT_3D('',#6274,#6275,#6276);
#6278=PLANE('',#6277);
#6279=ORIENTED_EDGE('',*,*,#5124,.F.);
#6281=ORIENTED_EDGE('',*,*,#6280,.F.);
#6282=ORIENTED_EDGE('',*,*,#6155,.T.);
#6283=ORIENTED_EDGE('',*,*,#6229,.T.);
#6284=ORIENTED_EDGE('',*,*,#6254,.F.);
#6285=EDGE_LOOP('',(#6279,#6281,#6282,#6283,#6284));
#6286=FACE_OUTER_BOUND('',#6285,.F.);
#6288=CARTESIAN_POINT('',(-1.92E0,9.85E-1,-1.5E0));
#6289=DIRECTION('',(0.E0,1.E0,0.E0));
#6290=DIRECTION('',(1.E0,0.E0,0.E0));
#6291=AXIS2_PLACEMENT_3D('',#6288,#6289,#6290);
#6292=CYLINDRICAL_SURFACE('',#6291,2.E-1);
#6293=ORIENTED_EDGE('',*,*,#5122,.F.);
#6294=ORIENTED_EDGE('',*,*,#5324,.F.);
#6295=ORIENTED_EDGE('',*,*,#6157,.T.);
#6296=ORIENTED_EDGE('',*,*,#6280,.T.);
#6297=EDGE_LOOP('',(#6293,#6294,#6295,#6296));
#6298=FACE_OUTER_BOUND('',#6297,.F.);
#6300=CARTESIAN_POINT('',(1.72E0,9.85E-1,-1.85E0));
#6301=DIRECTION('',(-1.E0,0.E0,0.E0));
#6302=DIRECTION('',(0.E0,0.E0,1.E0));
#6303=AXIS2_PLACEMENT_3D('',#6300,#6301,#6302);
#6304=PLANE('',#6303);
#6305=ORIENTED_EDGE('',*,*,#5261,.F.);
#6306=ORIENTED_EDGE('',*,*,#6266,.T.);
#6308=ORIENTED_EDGE('',*,*,#6307,.F.);
#6309=ORIENTED_EDGE('',*,*,#6193,.T.);
#6311=ORIENTED_EDGE('',*,*,#6310,.T.);
#6312=EDGE_LOOP('',(#6305,#6306,#6308,#6309,#6311));
#6313=FACE_OUTER_BOUND('',#6312,.F.);
#6315=CARTESIAN_POINT('',(1.96E0,9.85E-1,-1.85E0));
#6316=DIRECTION('',(0.E0,0.E0,-1.E0));
#6317=DIRECTION('',(-1.E0,0.E0,0.E0));
#6318=AXIS2_PLACEMENT_3D('',#6315,#6316,#6317);
#6319=PLANE('',#6318);
#6321=ORIENTED_EDGE('',*,*,#6320,.T.);
#6323=ORIENTED_EDGE('',*,*,#6322,.T.);
#6324=ORIENTED_EDGE('',*,*,#6195,.T.);
#6325=ORIENTED_EDGE('',*,*,#6307,.T.);
#6326=EDGE_LOOP('',(#6321,#6323,#6324,#6325));
#6327=FACE_OUTER_BOUND('',#6326,.F.);
#6329=CARTESIAN_POINT('',(1.699971355665E0,6.939313906588E-1,-1.3E0));
#6330=DIRECTION('',(-9.396926207859E-1,3.420201433257E-1,0.E0));
#6331=DIRECTION('',(3.420201433257E-1,9.396926207859E-1,0.E0));
#6332=AXIS2_PLACEMENT_3D('',#6329,#6330,#6331);
#6333=PLANE('',#6332);
#6334=ORIENTED_EDGE('',*,*,#6320,.F.);
#6335=ORIENTED_EDGE('',*,*,#6269,.F.);
#6336=ORIENTED_EDGE('',*,*,#5257,.T.);
#6337=ORIENTED_EDGE('',*,*,#5934,.T.);
#6339=ORIENTED_EDGE('',*,*,#6338,.F.);
#6340=EDGE_LOOP('',(#6334,#6335,#6336,#6337,#6339));
#6341=FACE_OUTER_BOUND('',#6340,.F.);
#6343=CARTESIAN_POINT('',(1.959957324001E0,7.65E-1,-1.3E0));
#6344=DIRECTION('',(0.E0,0.E0,-1.E0));
#6345=DIRECTION('',(1.E0,0.E0,0.E0));
#6346=AXIS2_PLACEMENT_3D('',#6343,#6344,#6345);
#6347=CYLINDRICAL_SURFACE('',#6346,2.2E-1);
#6348=ORIENTED_EDGE('',*,*,#6322,.F.);
#6349=ORIENTED_EDGE('',*,*,#6338,.T.);
#6350=ORIENTED_EDGE('',*,*,#5932,.T.);
#6351=ORIENTED_EDGE('',*,*,#6197,.F.);
#6352=EDGE_LOOP('',(#6348,#6349,#6350,#6351));
#6353=FACE_OUTER_BOUND('',#6352,.F.);
#6355=CARTESIAN_POINT('',(1.92E0,9.85E-1,-1.5E0));
#6356=DIRECTION('',(0.E0,1.E0,0.E0));
#6357=DIRECTION('',(1.E0,0.E0,0.E0));
#6358=AXIS2_PLACEMENT_3D('',#6355,#6356,#6357);
#6359=CYLINDRICAL_SURFACE('',#6358,2.E-1);
#6360=ORIENTED_EDGE('',*,*,#5263,.F.);
#6361=ORIENTED_EDGE('',*,*,#6310,.F.);
#6362=ORIENTED_EDGE('',*,*,#6191,.T.);
#6363=ORIENTED_EDGE('',*,*,#5363,.T.);
#6364=EDGE_LOOP('',(#6360,#6361,#6362,#6363));
#6365=FACE_OUTER_BOUND('',#6364,.F.);
#6367=CARTESIAN_POINT('',(-3.5E0,7.35E-1,-1.3E0));
#6368=DIRECTION('',(0.E0,0.E0,-1.E0));
#6369=DIRECTION('',(1.E0,0.E0,0.E0));
#6370=AXIS2_PLACEMENT_3D('',#6367,#6368,#6369);
#6371=CYLINDRICAL_SURFACE('',#6370,2.5E-1);
#6372=ORIENTED_EDGE('',*,*,#5320,.F.);
#6374=ORIENTED_EDGE('',*,*,#6373,.T.);
#6376=ORIENTED_EDGE('',*,*,#6375,.T.);
#6377=ORIENTED_EDGE('',*,*,#6160,.F.);
#6378=EDGE_LOOP('',(#6372,#6374,#6376,#6377));
#6379=FACE_OUTER_BOUND('',#6378,.F.);
#6381=CARTESIAN_POINT('',(-3.75E0,-7.35E-1,-1.3E0));
#6382=DIRECTION('',(-1.E0,0.E0,0.E0));
#6383=DIRECTION('',(0.E0,1.E0,0.E0));
#6384=AXIS2_PLACEMENT_3D('',#6381,#6382,#6383);
#6385=PLANE('',#6384);
#6387=ORIENTED_EDGE('',*,*,#6386,.T.);
#6389=ORIENTED_EDGE('',*,*,#6388,.F.);
#6391=ORIENTED_EDGE('',*,*,#6390,.T.);
#6392=ORIENTED_EDGE('',*,*,#6373,.F.);
#6393=ORIENTED_EDGE('',*,*,#5318,.F.);
#6395=ORIENTED_EDGE('',*,*,#6394,.T.);
#6397=ORIENTED_EDGE('',*,*,#6396,.T.);
#6399=ORIENTED_EDGE('',*,*,#6398,.T.);
#6400=EDGE_LOOP('',(#6387,#6389,#6391,#6392,#6393,#6395,#6397,#6399));
#6401=FACE_OUTER_BOUND('',#6400,.F.);
#6403=CARTESIAN_POINT('',(-3.5E0,-3.6072E0,-4.1E0));
#6404=DIRECTION('',(0.E0,1.E0,0.E0));
#6405=DIRECTION('',(0.E0,0.E0,-1.E0));
#6406=AXIS2_PLACEMENT_3D('',#6403,#6404,#6405);
#6407=CYLINDRICAL_SURFACE('',#6406,2.5E-1);
#6409=ORIENTED_EDGE('',*,*,#6408,.T.);
#6411=ORIENTED_EDGE('',*,*,#6410,.T.);
#6412=ORIENTED_EDGE('',*,*,#6386,.F.);
#6414=ORIENTED_EDGE('',*,*,#6413,.T.);
#6416=ORIENTED_EDGE('',*,*,#6415,.T.);
#6418=ORIENTED_EDGE('',*,*,#6417,.T.);
#6419=EDGE_LOOP('',(#6409,#6411,#6412,#6414,#6416,#6418));
#6420=FACE_OUTER_BOUND('',#6419,.F.);
#6422=CARTESIAN_POINT('',(-3.500414981820E0,4.059827725171E-1,-3.158E0));
#6423=CARTESIAN_POINT('',(-3.500135966309E0,4.040052381997E-1,-3.158E0));
#6424=CARTESIAN_POINT('',(-3.499800471153E0,3.990679481106E-1,-3.158E0));
#6425=CARTESIAN_POINT('',(-3.500606229311E0,3.909540544612E-1,-3.158E0));
#6426=CARTESIAN_POINT('',(-3.503375710121E0,3.817547099878E-1,-3.158E0));
#6427=CARTESIAN_POINT('',(-3.508204144816E0,3.723660721763E-1,-3.158E0));
#6428=CARTESIAN_POINT('',(-3.515265538640E0,3.629127132897E-1,-3.158E0));
#6429=CARTESIAN_POINT('',(-3.524688771039E0,3.535682786233E-1,-3.158E0));
#6430=CARTESIAN_POINT('',(-3.536467814200E0,3.444598083565E-1,-3.158E0));
#6431=CARTESIAN_POINT('',(-3.550601915101E0,3.357014380108E-1,-3.158E0));
#6432=CARTESIAN_POINT('',(-3.567127878335E0,3.274303462586E-1,-3.158E0));
#6433=CARTESIAN_POINT('',(-3.586042142811E0,3.198041353658E-1,-3.158E0));
#6434=CARTESIAN_POINT('',(-3.607053403398E0,3.129829597309E-1,-3.158E0));
#6435=CARTESIAN_POINT('',(-3.629328596168E0,3.073250790375E-1,-3.158E0));
#6436=CARTESIAN_POINT('',(-3.651651186812E0,3.031798496252E-1,-3.158E0));
#6437=CARTESIAN_POINT('',(-3.672739116797E0,3.006508214621E-1,-3.158E0));
#6438=CARTESIAN_POINT('',(-3.688278209371E0,2.999037964869E-1,-3.158E0));
#6439=CARTESIAN_POINT('',(-3.696654702748E0,3.000301890349E-1,-3.158E0));
#6440=CARTESIAN_POINT('',(-3.698654692226E0,3.000934444427E-1,-3.158E0));
#6442=DIRECTION('',(0.E0,0.E0,-1.E0));
#6443=VECTOR('',#6442,1.E0);
#6444=SURFACE_OF_LINEAR_EXTRUSION('',#6441,#6443);
#6445=ORIENTED_EDGE('',*,*,#6408,.F.);
#6447=ORIENTED_EDGE('',*,*,#6446,.F.);
#6449=ORIENTED_EDGE('',*,*,#6448,.T.);
#6451=ORIENTED_EDGE('',*,*,#6450,.T.);
#6452=EDGE_LOOP('',(#6445,#6447,#6449,#6451));
#6453=FACE_OUTER_BOUND('',#6452,.F.);
#6455=CARTESIAN_POINT('',(-3.5E0,4.E-1,-3.158E0));
#6456=DIRECTION('',(-1.E0,0.E0,0.E0));
#6457=DIRECTION('',(0.E0,1.E0,0.E0));
#6458=AXIS2_PLACEMENT_3D('',#6455,#6456,#6457);
#6459=PLANE('',#6458);
#6461=ORIENTED_EDGE('',*,*,#6460,.T.);
#6463=ORIENTED_EDGE('',*,*,#6462,.F.);
#6465=ORIENTED_EDGE('',*,*,#6464,.F.);
#6466=ORIENTED_EDGE('',*,*,#6446,.T.);
#6467=EDGE_LOOP('',(#6461,#6463,#6465,#6466));
#6468=FACE_OUTER_BOUND('',#6467,.F.);
#6470=CARTESIAN_POINT('',(1.7E0,0.E0,-4.35E0));
#6471=DIRECTION('',(0.E0,0.E0,-1.E0));
#6472=DIRECTION('',(1.E0,0.E0,0.E0));
#6473=AXIS2_PLACEMENT_3D('',#6470,#6471,#6472);
#6474=PLANE('',#6473);
#6476=ORIENTED_EDGE('',*,*,#6475,.F.);
#6478=ORIENTED_EDGE('',*,*,#6477,.F.);
#6480=ORIENTED_EDGE('',*,*,#6479,.F.);
#6482=ORIENTED_EDGE('',*,*,#6481,.F.);
#6484=ORIENTED_EDGE('',*,*,#6483,.F.);
#6486=ORIENTED_EDGE('',*,*,#6485,.F.);
#6488=ORIENTED_EDGE('',*,*,#6487,.F.);
#6490=ORIENTED_EDGE('',*,*,#6489,.F.);
#6492=ORIENTED_EDGE('',*,*,#6491,.F.);
#6494=ORIENTED_EDGE('',*,*,#6493,.F.);
#6496=ORIENTED_EDGE('',*,*,#6495,.F.);
#6498=ORIENTED_EDGE('',*,*,#6497,.F.);
#6500=ORIENTED_EDGE('',*,*,#6499,.F.);
#6502=ORIENTED_EDGE('',*,*,#6501,.F.);
#6504=ORIENTED_EDGE('',*,*,#6503,.F.);
#6506=ORIENTED_EDGE('',*,*,#6505,.F.);
#6508=ORIENTED_EDGE('',*,*,#6507,.F.);
#6510=ORIENTED_EDGE('',*,*,#6509,.F.);
#6511=EDGE_LOOP('',(#6476,#6478,#6480,#6482,#6484,#6486,#6488,#6490,#6492,#6494,
#6496,#6498,#6500,#6502,#6504,#6506,#6508,#6510));
#6512=FACE_OUTER_BOUND('',#6511,.F.);
#6514=CARTESIAN_POINT('',(1.7E0,0.E0,-4.35E0));
#6515=DIRECTION('',(0.E0,0.E0,-1.E0));
#6516=DIRECTION('',(1.E0,0.E0,0.E0));
#6517=AXIS2_PLACEMENT_3D('',#6514,#6515,#6516);
#6518=PLANE('',#6517);
#6519=ORIENTED_EDGE('',*,*,#6417,.F.);
#6521=ORIENTED_EDGE('',*,*,#6520,.F.);
#6523=ORIENTED_EDGE('',*,*,#6522,.F.);
#6525=ORIENTED_EDGE('',*,*,#6524,.F.);
#6527=ORIENTED_EDGE('',*,*,#6526,.F.);
#6529=ORIENTED_EDGE('',*,*,#6528,.F.);
#6531=ORIENTED_EDGE('',*,*,#6530,.F.);
#6533=ORIENTED_EDGE('',*,*,#6532,.F.);
#6535=ORIENTED_EDGE('',*,*,#6534,.F.);
#6537=ORIENTED_EDGE('',*,*,#6536,.F.);
#6539=ORIENTED_EDGE('',*,*,#6538,.F.);
#6541=ORIENTED_EDGE('',*,*,#6540,.F.);
#6543=ORIENTED_EDGE('',*,*,#6542,.F.);
#6545=ORIENTED_EDGE('',*,*,#6544,.F.);
#6547=ORIENTED_EDGE('',*,*,#6546,.F.);
#6549=ORIENTED_EDGE('',*,*,#6548,.F.);
#6551=ORIENTED_EDGE('',*,*,#6550,.F.);
#6552=ORIENTED_EDGE('',*,*,#6460,.F.);
#6553=EDGE_LOOP('',(#6519,#6521,#6523,#6525,#6527,#6529,#6531,#6533,#6535,#6537,
#6539,#6541,#6543,#6545,#6547,#6549,#6551,#6552));
#6554=FACE_OUTER_BOUND('',#6553,.F.);
#6556=CARTESIAN_POINT('',(3.5E0,3.6072E0,-4.1E0));
#6557=DIRECTION('',(0.E0,-1.E0,0.E0));
#6558=DIRECTION('',(0.E0,0.E0,-1.E0));
#6559=AXIS2_PLACEMENT_3D('',#6556,#6557,#6558);
#6560=CYLINDRICAL_SURFACE('',#6559,2.5E-1);
#6562=ORIENTED_EDGE('',*,*,#6561,.T.);
#6564=ORIENTED_EDGE('',*,*,#6563,.T.);
#6566=ORIENTED_EDGE('',*,*,#6565,.F.);
#6568=ORIENTED_EDGE('',*,*,#6567,.T.);
#6570=ORIENTED_EDGE('',*,*,#6569,.T.);
#6571=ORIENTED_EDGE('',*,*,#6475,.T.);
#6572=EDGE_LOOP('',(#6562,#6564,#6566,#6568,#6570,#6571));
#6573=FACE_OUTER_BOUND('',#6572,.F.);
#6575=CARTESIAN_POINT('',(3.698655296642E0,-3.000934632200E-1,-3.158E0));
#6576=CARTESIAN_POINT('',(3.696655105860E0,-3.000301950310E-1,-3.158E0));
#6577=CARTESIAN_POINT('',(3.688278131579E0,-2.999037828551E-1,-3.158E0));
#6578=CARTESIAN_POINT('',(3.672739244354E0,-3.006508285254E-1,-3.158E0));
#6579=CARTESIAN_POINT('',(3.651651864318E0,-3.031797706800E-1,-3.158E0));
#6580=CARTESIAN_POINT('',(3.629329419732E0,-3.073248809863E-1,-3.158E0));
#6581=CARTESIAN_POINT('',(3.607053738248E0,-3.129828410735E-1,-3.158E0));
#6582=CARTESIAN_POINT('',(3.586042329506E0,-3.198040852508E-1,-3.158E0));
#6583=CARTESIAN_POINT('',(3.567129781854E0,-3.274295736679E-1,-3.158E0));
#6584=CARTESIAN_POINT('',(3.550605925668E0,-3.356993257493E-1,-3.158E0));
#6585=CARTESIAN_POINT('',(3.536473846062E0,-3.444557557883E-1,-3.158E0));
#6586=CARTESIAN_POINT('',(3.524697006662E0,-3.535613879521E-1,-3.158E0));
#6587=CARTESIAN_POINT('',(3.515274409293E0,-3.629028931170E-1,-3.158E0));
#6588=CARTESIAN_POINT('',(3.508212181626E0,-3.723533768046E-1,-3.158E0));
#6589=CARTESIAN_POINT('',(3.503380072743E0,-3.817435173289E-1,-3.158E0));
#6590=CARTESIAN_POINT('',(3.500607170963E0,-3.909469783471E-1,-3.158E0));
#6591=CARTESIAN_POINT('',(3.499800989362E0,-3.990590828702E-1,-3.158E0));
#6592=CARTESIAN_POINT('',(3.500135060861E0,-4.039918547525E-1,-3.158E0));
#6593=CARTESIAN_POINT('',(3.500412198087E0,-4.059629308139E-1,-3.158E0));
#6595=DIRECTION('',(0.E0,0.E0,-1.E0));
#6596=VECTOR('',#6595,1.E0);
#6597=SURFACE_OF_LINEAR_EXTRUSION('',#6594,#6596);
#6598=ORIENTED_EDGE('',*,*,#6561,.F.);
#6600=ORIENTED_EDGE('',*,*,#6599,.F.);
#6602=ORIENTED_EDGE('',*,*,#6601,.F.);
#6604=ORIENTED_EDGE('',*,*,#6603,.T.);
#6605=EDGE_LOOP('',(#6598,#6600,#6602,#6604));
#6606=FACE_OUTER_BOUND('',#6605,.F.);
#6608=CARTESIAN_POINT('',(3.5E0,-4.E-1,-3.158E0));
#6609=DIRECTION('',(1.E0,0.E0,0.E0));
#6610=DIRECTION('',(0.E0,-1.E0,0.E0));
#6611=AXIS2_PLACEMENT_3D('',#6608,#6609,#6610);
#6612=PLANE('',#6611);
#6613=ORIENTED_EDGE('',*,*,#6509,.T.);
#6615=ORIENTED_EDGE('',*,*,#6614,.F.);
#6617=ORIENTED_EDGE('',*,*,#6616,.F.);
#6618=ORIENTED_EDGE('',*,*,#6599,.T.);
#6619=EDGE_LOOP('',(#6613,#6615,#6617,#6618));
#6620=FACE_OUTER_BOUND('',#6619,.F.);
#6622=CARTESIAN_POINT('',(3.4E0,-4.25E-1,-3.158E0));
#6623=DIRECTION('',(0.E0,0.E0,-1.E0));
#6624=DIRECTION('',(1.E0,0.E0,0.E0));
#6625=AXIS2_PLACEMENT_3D('',#6622,#6623,#6624);
#6626=CYLINDRICAL_SURFACE('',#6625,1.E-1);
#6628=ORIENTED_EDGE('',*,*,#6627,.F.);
#6629=ORIENTED_EDGE('',*,*,#6614,.T.);
#6630=ORIENTED_EDGE('',*,*,#6507,.T.);
#6632=ORIENTED_EDGE('',*,*,#6631,.F.);
#6633=EDGE_LOOP('',(#6628,#6629,#6630,#6632));
#6634=FACE_OUTER_BOUND('',#6633,.F.);
#6636=CARTESIAN_POINT('',(0.E0,0.E0,-4.E0));
#6637=DIRECTION('',(0.E0,0.E0,-1.E0));
#6638=DIRECTION('',(1.E0,0.E0,0.E0));
#6639=AXIS2_PLACEMENT_3D('',#6636,#6637,#6638);
#6640=PLANE('',#6639);
#6641=ORIENTED_EDGE('',*,*,#5598,.T.);
#6643=ORIENTED_EDGE('',*,*,#6642,.T.);
#6645=ORIENTED_EDGE('',*,*,#6644,.T.);
#6647=ORIENTED_EDGE('',*,*,#6646,.T.);
#6649=ORIENTED_EDGE('',*,*,#6648,.F.);
#6651=ORIENTED_EDGE('',*,*,#6650,.F.);
#6652=ORIENTED_EDGE('',*,*,#6396,.F.);
#6654=ORIENTED_EDGE('',*,*,#6653,.F.);
#6656=ORIENTED_EDGE('',*,*,#6655,.F.);
#6658=ORIENTED_EDGE('',*,*,#6657,.F.);
#6659=ORIENTED_EDGE('',*,*,#5641,.F.);
#6660=EDGE_LOOP('',(#6641,#6643,#6645,#6647,#6649,#6651,#6652,#6654,#6656,#6658,
#6659));
#6661=FACE_OUTER_BOUND('',#6660,.F.);
#6663=CARTESIAN_POINT('',(0.E0,0.E0,-4.E0));
#6664=DIRECTION('',(0.E0,0.E0,-1.E0));
#6665=DIRECTION('',(1.E0,0.E0,0.E0));
#6666=AXIS2_PLACEMENT_3D('',#6663,#6664,#6665);
#6667=PLANE('',#6666);
#6668=ORIENTED_EDGE('',*,*,#5583,.T.);
#6669=ORIENTED_EDGE('',*,*,#5146,.T.);
#6671=ORIENTED_EDGE('',*,*,#6670,.F.);
#6672=ORIENTED_EDGE('',*,*,#6162,.F.);
#6673=ORIENTED_EDGE('',*,*,#6375,.F.);
#6674=ORIENTED_EDGE('',*,*,#6390,.F.);
#6676=ORIENTED_EDGE('',*,*,#6675,.T.);
#6677=ORIENTED_EDGE('',*,*,#6448,.F.);
#6678=ORIENTED_EDGE('',*,*,#6464,.T.);
#6680=ORIENTED_EDGE('',*,*,#6679,.T.);
#6682=ORIENTED_EDGE('',*,*,#6681,.T.);
#6683=EDGE_LOOP('',(#6668,#6669,#6671,#6672,#6673,#6674,#6676,#6677,#6678,#6680,
#6682));
#6684=FACE_OUTER_BOUND('',#6683,.F.);
#6686=CARTESIAN_POINT('',(0.E0,0.E0,-4.E0));
#6687=DIRECTION('',(0.E0,0.E0,-1.E0));
#6688=DIRECTION('',(1.E0,0.E0,0.E0));
#6689=AXIS2_PLACEMENT_3D('',#6686,#6687,#6688);
#6690=PLANE('',#6689);
#6692=ORIENTED_EDGE('',*,*,#6691,.T.);
#6693=ORIENTED_EDGE('',*,*,#6601,.T.);
#6694=ORIENTED_EDGE('',*,*,#6616,.T.);
#6695=ORIENTED_EDGE('',*,*,#6627,.T.);
#6697=ORIENTED_EDGE('',*,*,#6696,.T.);
#6699=ORIENTED_EDGE('',*,*,#6698,.F.);
#6700=ORIENTED_EDGE('',*,*,#5796,.F.);
#6702=ORIENTED_EDGE('',*,*,#6701,.T.);
#6704=ORIENTED_EDGE('',*,*,#6703,.F.);
#6706=ORIENTED_EDGE('',*,*,#6705,.F.);
#6708=ORIENTED_EDGE('',*,*,#6707,.F.);
#6709=EDGE_LOOP('',(#6692,#6693,#6694,#6695,#6697,#6699,#6700,#6702,#6704,#6706,
#6708));
#6710=FACE_OUTER_BOUND('',#6709,.F.);
#6712=CARTESIAN_POINT('',(0.E0,0.E0,-4.E0));
#6713=DIRECTION('',(0.E0,0.E0,-1.E0));
#6714=DIRECTION('',(1.E0,0.E0,0.E0));
#6715=AXIS2_PLACEMENT_3D('',#6712,#6713,#6714);
#6716=PLANE('',#6715);
#6718=ORIENTED_EDGE('',*,*,#6717,.T.);
#6720=ORIENTED_EDGE('',*,*,#6719,.T.);
#6722=ORIENTED_EDGE('',*,*,#6721,.T.);
#6724=ORIENTED_EDGE('',*,*,#6723,.T.);
#6726=ORIENTED_EDGE('',*,*,#6725,.F.);
#6728=ORIENTED_EDGE('',*,*,#6727,.F.);
#6730=ORIENTED_EDGE('',*,*,#6729,.F.);
#6731=ORIENTED_EDGE('',*,*,#6186,.F.);
#6733=ORIENTED_EDGE('',*,*,#6732,.T.);
#6734=ORIENTED_EDGE('',*,*,#5239,.T.);
#6736=ORIENTED_EDGE('',*,*,#6735,.F.);
#6737=EDGE_LOOP('',(#6718,#6720,#6722,#6724,#6726,#6728,#6730,#6731,#6733,#6734,
#6736));
#6738=FACE_OUTER_BOUND('',#6737,.F.);
#6740=CARTESIAN_POINT('',(-3.320710678119E0,-6.457106781187E-1,-3.158E0));
#6741=DIRECTION('',(-7.071067811865E-1,-7.071067811865E-1,0.E0));
#6742=DIRECTION('',(-7.071067811865E-1,7.071067811865E-1,0.E0));
#6743=AXIS2_PLACEMENT_3D('',#6740,#6741,#6742);
#6744=PLANE('',#6743);
#6745=ORIENTED_EDGE('',*,*,#4987,.T.);
#6747=ORIENTED_EDGE('',*,*,#6746,.T.);
#6748=ORIENTED_EDGE('',*,*,#6524,.T.);
#6750=ORIENTED_EDGE('',*,*,#6749,.F.);
#6751=ORIENTED_EDGE('',*,*,#6642,.F.);
#6752=ORIENTED_EDGE('',*,*,#5596,.F.);
#6753=EDGE_LOOP('',(#6745,#6747,#6748,#6750,#6751,#6752));
#6754=FACE_OUTER_BOUND('',#6753,.F.);
#6756=CARTESIAN_POINT('',(-3.25E0,-5.75E-1,-3.158E0));
#6757=DIRECTION('',(0.E0,0.E0,-1.E0));
#6758=DIRECTION('',(1.E0,0.E0,0.E0));
#6759=AXIS2_PLACEMENT_3D('',#6756,#6757,#6758);
#6760=CYLINDRICAL_SURFACE('',#6759,1.E-1);
#6761=ORIENTED_EDGE('',*,*,#4985,.F.);
#6763=ORIENTED_EDGE('',*,*,#6762,.T.);
#6764=ORIENTED_EDGE('',*,*,#6526,.T.);
#6765=ORIENTED_EDGE('',*,*,#6746,.F.);
#6766=EDGE_LOOP('',(#6761,#6763,#6764,#6765));
#6767=FACE_OUTER_BOUND('',#6766,.F.);
#6769=CARTESIAN_POINT('',(-2.349802646526E0,-6.75E-1,-3.158E0));
#6770=DIRECTION('',(0.E0,-1.E0,0.E0));
#6771=DIRECTION('',(-1.E0,0.E0,0.E0));
#6772=AXIS2_PLACEMENT_3D('',#6769,#6770,#6771);
#6773=PLANE('',#6772);
#6774=ORIENTED_EDGE('',*,*,#4983,.F.);
#6776=ORIENTED_EDGE('',*,*,#6775,.T.);
#6777=ORIENTED_EDGE('',*,*,#6528,.T.);
#6778=ORIENTED_EDGE('',*,*,#6762,.F.);
#6779=EDGE_LOOP('',(#6774,#6776,#6777,#6778));
#6780=FACE_OUTER_BOUND('',#6779,.F.);
#6782=CARTESIAN_POINT('',(-2.349802646526E0,-4.75E-1,-3.158E0));
#6783=DIRECTION('',(0.E0,0.E0,-1.E0));
#6784=DIRECTION('',(1.E0,0.E0,0.E0));
#6785=AXIS2_PLACEMENT_3D('',#6782,#6783,#6784);
#6786=CYLINDRICAL_SURFACE('',#6785,2.E-1);
#6787=ORIENTED_EDGE('',*,*,#4981,.F.);
#6789=ORIENTED_EDGE('',*,*,#6788,.T.);
#6790=ORIENTED_EDGE('',*,*,#6530,.T.);
#6791=ORIENTED_EDGE('',*,*,#6775,.F.);
#6792=EDGE_LOOP('',(#6787,#6789,#6790,#6791));
#6793=FACE_OUTER_BOUND('',#6792,.F.);
#6795=CARTESIAN_POINT('',(-1.96E0,-5.647435053981E-1,-3.158E0));
#6796=DIRECTION('',(0.E0,0.E0,-1.E0));
#6797=DIRECTION('',(1.E0,0.E0,0.E0));
#6798=AXIS2_PLACEMENT_3D('',#6795,#6796,#6797);
#6799=CYLINDRICAL_SURFACE('',#6798,2.E-1);
#6800=ORIENTED_EDGE('',*,*,#4979,.T.);
#6802=ORIENTED_EDGE('',*,*,#6801,.T.);
#6803=ORIENTED_EDGE('',*,*,#6532,.T.);
#6804=ORIENTED_EDGE('',*,*,#6788,.F.);
#6805=EDGE_LOOP('',(#6800,#6802,#6803,#6804));
#6806=FACE_OUTER_BOUND('',#6805,.F.);
#6808=CARTESIAN_POINT('',(-2.05E0,-1.75E-1,-3.158E0));
#6809=DIRECTION('',(0.E0,0.E0,-1.E0));
#6810=DIRECTION('',(1.E0,0.E0,0.E0));
#6811=AXIS2_PLACEMENT_3D('',#6808,#6809,#6810);
#6812=CYLINDRICAL_SURFACE('',#6811,2.E-1);
#6813=ORIENTED_EDGE('',*,*,#4977,.F.);
#6815=ORIENTED_EDGE('',*,*,#6814,.T.);
#6816=ORIENTED_EDGE('',*,*,#6534,.T.);
#6817=ORIENTED_EDGE('',*,*,#6801,.F.);
#6818=EDGE_LOOP('',(#6813,#6815,#6816,#6817));
#6819=FACE_OUTER_BOUND('',#6818,.F.);
#6821=CARTESIAN_POINT('',(-1.85E0,1.75E-1,-3.158E0));
#6822=DIRECTION('',(1.E0,0.E0,0.E0));
#6823=DIRECTION('',(0.E0,-1.E0,0.E0));
#6824=AXIS2_PLACEMENT_3D('',#6821,#6822,#6823);
#6825=PLANE('',#6824);
#6826=ORIENTED_EDGE('',*,*,#4975,.F.);
#6828=ORIENTED_EDGE('',*,*,#6827,.T.);
#6829=ORIENTED_EDGE('',*,*,#6536,.T.);
#6830=ORIENTED_EDGE('',*,*,#6814,.F.);
#6831=EDGE_LOOP('',(#6826,#6828,#6829,#6830));
#6832=FACE_OUTER_BOUND('',#6831,.F.);
#6834=CARTESIAN_POINT('',(-2.05E0,1.75E-1,-3.158E0));
#6835=DIRECTION('',(0.E0,0.E0,-1.E0));
#6836=DIRECTION('',(1.E0,0.E0,0.E0));
#6837=AXIS2_PLACEMENT_3D('',#6834,#6835,#6836);
#6838=CYLINDRICAL_SURFACE('',#6837,2.E-1);
#6839=ORIENTED_EDGE('',*,*,#4973,.F.);
#6841=ORIENTED_EDGE('',*,*,#6840,.T.);
#6842=ORIENTED_EDGE('',*,*,#6538,.T.);
#6843=ORIENTED_EDGE('',*,*,#6827,.F.);
#6844=EDGE_LOOP('',(#6839,#6841,#6842,#6843));
#6845=FACE_OUTER_BOUND('',#6844,.F.);
#6847=CARTESIAN_POINT('',(-1.96E0,5.647435053981E-1,-3.158E0));
#6848=DIRECTION('',(0.E0,0.E0,-1.E0));
#6849=DIRECTION('',(1.E0,0.E0,0.E0));
#6850=AXIS2_PLACEMENT_3D('',#6847,#6848,#6849);
#6851=CYLINDRICAL_SURFACE('',#6850,2.E-1);
#6852=ORIENTED_EDGE('',*,*,#4971,.T.);
#6854=ORIENTED_EDGE('',*,*,#6853,.T.);
#6855=ORIENTED_EDGE('',*,*,#6540,.T.);
#6856=ORIENTED_EDGE('',*,*,#6840,.F.);
#6857=EDGE_LOOP('',(#6852,#6854,#6855,#6856));
#6858=FACE_OUTER_BOUND('',#6857,.F.);
#6860=CARTESIAN_POINT('',(-2.349802646526E0,4.75E-1,-3.158E0));
#6861=DIRECTION('',(0.E0,0.E0,-1.E0));
#6862=DIRECTION('',(1.E0,0.E0,0.E0));
#6863=AXIS2_PLACEMENT_3D('',#6860,#6861,#6862);
#6864=CYLINDRICAL_SURFACE('',#6863,2.E-1);
#6865=ORIENTED_EDGE('',*,*,#4969,.F.);
#6867=ORIENTED_EDGE('',*,*,#6866,.T.);
#6868=ORIENTED_EDGE('',*,*,#6542,.T.);
#6869=ORIENTED_EDGE('',*,*,#6853,.F.);
#6870=EDGE_LOOP('',(#6865,#6867,#6868,#6869));
#6871=FACE_OUTER_BOUND('',#6870,.F.);
#6873=CARTESIAN_POINT('',(-3.25E0,6.75E-1,-3.158E0));
#6874=DIRECTION('',(0.E0,1.E0,0.E0));
#6875=DIRECTION('',(1.E0,0.E0,0.E0));
#6876=AXIS2_PLACEMENT_3D('',#6873,#6874,#6875);
#6877=PLANE('',#6876);
#6878=ORIENTED_EDGE('',*,*,#4967,.F.);
#6880=ORIENTED_EDGE('',*,*,#6879,.T.);
#6881=ORIENTED_EDGE('',*,*,#6544,.T.);
#6882=ORIENTED_EDGE('',*,*,#6866,.F.);
#6883=EDGE_LOOP('',(#6878,#6880,#6881,#6882));
#6884=FACE_OUTER_BOUND('',#6883,.F.);
#6886=CARTESIAN_POINT('',(-3.25E0,5.75E-1,-3.158E0));
#6887=DIRECTION('',(0.E0,0.E0,-1.E0));
#6888=DIRECTION('',(1.E0,0.E0,0.E0));
#6889=AXIS2_PLACEMENT_3D('',#6886,#6887,#6888);
#6890=CYLINDRICAL_SURFACE('',#6889,1.E-1);
#6891=ORIENTED_EDGE('',*,*,#4965,.F.);
#6893=ORIENTED_EDGE('',*,*,#6892,.T.);
#6894=ORIENTED_EDGE('',*,*,#6546,.T.);
#6895=ORIENTED_EDGE('',*,*,#6879,.F.);
#6896=EDGE_LOOP('',(#6891,#6893,#6894,#6895));
#6897=FACE_OUTER_BOUND('',#6896,.F.);
#6899=CARTESIAN_POINT('',(-3.470710678119E0,4.957106781187E-1,-3.158E0));
#6900=DIRECTION('',(-7.071067811865E-1,7.071067811865E-1,0.E0));
#6901=DIRECTION('',(7.071067811865E-1,7.071067811865E-1,0.E0));
#6902=AXIS2_PLACEMENT_3D('',#6899,#6900,#6901);
#6903=PLANE('',#6902);
#6904=ORIENTED_EDGE('',*,*,#4963,.F.);
#6905=ORIENTED_EDGE('',*,*,#5585,.T.);
#6906=ORIENTED_EDGE('',*,*,#6681,.F.);
#6908=ORIENTED_EDGE('',*,*,#6907,.T.);
#6909=ORIENTED_EDGE('',*,*,#6548,.T.);
#6910=ORIENTED_EDGE('',*,*,#6892,.F.);
#6911=EDGE_LOOP('',(#6904,#6905,#6906,#6908,#6909,#6910));
#6912=FACE_OUTER_BOUND('',#6911,.F.);
#6914=CARTESIAN_POINT('',(-3.4E0,4.25E-1,-3.158E0));
#6915=DIRECTION('',(0.E0,0.E0,-1.E0));
#6916=DIRECTION('',(1.E0,0.E0,0.E0));
#6917=AXIS2_PLACEMENT_3D('',#6914,#6915,#6916);
#6918=CYLINDRICAL_SURFACE('',#6917,1.E-1);
#6919=ORIENTED_EDGE('',*,*,#6679,.F.);
#6920=ORIENTED_EDGE('',*,*,#6462,.T.);
#6921=ORIENTED_EDGE('',*,*,#6550,.T.);
#6922=ORIENTED_EDGE('',*,*,#6907,.F.);
#6923=EDGE_LOOP('',(#6919,#6920,#6921,#6922));
#6924=FACE_OUTER_BOUND('',#6923,.F.);
#6926=CARTESIAN_POINT('',(-3.4E0,-4.25E-1,-3.158E0));
#6927=DIRECTION('',(0.E0,0.E0,-1.E0));
#6928=DIRECTION('',(1.E0,0.E0,0.E0));
#6929=AXIS2_PLACEMENT_3D('',#6926,#6927,#6928);
#6930=CYLINDRICAL_SURFACE('',#6929,1.E-1);
#6931=ORIENTED_EDGE('',*,*,#6644,.F.);
#6932=ORIENTED_EDGE('',*,*,#6749,.T.);
#6933=ORIENTED_EDGE('',*,*,#6522,.T.);
#6935=ORIENTED_EDGE('',*,*,#6934,.F.);
#6936=EDGE_LOOP('',(#6931,#6932,#6933,#6935));
#6937=FACE_OUTER_BOUND('',#6936,.F.);
#6939=CARTESIAN_POINT('',(-3.5E0,-4.25E-1,-3.158E0));
#6940=DIRECTION('',(-1.E0,0.E0,0.E0));
#6941=DIRECTION('',(0.E0,1.E0,0.E0));
#6942=AXIS2_PLACEMENT_3D('',#6939,#6940,#6941);
#6943=PLANE('',#6942);
#6944=ORIENTED_EDGE('',*,*,#6520,.T.);
#6946=ORIENTED_EDGE('',*,*,#6945,.F.);
#6947=ORIENTED_EDGE('',*,*,#6646,.F.);
#6948=ORIENTED_EDGE('',*,*,#6934,.T.);
#6949=EDGE_LOOP('',(#6944,#6946,#6947,#6948));
#6950=FACE_OUTER_BOUND('',#6949,.F.);
#6952=CARTESIAN_POINT('',(-3.698655296642E0,-3.000934632200E-1,-3.158E0));
#6953=CARTESIAN_POINT('',(-3.696655105860E0,-3.000301950310E-1,-3.158E0));
#6954=CARTESIAN_POINT('',(-3.688278131579E0,-2.999037828551E-1,-3.158E0));
#6955=CARTESIAN_POINT('',(-3.672739244354E0,-3.006508285254E-1,-3.158E0));
#6956=CARTESIAN_POINT('',(-3.651651864318E0,-3.031797706800E-1,-3.158E0));
#6957=CARTESIAN_POINT('',(-3.629329419732E0,-3.073248809863E-1,-3.158E0));
#6958=CARTESIAN_POINT('',(-3.607053738248E0,-3.129828410735E-1,-3.158E0));
#6959=CARTESIAN_POINT('',(-3.586042329506E0,-3.198040852508E-1,-3.158E0));
#6960=CARTESIAN_POINT('',(-3.567129781854E0,-3.274295736679E-1,-3.158E0));
#6961=CARTESIAN_POINT('',(-3.550605925668E0,-3.356993257493E-1,-3.158E0));
#6962=CARTESIAN_POINT('',(-3.536473846062E0,-3.444557557883E-1,-3.158E0));
#6963=CARTESIAN_POINT('',(-3.524697006662E0,-3.535613879521E-1,-3.158E0));
#6964=CARTESIAN_POINT('',(-3.515274409293E0,-3.629028931170E-1,-3.158E0));
#6965=CARTESIAN_POINT('',(-3.508212181626E0,-3.723533768046E-1,-3.158E0));
#6966=CARTESIAN_POINT('',(-3.503380072743E0,-3.817435173289E-1,-3.158E0));
#6967=CARTESIAN_POINT('',(-3.500607170963E0,-3.909469783471E-1,-3.158E0));
#6968=CARTESIAN_POINT('',(-3.499800989362E0,-3.990590828702E-1,-3.158E0));
#6969=CARTESIAN_POINT('',(-3.500135060861E0,-4.039918547525E-1,-3.158E0));
#6970=CARTESIAN_POINT('',(-3.500412198087E0,-4.059629308139E-1,-3.158E0));
#6972=DIRECTION('',(0.E0,0.E0,-1.E0));
#6973=VECTOR('',#6972,1.E0);
#6974=SURFACE_OF_LINEAR_EXTRUSION('',#6971,#6973);
#6975=ORIENTED_EDGE('',*,*,#6415,.F.);
#6977=ORIENTED_EDGE('',*,*,#6976,.F.);
#6978=ORIENTED_EDGE('',*,*,#6648,.T.);
#6979=ORIENTED_EDGE('',*,*,#6945,.T.);
#6980=EDGE_LOOP('',(#6975,#6977,#6978,#6979));
#6981=FACE_OUTER_BOUND('',#6980,.F.);
#6983=CARTESIAN_POINT('',(-3.692653128049E0,-3.E-1,-3.158E0));
#6984=DIRECTION('',(0.E0,-1.E0,0.E0));
#6985=DIRECTION('',(-1.E0,0.E0,0.E0));
#6986=AXIS2_PLACEMENT_3D('',#6983,#6984,#6985);
#6987=PLANE('',#6986);
#6988=ORIENTED_EDGE('',*,*,#6413,.F.);
#6989=ORIENTED_EDGE('',*,*,#6398,.F.);
#6990=ORIENTED_EDGE('',*,*,#6650,.T.);
#6991=ORIENTED_EDGE('',*,*,#6976,.T.);
#6992=EDGE_LOOP('',(#6988,#6989,#6990,#6991));
#6993=FACE_OUTER_BOUND('',#6992,.F.);
#6995=CARTESIAN_POINT('',(-3.5E0,-7.35E-1,-1.3E0));
#6996=DIRECTION('',(0.E0,0.E0,-1.E0));
#6997=DIRECTION('',(1.E0,0.E0,0.E0));
#6998=AXIS2_PLACEMENT_3D('',#6995,#6996,#6997);
#6999=CYLINDRICAL_SURFACE('',#6998,2.5E-1);
#7000=ORIENTED_EDGE('',*,*,#5316,.F.);
#7002=ORIENTED_EDGE('',*,*,#7001,.T.);
#7003=ORIENTED_EDGE('',*,*,#6653,.T.);
#7004=ORIENTED_EDGE('',*,*,#6394,.F.);
#7005=EDGE_LOOP('',(#7000,#7002,#7003,#7004));
#7006=FACE_OUTER_BOUND('',#7005,.F.);
#7008=CARTESIAN_POINT('',(-1.959957324001E0,-9.85E-1,-1.3E0));
#7009=DIRECTION('',(0.E0,-1.E0,0.E0));
#7010=DIRECTION('',(-1.E0,0.E0,0.E0));
#7011=AXIS2_PLACEMENT_3D('',#7008,#7009,#7010);
#7012=PLANE('',#7011);
#7014=ORIENTED_EDGE('',*,*,#7013,.F.);
#7016=ORIENTED_EDGE('',*,*,#7015,.T.);
#7018=ORIENTED_EDGE('',*,*,#7017,.T.);
#7020=ORIENTED_EDGE('',*,*,#7019,.T.);
#7021=ORIENTED_EDGE('',*,*,#6655,.T.);
#7022=ORIENTED_EDGE('',*,*,#7001,.F.);
#7023=ORIENTED_EDGE('',*,*,#5314,.F.);
#7025=ORIENTED_EDGE('',*,*,#7024,.T.);
#7027=ORIENTED_EDGE('',*,*,#7026,.T.);
#7029=ORIENTED_EDGE('',*,*,#7028,.T.);
#7031=ORIENTED_EDGE('',*,*,#7030,.T.);
#7032=ORIENTED_EDGE('',*,*,#5951,.T.);
#7034=ORIENTED_EDGE('',*,*,#7033,.F.);
#7035=ORIENTED_EDGE('',*,*,#6118,.T.);
#7036=EDGE_LOOP('',(#7014,#7016,#7018,#7020,#7021,#7022,#7023,#7025,#7027,#7029,
#7031,#7032,#7034,#7035));
#7037=FACE_OUTER_BOUND('',#7036,.F.);
#7039=CARTESIAN_POINT('',(-1.959957324001E0,-9.85E-1,-1.3E0));
#7040=DIRECTION('',(0.E0,-1.E0,0.E0));
#7041=DIRECTION('',(-1.E0,0.E0,0.E0));
#7042=AXIS2_PLACEMENT_3D('',#7039,#7040,#7041);
#7043=PLANE('',#7042);
#7045=ORIENTED_EDGE('',*,*,#7044,.F.);
#7047=ORIENTED_EDGE('',*,*,#7046,.T.);
#7049=ORIENTED_EDGE('',*,*,#7048,.F.);
#7050=ORIENTED_EDGE('',*,*,#5982,.F.);
#7052=ORIENTED_EDGE('',*,*,#7051,.F.);
#7054=ORIENTED_EDGE('',*,*,#7053,.T.);
#7056=ORIENTED_EDGE('',*,*,#7055,.T.);
#7058=ORIENTED_EDGE('',*,*,#7057,.T.);
#7059=ORIENTED_EDGE('',*,*,#5373,.F.);
#7061=ORIENTED_EDGE('',*,*,#7060,.T.);
#7062=ORIENTED_EDGE('',*,*,#6703,.T.);
#7064=ORIENTED_EDGE('',*,*,#7063,.T.);
#7066=ORIENTED_EDGE('',*,*,#7065,.T.);
#7068=ORIENTED_EDGE('',*,*,#7067,.T.);
#7069=EDGE_LOOP('',(#7045,#7047,#7049,#7050,#7052,#7054,#7056,#7058,#7059,#7061,
#7062,#7064,#7066,#7068));
#7070=FACE_OUTER_BOUND('',#7069,.F.);
#7072=CARTESIAN_POINT('',(-2.299E0,3.6072E0,-3.95E0));
#7073=DIRECTION('',(0.E0,-1.E0,0.E0));
#7074=DIRECTION('',(0.E0,0.E0,-1.E0));
#7075=AXIS2_PLACEMENT_3D('',#7072,#7073,#7074);
#7076=CYLINDRICAL_SURFACE('',#7075,1.E-1);
#7077=ORIENTED_EDGE('',*,*,#7013,.T.);
#7078=ORIENTED_EDGE('',*,*,#6116,.F.);
#7079=ORIENTED_EDGE('',*,*,#5649,.T.);
#7081=ORIENTED_EDGE('',*,*,#7080,.T.);
#7082=EDGE_LOOP('',(#7077,#7078,#7079,#7081));
#7083=FACE_OUTER_BOUND('',#7082,.F.);
#7085=CARTESIAN_POINT('',(-2.198945256222E0,9.85E-1,-4.05E0));
#7086=DIRECTION('',(0.E0,0.E0,-1.E0));
#7087=DIRECTION('',(-1.E0,0.E0,0.E0));
#7088=AXIS2_PLACEMENT_3D('',#7085,#7086,#7087);
#7089=PLANE('',#7088);
#7090=ORIENTED_EDGE('',*,*,#6136,.F.);
#7091=ORIENTED_EDGE('',*,*,#6168,.T.);
#7093=ORIENTED_EDGE('',*,*,#7092,.T.);
#7094=ORIENTED_EDGE('',*,*,#5140,.F.);
#7095=EDGE_LOOP('',(#7090,#7091,#7093,#7094));
#7096=FACE_OUTER_BOUND('',#7095,.F.);
#7098=CARTESIAN_POINT('',(-2.198945256222E0,9.85E-1,-4.05E0));
#7099=DIRECTION('',(0.E0,0.E0,-1.E0));
#7100=DIRECTION('',(-1.E0,0.E0,0.E0));
#7101=AXIS2_PLACEMENT_3D('',#7098,#7099,#7100);
#7102=PLANE('',#7101);
#7103=ORIENTED_EDGE('',*,*,#7080,.F.);
#7104=ORIENTED_EDGE('',*,*,#5647,.T.);
#7106=ORIENTED_EDGE('',*,*,#7105,.T.);
#7107=ORIENTED_EDGE('',*,*,#7015,.F.);
#7108=EDGE_LOOP('',(#7103,#7104,#7106,#7107));
#7109=FACE_OUTER_BOUND('',#7108,.F.);
#7111=CARTESIAN_POINT('',(-3.189945256222E0,9.85E-1,-3.85E0));
#7112=DIRECTION('',(0.E0,1.E0,0.E0));
#7113=DIRECTION('',(1.E0,0.E0,0.E0));
#7114=AXIS2_PLACEMENT_3D('',#7111,#7112,#7113);
#7115=CYLINDRICAL_SURFACE('',#7114,2.E-1);
#7116=ORIENTED_EDGE('',*,*,#5645,.T.);
#7118=ORIENTED_EDGE('',*,*,#7117,.T.);
#7119=ORIENTED_EDGE('',*,*,#7017,.F.);
#7120=ORIENTED_EDGE('',*,*,#7105,.F.);
#7121=EDGE_LOOP('',(#7116,#7118,#7119,#7120));
#7122=FACE_OUTER_BOUND('',#7121,.F.);
#7124=CARTESIAN_POINT('',(-3.189945256222E0,9.85E-1,-3.85E0));
#7125=DIRECTION('',(0.E0,1.E0,0.E0));
#7126=DIRECTION('',(1.E0,0.E0,0.E0));
#7127=AXIS2_PLACEMENT_3D('',#7124,#7125,#7126);
#7128=CYLINDRICAL_SURFACE('',#7127,2.E-1);
#7129=ORIENTED_EDGE('',*,*,#5142,.F.);
#7130=ORIENTED_EDGE('',*,*,#7092,.F.);
#7131=ORIENTED_EDGE('',*,*,#6166,.T.);
#7133=ORIENTED_EDGE('',*,*,#7132,.T.);
#7134=EDGE_LOOP('',(#7129,#7130,#7131,#7133));
#7135=FACE_OUTER_BOUND('',#7134,.F.);
#7137=CARTESIAN_POINT('',(-3.273965569610E0,9.85E-1,-4.031495418505E0));
#7138=DIRECTION('',(-4.201015669389E-1,0.E0,-9.074770925238E-1));
#7139=DIRECTION('',(-9.074770925238E-1,0.E0,4.201015669389E-1));
#7140=AXIS2_PLACEMENT_3D('',#7137,#7138,#7139);
#7141=PLANE('',#7140);
#7142=ORIENTED_EDGE('',*,*,#6670,.T.);
#7143=ORIENTED_EDGE('',*,*,#5144,.F.);
#7144=ORIENTED_EDGE('',*,*,#7132,.F.);
#7145=ORIENTED_EDGE('',*,*,#6164,.T.);
#7146=EDGE_LOOP('',(#7142,#7143,#7144,#7145));
#7147=FACE_OUTER_BOUND('',#7146,.F.);
#7149=CARTESIAN_POINT('',(-3.273965569610E0,9.85E-1,-4.031495418505E0));
#7150=DIRECTION('',(-4.201015669389E-1,0.E0,-9.074770925238E-1));
#7151=DIRECTION('',(-9.074770925238E-1,0.E0,4.201015669389E-1));
#7152=AXIS2_PLACEMENT_3D('',#7149,#7150,#7151);
#7153=PLANE('',#7152);
#7154=ORIENTED_EDGE('',*,*,#7019,.F.);
#7155=ORIENTED_EDGE('',*,*,#7117,.F.);
#7156=ORIENTED_EDGE('',*,*,#5643,.T.);
#7157=ORIENTED_EDGE('',*,*,#6657,.T.);
#7158=EDGE_LOOP('',(#7154,#7155,#7156,#7157));
#7159=FACE_OUTER_BOUND('',#7158,.F.);
#7161=CARTESIAN_POINT('',(-1.92E0,-9.85E-1,-1.5E0));
#7162=DIRECTION('',(0.E0,1.E0,0.E0));
#7163=DIRECTION('',(1.E0,0.E0,0.E0));
#7164=AXIS2_PLACEMENT_3D('',#7161,#7162,#7163);
#7165=CYLINDRICAL_SURFACE('',#7164,2.E-1);
#7166=ORIENTED_EDGE('',*,*,#5312,.T.);
#7167=ORIENTED_EDGE('',*,*,#5665,.T.);
#7169=ORIENTED_EDGE('',*,*,#7168,.F.);
#7170=ORIENTED_EDGE('',*,*,#7024,.F.);
#7171=EDGE_LOOP('',(#7166,#7167,#7169,#7170));
#7172=FACE_OUTER_BOUND('',#7171,.F.);
#7174=CARTESIAN_POINT('',(-1.72E0,-9.85E-1,-1.5E0));
#7175=DIRECTION('',(-1.E0,0.E0,0.E0));
#7176=DIRECTION('',(0.E0,0.E0,-1.E0));
#7177=AXIS2_PLACEMENT_3D('',#7174,#7175,#7176);
#7178=PLANE('',#7177);
#7179=ORIENTED_EDGE('',*,*,#7168,.T.);
#7180=ORIENTED_EDGE('',*,*,#5663,.T.);
#7182=ORIENTED_EDGE('',*,*,#7181,.T.);
#7184=ORIENTED_EDGE('',*,*,#7183,.F.);
#7185=ORIENTED_EDGE('',*,*,#7026,.F.);
#7186=EDGE_LOOP('',(#7179,#7180,#7182,#7184,#7185));
#7187=FACE_OUTER_BOUND('',#7186,.F.);
#7189=CARTESIAN_POINT('',(0.E0,0.E0,-1.85E0));
#7190=DIRECTION('',(0.E0,0.E0,-1.E0));
#7191=DIRECTION('',(1.E0,0.E0,0.E0));
#7192=AXIS2_PLACEMENT_3D('',#7189,#7190,#7191);
#7193=PLANE('',#7192);
#7194=ORIENTED_EDGE('',*,*,#7181,.F.);
#7195=ORIENTED_EDGE('',*,*,#5661,.T.);
#7197=ORIENTED_EDGE('',*,*,#7196,.F.);
#7199=ORIENTED_EDGE('',*,*,#7198,.T.);
#7200=EDGE_LOOP('',(#7194,#7195,#7197,#7199));
#7201=FACE_OUTER_BOUND('',#7200,.F.);
#7203=CARTESIAN_POINT('',(0.E0,0.E0,-1.85E0));
#7204=DIRECTION('',(0.E0,0.E0,-1.E0));
#7205=DIRECTION('',(1.E0,0.E0,0.E0));
#7206=AXIS2_PLACEMENT_3D('',#7203,#7204,#7205);
#7207=PLANE('',#7206);
#7209=ORIENTED_EDGE('',*,*,#7208,.T.);
#7211=ORIENTED_EDGE('',*,*,#7210,.T.);
#7213=ORIENTED_EDGE('',*,*,#7212,.T.);
#7214=ORIENTED_EDGE('',*,*,#5776,.T.);
#7215=EDGE_LOOP('',(#7209,#7211,#7213,#7214));
#7216=FACE_OUTER_BOUND('',#7215,.F.);
#7218=CARTESIAN_POINT('',(-1.699971355665E0,6.939313906588E-1,-1.3E0));
#7219=DIRECTION('',(9.999958533982E-1,-2.879789285338E-3,0.E0));
#7220=DIRECTION('',(-2.879789285338E-3,-9.999958533982E-1,0.E0));
#7221=AXIS2_PLACEMENT_3D('',#7218,#7219,#7220);
#7222=PLANE('',#7221);
#7223=ORIENTED_EDGE('',*,*,#7196,.T.);
#7224=ORIENTED_EDGE('',*,*,#5659,.T.);
#7225=ORIENTED_EDGE('',*,*,#5957,.T.);
#7227=ORIENTED_EDGE('',*,*,#7226,.F.);
#7228=EDGE_LOOP('',(#7223,#7224,#7225,#7227));
#7229=FACE_OUTER_BOUND('',#7228,.F.);
#7231=CARTESIAN_POINT('',(-1.704E0,-7.05E-1,-1.3E0));
#7232=DIRECTION('',(9.396926207859E-1,-3.420201433257E-1,0.E0));
#7233=DIRECTION('',(-3.420201433257E-1,-9.396926207859E-1,0.E0));
#7234=AXIS2_PLACEMENT_3D('',#7231,#7232,#7233);
#7235=PLANE('',#7234);
#7237=ORIENTED_EDGE('',*,*,#7236,.F.);
#7238=ORIENTED_EDGE('',*,*,#7198,.F.);
#7239=ORIENTED_EDGE('',*,*,#7226,.T.);
#7240=ORIENTED_EDGE('',*,*,#5955,.T.);
#7242=ORIENTED_EDGE('',*,*,#7241,.F.);
#7243=EDGE_LOOP('',(#7237,#7238,#7239,#7240,#7242));
#7244=FACE_OUTER_BOUND('',#7243,.F.);
#7246=CARTESIAN_POINT('',(-1.72E0,-9.85E-1,-1.85E0));
#7247=DIRECTION('',(0.E0,0.E0,1.E0));
#7248=DIRECTION('',(-1.E0,0.E0,0.E0));
#7249=AXIS2_PLACEMENT_3D('',#7246,#7247,#7248);
#7250=PLANE('',#7249);
#7251=ORIENTED_EDGE('',*,*,#7028,.F.);
#7252=ORIENTED_EDGE('',*,*,#7183,.T.);
#7253=ORIENTED_EDGE('',*,*,#7236,.T.);
#7255=ORIENTED_EDGE('',*,*,#7254,.T.);
#7256=EDGE_LOOP('',(#7251,#7252,#7253,#7255));
#7257=FACE_OUTER_BOUND('',#7256,.F.);
#7259=CARTESIAN_POINT('',(-1.959957324001E0,-7.65E-1,-1.3E0));
#7260=DIRECTION('',(0.E0,0.E0,-1.E0));
#7261=DIRECTION('',(1.E0,0.E0,0.E0));
#7262=AXIS2_PLACEMENT_3D('',#7259,#7260,#7261);
#7263=CYLINDRICAL_SURFACE('',#7262,2.2E-1);
#7264=ORIENTED_EDGE('',*,*,#7254,.F.);
#7265=ORIENTED_EDGE('',*,*,#7241,.T.);
#7266=ORIENTED_EDGE('',*,*,#5953,.T.);
#7267=ORIENTED_EDGE('',*,*,#7030,.F.);
#7268=EDGE_LOOP('',(#7264,#7265,#7266,#7267));
#7269=FACE_OUTER_BOUND('',#7268,.F.);
#7271=CARTESIAN_POINT('',(1.72E0,-9.85E-1,-1.85E0));
#7272=DIRECTION('',(1.E0,0.E0,0.E0));
#7273=DIRECTION('',(0.E0,0.E0,1.E0));
#7274=AXIS2_PLACEMENT_3D('',#7271,#7272,#7273);
#7275=PLANE('',#7274);
#7277=ORIENTED_EDGE('',*,*,#7276,.F.);
#7278=ORIENTED_EDGE('',*,*,#7055,.F.);
#7280=ORIENTED_EDGE('',*,*,#7279,.T.);
#7281=ORIENTED_EDGE('',*,*,#7208,.F.);
#7282=ORIENTED_EDGE('',*,*,#5774,.T.);
#7283=EDGE_LOOP('',(#7277,#7278,#7280,#7281,#7282));
#7284=FACE_OUTER_BOUND('',#7283,.F.);
#7286=CARTESIAN_POINT('',(1.92E0,-9.85E-1,-1.5E0));
#7287=DIRECTION('',(0.E0,1.E0,0.E0));
#7288=DIRECTION('',(1.E0,0.E0,0.E0));
#7289=AXIS2_PLACEMENT_3D('',#7286,#7287,#7288);
#7290=CYLINDRICAL_SURFACE('',#7289,2.E-1);
#7291=ORIENTED_EDGE('',*,*,#7276,.T.);
#7292=ORIENTED_EDGE('',*,*,#5772,.T.);
#7293=ORIENTED_EDGE('',*,*,#5375,.F.);
#7294=ORIENTED_EDGE('',*,*,#7057,.F.);
#7295=EDGE_LOOP('',(#7291,#7292,#7293,#7294));
#7296=FACE_OUTER_BOUND('',#7295,.F.);
#7298=CARTESIAN_POINT('',(1.96E0,-9.85E-1,-1.85E0));
#7299=DIRECTION('',(0.E0,0.E0,1.E0));
#7300=DIRECTION('',(-1.E0,0.E0,0.E0));
#7301=AXIS2_PLACEMENT_3D('',#7298,#7299,#7300);
#7302=PLANE('',#7301);
#7303=ORIENTED_EDGE('',*,*,#7053,.F.);
#7305=ORIENTED_EDGE('',*,*,#7304,.T.);
#7307=ORIENTED_EDGE('',*,*,#7306,.T.);
#7308=ORIENTED_EDGE('',*,*,#7279,.F.);
#7309=EDGE_LOOP('',(#7303,#7305,#7307,#7308));
#7310=FACE_OUTER_BOUND('',#7309,.F.);
#7312=CARTESIAN_POINT('',(1.959957324001E0,-7.65E-1,-1.3E0));
#7313=DIRECTION('',(0.E0,0.E0,-1.E0));
#7314=DIRECTION('',(1.E0,0.E0,0.E0));
#7315=AXIS2_PLACEMENT_3D('',#7312,#7313,#7314);
#7316=CYLINDRICAL_SURFACE('',#7315,2.2E-1);
#7317=ORIENTED_EDGE('',*,*,#7304,.F.);
#7318=ORIENTED_EDGE('',*,*,#7051,.T.);
#7319=ORIENTED_EDGE('',*,*,#5980,.T.);
#7321=ORIENTED_EDGE('',*,*,#7320,.F.);
#7322=EDGE_LOOP('',(#7317,#7318,#7319,#7321));
#7323=FACE_OUTER_BOUND('',#7322,.F.);
#7325=CARTESIAN_POINT('',(1.753224947428E0,-8.402444315316E-1,-1.3E0));
#7326=DIRECTION('',(-9.396926207859E-1,-3.420201433257E-1,0.E0));
#7327=DIRECTION('',(-3.420201433257E-1,9.396926207859E-1,0.E0));
#7328=AXIS2_PLACEMENT_3D('',#7325,#7326,#7327);
#7329=PLANE('',#7328);
#7330=ORIENTED_EDGE('',*,*,#7306,.F.);
#7331=ORIENTED_EDGE('',*,*,#7320,.T.);
#7332=ORIENTED_EDGE('',*,*,#5978,.T.);
#7334=ORIENTED_EDGE('',*,*,#7333,.F.);
#7335=ORIENTED_EDGE('',*,*,#7210,.F.);
#7336=EDGE_LOOP('',(#7330,#7331,#7332,#7334,#7335));
#7337=FACE_OUTER_BOUND('',#7336,.F.);
#7339=CARTESIAN_POINT('',(1.704E0,-7.05E-1,-1.3E0));
#7340=DIRECTION('',(-9.999958533982E-1,-2.879789285338E-3,0.E0));
#7341=DIRECTION('',(-2.879789285338E-3,9.999958533982E-1,0.E0));
#7342=AXIS2_PLACEMENT_3D('',#7339,#7340,#7341);
#7343=PLANE('',#7342);
#7344=ORIENTED_EDGE('',*,*,#7212,.F.);
#7345=ORIENTED_EDGE('',*,*,#7333,.T.);
#7346=ORIENTED_EDGE('',*,*,#5976,.T.);
#7347=ORIENTED_EDGE('',*,*,#5778,.F.);
#7348=EDGE_LOOP('',(#7344,#7345,#7346,#7347));
#7349=FACE_OUTER_BOUND('',#7348,.F.);
#7351=CARTESIAN_POINT('',(-2.099E0,3.6072E0,-3.85E0));
#7352=DIRECTION('',(0.E0,-1.E0,0.E0));
#7353=DIRECTION('',(0.E0,0.E0,1.E0));
#7354=AXIS2_PLACEMENT_3D('',#7351,#7352,#7353);
#7355=CYLINDRICAL_SURFACE('',#7354,1.E-1);
#7356=ORIENTED_EDGE('',*,*,#5949,.F.);
#7357=ORIENTED_EDGE('',*,*,#5849,.T.);
#7358=ORIENTED_EDGE('',*,*,#6120,.T.);
#7359=ORIENTED_EDGE('',*,*,#7033,.T.);
#7360=EDGE_LOOP('',(#7356,#7357,#7358,#7359));
#7361=FACE_OUTER_BOUND('',#7360,.F.);
#7363=CARTESIAN_POINT('',(2.299E0,3.6072E0,-3.95E0));
#7364=DIRECTION('',(0.E0,-1.E0,0.E0));
#7365=DIRECTION('',(-1.E0,0.E0,0.E0));
#7366=AXIS2_PLACEMENT_3D('',#7363,#7364,#7365);
#7367=CYLINDRICAL_SURFACE('',#7366,1.E-1);
#7368=ORIENTED_EDGE('',*,*,#7044,.T.);
#7370=ORIENTED_EDGE('',*,*,#7369,.F.);
#7371=ORIENTED_EDGE('',*,*,#5788,.T.);
#7373=ORIENTED_EDGE('',*,*,#7372,.T.);
#7374=EDGE_LOOP('',(#7368,#7370,#7371,#7373));
#7375=FACE_OUTER_BOUND('',#7374,.F.);
#7377=CARTESIAN_POINT('',(3.189945256222E0,9.85E-1,-4.05E0));
#7378=DIRECTION('',(0.E0,0.E0,-1.E0));
#7379=DIRECTION('',(-1.E0,0.E0,0.E0));
#7380=AXIS2_PLACEMENT_3D('',#7377,#7378,#7379);
#7381=PLANE('',#7380);
#7383=ORIENTED_EDGE('',*,*,#7382,.T.);
#7384=ORIENTED_EDGE('',*,*,#5245,.F.);
#7386=ORIENTED_EDGE('',*,*,#7385,.F.);
#7387=ORIENTED_EDGE('',*,*,#6180,.T.);
#7388=EDGE_LOOP('',(#7383,#7384,#7386,#7387));
#7389=FACE_OUTER_BOUND('',#7388,.F.);
#7391=CARTESIAN_POINT('',(3.189945256222E0,9.85E-1,-4.05E0));
#7392=DIRECTION('',(0.E0,0.E0,-1.E0));
#7393=DIRECTION('',(-1.E0,0.E0,0.E0));
#7394=AXIS2_PLACEMENT_3D('',#7391,#7392,#7393);
#7395=PLANE('',#7394);
#7396=ORIENTED_EDGE('',*,*,#7369,.T.);
#7397=ORIENTED_EDGE('',*,*,#7067,.F.);
#7399=ORIENTED_EDGE('',*,*,#7398,.F.);
#7400=ORIENTED_EDGE('',*,*,#5790,.T.);
#7401=EDGE_LOOP('',(#7396,#7397,#7399,#7400));
#7402=FACE_OUTER_BOUND('',#7401,.F.);
#7404=CARTESIAN_POINT('',(2.299E0,3.6072E0,-3.95E0));
#7405=DIRECTION('',(0.E0,-1.E0,0.E0));
#7406=DIRECTION('',(-1.E0,0.E0,0.E0));
#7407=AXIS2_PLACEMENT_3D('',#7404,#7405,#7406);
#7408=CYLINDRICAL_SURFACE('',#7407,1.E-1);
#7409=ORIENTED_EDGE('',*,*,#7382,.F.);
#7410=ORIENTED_EDGE('',*,*,#6178,.T.);
#7412=ORIENTED_EDGE('',*,*,#7411,.T.);
#7413=ORIENTED_EDGE('',*,*,#5247,.T.);
#7414=EDGE_LOOP('',(#7409,#7410,#7412,#7413));
#7415=FACE_OUTER_BOUND('',#7414,.F.);
#7417=CARTESIAN_POINT('',(2.199E0,9.85E-1,-4.E0));
#7418=DIRECTION('',(1.E0,0.E0,0.E0));
#7419=DIRECTION('',(0.E0,-1.E0,0.E0));
#7420=AXIS2_PLACEMENT_3D('',#7417,#7418,#7419);
#7421=PLANE('',#7420);
#7422=ORIENTED_EDGE('',*,*,#7411,.F.);
#7423=ORIENTED_EDGE('',*,*,#6202,.T.);
#7425=ORIENTED_EDGE('',*,*,#7424,.F.);
#7427=ORIENTED_EDGE('',*,*,#7426,.F.);
#7428=ORIENTED_EDGE('',*,*,#5249,.T.);
#7429=EDGE_LOOP('',(#7422,#7423,#7425,#7427,#7428));
#7430=FACE_OUTER_BOUND('',#7429,.F.);
#7432=CARTESIAN_POINT('',(2.199E0,9.85E-1,-4.E0));
#7433=DIRECTION('',(1.E0,0.E0,0.E0));
#7434=DIRECTION('',(0.E0,-1.E0,0.E0));
#7435=AXIS2_PLACEMENT_3D('',#7432,#7433,#7434);
#7436=PLANE('',#7435);
#7437=ORIENTED_EDGE('',*,*,#7372,.F.);
#7438=ORIENTED_EDGE('',*,*,#5786,.T.);
#7440=ORIENTED_EDGE('',*,*,#7439,.T.);
#7442=ORIENTED_EDGE('',*,*,#7441,.F.);
#7443=ORIENTED_EDGE('',*,*,#7046,.F.);
#7444=EDGE_LOOP('',(#7437,#7438,#7440,#7442,#7443));
#7445=FACE_OUTER_BOUND('',#7444,.F.);
#7447=CARTESIAN_POINT('',(2.099E0,-3.6072E0,-3.85E0));
#7448=DIRECTION('',(0.E0,1.E0,0.E0));
#7449=DIRECTION('',(0.E0,0.E0,1.E0));
#7450=AXIS2_PLACEMENT_3D('',#7447,#7448,#7449);
#7451=CYLINDRICAL_SURFACE('',#7450,1.E-1);
#7452=ORIENTED_EDGE('',*,*,#5928,.F.);
#7453=ORIENTED_EDGE('',*,*,#6048,.T.);
#7454=ORIENTED_EDGE('',*,*,#7424,.T.);
#7455=ORIENTED_EDGE('',*,*,#6200,.T.);
#7456=EDGE_LOOP('',(#7452,#7453,#7454,#7455));
#7457=FACE_OUTER_BOUND('',#7456,.F.);
#7459=CARTESIAN_POINT('',(2.97E0,7.E-1,-3.85E0));
#7460=DIRECTION('',(0.E0,0.E0,-1.E0));
#7461=DIRECTION('',(-1.E0,0.E0,0.E0));
#7462=AXIS2_PLACEMENT_3D('',#7459,#7460,#7461);
#7463=PLANE('',#7462);
#7464=ORIENTED_EDGE('',*,*,#7426,.T.);
#7465=ORIENTED_EDGE('',*,*,#6053,.T.);
#7467=ORIENTED_EDGE('',*,*,#7466,.F.);
#7468=ORIENTED_EDGE('',*,*,#5251,.F.);
#7469=EDGE_LOOP('',(#7464,#7465,#7467,#7468));
#7470=FACE_OUTER_BOUND('',#7469,.F.);
#7472=CARTESIAN_POINT('',(1.95E0,7.E-1,-3.85E0));
#7473=DIRECTION('',(-1.E0,0.E0,0.E0));
#7474=DIRECTION('',(0.E0,0.E0,1.E0));
#7475=AXIS2_PLACEMENT_3D('',#7472,#7473,#7474);
#7476=PLANE('',#7475);
#7477=ORIENTED_EDGE('',*,*,#5495,.F.);
#7478=ORIENTED_EDGE('',*,*,#5267,.T.);
#7479=ORIENTED_EDGE('',*,*,#5360,.T.);
#7480=ORIENTED_EDGE('',*,*,#6021,.T.);
#7481=EDGE_LOOP('',(#7477,#7478,#7479,#7480));
#7482=FACE_OUTER_BOUND('',#7481,.F.);
#7484=CARTESIAN_POINT('',(1.95E0,7.E-1,-3.85E0));
#7485=DIRECTION('',(-1.E0,0.E0,0.E0));
#7486=DIRECTION('',(0.E0,0.E0,1.E0));
#7487=AXIS2_PLACEMENT_3D('',#7484,#7485,#7486);
#7488=PLANE('',#7487);
#7489=ORIENTED_EDGE('',*,*,#5253,.T.);
#7490=ORIENTED_EDGE('',*,*,#7466,.T.);
#7491=ORIENTED_EDGE('',*,*,#6051,.T.);
#7492=ORIENTED_EDGE('',*,*,#5937,.F.);
#7493=EDGE_LOOP('',(#7489,#7490,#7491,#7492));
#7494=FACE_OUTER_BOUND('',#7493,.F.);
#7496=CARTESIAN_POINT('',(2.97E0,-7.E-1,-3.85E0));
#7497=DIRECTION('',(0.E0,0.E0,1.E0));
#7498=DIRECTION('',(-1.E0,0.E0,0.E0));
#7499=AXIS2_PLACEMENT_3D('',#7496,#7497,#7498);
#7500=PLANE('',#7499);
#7501=ORIENTED_EDGE('',*,*,#5867,.F.);
#7502=ORIENTED_EDGE('',*,*,#7439,.F.);
#7503=ORIENTED_EDGE('',*,*,#5784,.T.);
#7505=ORIENTED_EDGE('',*,*,#7504,.T.);
#7506=EDGE_LOOP('',(#7501,#7502,#7503,#7505));
#7507=FACE_OUTER_BOUND('',#7506,.F.);
#7509=CARTESIAN_POINT('',(1.95E0,-7.E-1,-3.85E0));
#7510=DIRECTION('',(1.E0,0.E0,0.E0));
#7511=DIRECTION('',(0.E0,0.E0,1.E0));
#7512=AXIS2_PLACEMENT_3D('',#7509,#7510,#7511);
#7513=PLANE('',#7512);
#7514=ORIENTED_EDGE('',*,*,#5869,.F.);
#7515=ORIENTED_EDGE('',*,*,#7504,.F.);
#7516=ORIENTED_EDGE('',*,*,#5782,.F.);
#7517=ORIENTED_EDGE('',*,*,#5973,.T.);
#7518=EDGE_LOOP('',(#7514,#7515,#7516,#7517));
#7519=FACE_OUTER_BOUND('',#7518,.F.);
#7521=CARTESIAN_POINT('',(1.95E0,-7.E-1,-3.85E0));
#7522=DIRECTION('',(1.E0,0.E0,0.E0));
#7523=DIRECTION('',(0.E0,0.E0,1.E0));
#7524=AXIS2_PLACEMENT_3D('',#7521,#7522,#7523);
#7525=PLANE('',#7524);
#7526=ORIENTED_EDGE('',*,*,#5835,.F.);
#7527=ORIENTED_EDGE('',*,*,#5379,.F.);
#7528=ORIENTED_EDGE('',*,*,#5769,.F.);
#7529=ORIENTED_EDGE('',*,*,#5480,.T.);
#7530=EDGE_LOOP('',(#7526,#7527,#7528,#7529));
#7531=FACE_OUTER_BOUND('',#7530,.F.);
#7533=CARTESIAN_POINT('',(2.099E0,-3.6072E0,-3.85E0));
#7534=DIRECTION('',(0.E0,1.E0,0.E0));
#7535=DIRECTION('',(0.E0,0.E0,1.E0));
#7536=AXIS2_PLACEMENT_3D('',#7533,#7534,#7535);
#7537=CYLINDRICAL_SURFACE('',#7536,1.E-1);
#7538=ORIENTED_EDGE('',*,*,#5865,.T.);
#7539=ORIENTED_EDGE('',*,*,#5970,.F.);
#7540=ORIENTED_EDGE('',*,*,#7048,.T.);
#7541=ORIENTED_EDGE('',*,*,#7441,.T.);
#7542=EDGE_LOOP('',(#7538,#7539,#7540,#7541));
#7543=FACE_OUTER_BOUND('',#7542,.F.);
#7545=CARTESIAN_POINT('',(3.189945256222E0,9.85E-1,-3.85E0));
#7546=DIRECTION('',(0.E0,1.E0,0.E0));
#7547=DIRECTION('',(1.E0,0.E0,0.E0));
#7548=AXIS2_PLACEMENT_3D('',#7545,#7546,#7547);
#7549=CYLINDRICAL_SURFACE('',#7548,2.E-1);
#7550=ORIENTED_EDGE('',*,*,#5792,.T.);
#7551=ORIENTED_EDGE('',*,*,#7398,.T.);
#7552=ORIENTED_EDGE('',*,*,#7065,.F.);
#7554=ORIENTED_EDGE('',*,*,#7553,.F.);
#7555=EDGE_LOOP('',(#7550,#7551,#7552,#7554));
#7556=FACE_OUTER_BOUND('',#7555,.F.);
#7558=CARTESIAN_POINT('',(3.189945256222E0,9.85E-1,-3.85E0));
#7559=DIRECTION('',(0.E0,1.E0,0.E0));
#7560=DIRECTION('',(1.E0,0.E0,0.E0));
#7561=AXIS2_PLACEMENT_3D('',#7558,#7559,#7560);
#7562=CYLINDRICAL_SURFACE('',#7561,2.E-1);
#7563=ORIENTED_EDGE('',*,*,#5243,.F.);
#7565=ORIENTED_EDGE('',*,*,#7564,.F.);
#7566=ORIENTED_EDGE('',*,*,#6182,.T.);
#7567=ORIENTED_EDGE('',*,*,#7385,.T.);
#7568=EDGE_LOOP('',(#7563,#7565,#7566,#7567));
#7569=FACE_OUTER_BOUND('',#7568,.F.);
#7571=CARTESIAN_POINT('',(3.342E0,9.85E-1,-4.E0));
#7572=DIRECTION('',(4.201015669389E-1,0.E0,-9.074770925238E-1));
#7573=DIRECTION('',(-9.074770925238E-1,0.E0,-4.201015669389E-1));
#7574=AXIS2_PLACEMENT_3D('',#7571,#7572,#7573);
#7575=PLANE('',#7574);
#7576=ORIENTED_EDGE('',*,*,#5794,.T.);
#7577=ORIENTED_EDGE('',*,*,#7553,.T.);
#7578=ORIENTED_EDGE('',*,*,#7063,.F.);
#7579=ORIENTED_EDGE('',*,*,#6701,.F.);
#7580=EDGE_LOOP('',(#7576,#7577,#7578,#7579));
#7581=FACE_OUTER_BOUND('',#7580,.F.);
#7583=CARTESIAN_POINT('',(3.342E0,9.85E-1,-4.E0));
#7584=DIRECTION('',(4.201015669389E-1,0.E0,-9.074770925238E-1));
#7585=DIRECTION('',(-9.074770925238E-1,0.E0,-4.201015669389E-1));
#7586=AXIS2_PLACEMENT_3D('',#7583,#7584,#7585);
#7587=PLANE('',#7586);
#7588=ORIENTED_EDGE('',*,*,#5241,.F.);
#7589=ORIENTED_EDGE('',*,*,#6732,.F.);
#7590=ORIENTED_EDGE('',*,*,#6184,.T.);
#7591=ORIENTED_EDGE('',*,*,#7564,.T.);
#7592=EDGE_LOOP('',(#7588,#7589,#7590,#7591));
#7593=FACE_OUTER_BOUND('',#7592,.F.);
#7595=CARTESIAN_POINT('',(3.5E0,-7.35E-1,-1.3E0));
#7596=DIRECTION('',(0.E0,0.E0,-1.E0));
#7597=DIRECTION('',(1.E0,0.E0,0.E0));
#7598=AXIS2_PLACEMENT_3D('',#7595,#7596,#7597);
#7599=CYLINDRICAL_SURFACE('',#7598,2.5E-1);
#7600=ORIENTED_EDGE('',*,*,#5371,.F.);
#7602=ORIENTED_EDGE('',*,*,#7601,.T.);
#7603=ORIENTED_EDGE('',*,*,#6705,.T.);
#7604=ORIENTED_EDGE('',*,*,#7060,.F.);
#7605=EDGE_LOOP('',(#7600,#7602,#7603,#7604));
#7606=FACE_OUTER_BOUND('',#7605,.F.);
#7608=CARTESIAN_POINT('',(3.75E0,7.35E-1,-1.3E0));
#7609=DIRECTION('',(1.E0,0.E0,0.E0));
#7610=DIRECTION('',(0.E0,-1.E0,0.E0));
#7611=AXIS2_PLACEMENT_3D('',#7608,#7609,#7610);
#7612=PLANE('',#7611);
#7613=ORIENTED_EDGE('',*,*,#6565,.T.);
#7615=ORIENTED_EDGE('',*,*,#7614,.F.);
#7616=ORIENTED_EDGE('',*,*,#6707,.T.);
#7617=ORIENTED_EDGE('',*,*,#7601,.F.);
#7618=ORIENTED_EDGE('',*,*,#5369,.F.);
#7620=ORIENTED_EDGE('',*,*,#7619,.T.);
#7621=ORIENTED_EDGE('',*,*,#6727,.T.);
#7623=ORIENTED_EDGE('',*,*,#7622,.T.);
#7624=EDGE_LOOP('',(#7613,#7615,#7616,#7617,#7618,#7620,#7621,#7623));
#7625=FACE_OUTER_BOUND('',#7624,.F.);
#7627=CARTESIAN_POINT('',(3.75E0,-3.E-1,-3.158E0));
#7628=DIRECTION('',(0.E0,-1.E0,0.E0));
#7629=DIRECTION('',(-1.E0,0.E0,0.E0));
#7630=AXIS2_PLACEMENT_3D('',#7627,#7628,#7629);
#7631=PLANE('',#7630);
#7632=ORIENTED_EDGE('',*,*,#6563,.F.);
#7633=ORIENTED_EDGE('',*,*,#6603,.F.);
#7634=ORIENTED_EDGE('',*,*,#6691,.F.);
#7635=ORIENTED_EDGE('',*,*,#7614,.T.);
#7636=EDGE_LOOP('',(#7632,#7633,#7634,#7635));
#7637=FACE_OUTER_BOUND('',#7636,.F.);
#7639=CARTESIAN_POINT('',(3.5E0,7.35E-1,-1.3E0));
#7640=DIRECTION('',(0.E0,0.E0,-1.E0));
#7641=DIRECTION('',(1.E0,0.E0,0.E0));
#7642=AXIS2_PLACEMENT_3D('',#7639,#7640,#7641);
#7643=CYLINDRICAL_SURFACE('',#7642,2.5E-1);
#7644=ORIENTED_EDGE('',*,*,#5367,.F.);
#7645=ORIENTED_EDGE('',*,*,#6188,.T.);
#7646=ORIENTED_EDGE('',*,*,#6729,.T.);
#7647=ORIENTED_EDGE('',*,*,#7619,.F.);
#7648=EDGE_LOOP('',(#7644,#7645,#7646,#7647));
#7649=FACE_OUTER_BOUND('',#7648,.F.);
#7651=CARTESIAN_POINT('',(3.692653128049E0,3.E-1,-3.158E0));
#7652=DIRECTION('',(0.E0,1.E0,0.E0));
#7653=DIRECTION('',(1.E0,0.E0,0.E0));
#7654=AXIS2_PLACEMENT_3D('',#7651,#7652,#7653);
#7655=PLANE('',#7654);
#7656=ORIENTED_EDGE('',*,*,#6567,.F.);
#7657=ORIENTED_EDGE('',*,*,#7622,.F.);
#7658=ORIENTED_EDGE('',*,*,#6725,.T.);
#7660=ORIENTED_EDGE('',*,*,#7659,.T.);
#7661=EDGE_LOOP('',(#7656,#7657,#7658,#7660));
#7662=FACE_OUTER_BOUND('',#7661,.F.);
#7664=CARTESIAN_POINT('',(3.500414981820E0,4.059827725171E-1,-3.158E0));
#7665=CARTESIAN_POINT('',(3.500135966309E0,4.040052381997E-1,-3.158E0));
#7666=CARTESIAN_POINT('',(3.499800471153E0,3.990679481106E-1,-3.158E0));
#7667=CARTESIAN_POINT('',(3.500606229311E0,3.909540544612E-1,-3.158E0));
#7668=CARTESIAN_POINT('',(3.503375710121E0,3.817547099878E-1,-3.158E0));
#7669=CARTESIAN_POINT('',(3.508204144816E0,3.723660721763E-1,-3.158E0));
#7670=CARTESIAN_POINT('',(3.515265538640E0,3.629127132897E-1,-3.158E0));
#7671=CARTESIAN_POINT('',(3.524688771039E0,3.535682786233E-1,-3.158E0));
#7672=CARTESIAN_POINT('',(3.536467814200E0,3.444598083565E-1,-3.158E0));
#7673=CARTESIAN_POINT('',(3.550601915101E0,3.357014380108E-1,-3.158E0));
#7674=CARTESIAN_POINT('',(3.567127878335E0,3.274303462586E-1,-3.158E0));
#7675=CARTESIAN_POINT('',(3.586042142811E0,3.198041353658E-1,-3.158E0));
#7676=CARTESIAN_POINT('',(3.607053403398E0,3.129829597309E-1,-3.158E0));
#7677=CARTESIAN_POINT('',(3.629328596168E0,3.073250790375E-1,-3.158E0));
#7678=CARTESIAN_POINT('',(3.651651186812E0,3.031798496252E-1,-3.158E0));
#7679=CARTESIAN_POINT('',(3.672739116797E0,3.006508214621E-1,-3.158E0));
#7680=CARTESIAN_POINT('',(3.688278209371E0,2.999037964869E-1,-3.158E0));
#7681=CARTESIAN_POINT('',(3.696654702748E0,3.000301890349E-1,-3.158E0));
#7682=CARTESIAN_POINT('',(3.698654692226E0,3.000934444427E-1,-3.158E0));
#7684=DIRECTION('',(0.E0,0.E0,-1.E0));
#7685=VECTOR('',#7684,1.E0);
#7686=SURFACE_OF_LINEAR_EXTRUSION('',#7683,#7685);
#7687=ORIENTED_EDGE('',*,*,#6569,.F.);
#7688=ORIENTED_EDGE('',*,*,#7659,.F.);
#7689=ORIENTED_EDGE('',*,*,#6723,.F.);
#7691=ORIENTED_EDGE('',*,*,#7690,.T.);
#7692=EDGE_LOOP('',(#7687,#7688,#7689,#7691));
#7693=FACE_OUTER_BOUND('',#7692,.F.);
#7695=CARTESIAN_POINT('',(3.5E0,4.25E-1,-3.158E0));
#7696=DIRECTION('',(1.E0,0.E0,0.E0));
#7697=DIRECTION('',(0.E0,-1.E0,0.E0));
#7698=AXIS2_PLACEMENT_3D('',#7695,#7696,#7697);
#7699=PLANE('',#7698);
#7700=ORIENTED_EDGE('',*,*,#6477,.T.);
#7701=ORIENTED_EDGE('',*,*,#7690,.F.);
#7702=ORIENTED_EDGE('',*,*,#6721,.F.);
#7704=ORIENTED_EDGE('',*,*,#7703,.T.);
#7705=EDGE_LOOP('',(#7700,#7701,#7702,#7704));
#7706=FACE_OUTER_BOUND('',#7705,.F.);
#7708=CARTESIAN_POINT('',(3.4E0,4.25E-1,-3.158E0));
#7709=DIRECTION('',(0.E0,0.E0,-1.E0));
#7710=DIRECTION('',(1.E0,0.E0,0.E0));
#7711=AXIS2_PLACEMENT_3D('',#7708,#7709,#7710);
#7712=CYLINDRICAL_SURFACE('',#7711,1.E-1);
#7713=ORIENTED_EDGE('',*,*,#6719,.F.);
#7715=ORIENTED_EDGE('',*,*,#7714,.T.);
#7716=ORIENTED_EDGE('',*,*,#6479,.T.);
#7717=ORIENTED_EDGE('',*,*,#7703,.F.);
#7718=EDGE_LOOP('',(#7713,#7715,#7716,#7717));
#7719=FACE_OUTER_BOUND('',#7718,.F.);
#7721=CARTESIAN_POINT('',(3.320710678119E0,6.457106781187E-1,-3.158E0));
#7722=DIRECTION('',(7.071067811865E-1,7.071067811865E-1,0.E0));
#7723=DIRECTION('',(7.071067811865E-1,-7.071067811865E-1,0.E0));
#7724=AXIS2_PLACEMENT_3D('',#7721,#7722,#7723);
#7725=PLANE('',#7724);
#7726=ORIENTED_EDGE('',*,*,#5066,.T.);
#7728=ORIENTED_EDGE('',*,*,#7727,.T.);
#7729=ORIENTED_EDGE('',*,*,#6481,.T.);
#7730=ORIENTED_EDGE('',*,*,#7714,.F.);
#7731=ORIENTED_EDGE('',*,*,#6717,.F.);
#7733=ORIENTED_EDGE('',*,*,#7732,.F.);
#7734=EDGE_LOOP('',(#7726,#7728,#7729,#7730,#7731,#7733));
#7735=FACE_OUTER_BOUND('',#7734,.F.);
#7737=CARTESIAN_POINT('',(3.25E0,5.75E-1,-3.158E0));
#7738=DIRECTION('',(0.E0,0.E0,-1.E0));
#7739=DIRECTION('',(1.E0,0.E0,0.E0));
#7740=AXIS2_PLACEMENT_3D('',#7737,#7738,#7739);
#7741=CYLINDRICAL_SURFACE('',#7740,1.E-1);
#7742=ORIENTED_EDGE('',*,*,#5064,.F.);
#7744=ORIENTED_EDGE('',*,*,#7743,.T.);
#7745=ORIENTED_EDGE('',*,*,#6483,.T.);
#7746=ORIENTED_EDGE('',*,*,#7727,.F.);
#7747=EDGE_LOOP('',(#7742,#7744,#7745,#7746));
#7748=FACE_OUTER_BOUND('',#7747,.F.);
#7750=CARTESIAN_POINT('',(2.349802646526E0,6.75E-1,-3.158E0));
#7751=DIRECTION('',(0.E0,1.E0,0.E0));
#7752=DIRECTION('',(1.E0,0.E0,0.E0));
#7753=AXIS2_PLACEMENT_3D('',#7750,#7751,#7752);
#7754=PLANE('',#7753);
#7755=ORIENTED_EDGE('',*,*,#5062,.F.);
#7757=ORIENTED_EDGE('',*,*,#7756,.T.);
#7758=ORIENTED_EDGE('',*,*,#6485,.T.);
#7759=ORIENTED_EDGE('',*,*,#7743,.F.);
#7760=EDGE_LOOP('',(#7755,#7757,#7758,#7759));
#7761=FACE_OUTER_BOUND('',#7760,.F.);
#7763=CARTESIAN_POINT('',(2.349802646526E0,4.75E-1,-3.158E0));
#7764=DIRECTION('',(0.E0,0.E0,-1.E0));
#7765=DIRECTION('',(1.E0,0.E0,0.E0));
#7766=AXIS2_PLACEMENT_3D('',#7763,#7764,#7765);
#7767=CYLINDRICAL_SURFACE('',#7766,2.E-1);
#7768=ORIENTED_EDGE('',*,*,#5060,.F.);
#7770=ORIENTED_EDGE('',*,*,#7769,.T.);
#7771=ORIENTED_EDGE('',*,*,#6487,.T.);
#7772=ORIENTED_EDGE('',*,*,#7756,.F.);
#7773=EDGE_LOOP('',(#7768,#7770,#7771,#7772));
#7774=FACE_OUTER_BOUND('',#7773,.F.);
#7776=CARTESIAN_POINT('',(1.96E0,5.647435053981E-1,-3.158E0));
#7777=DIRECTION('',(0.E0,0.E0,-1.E0));
#7778=DIRECTION('',(1.E0,0.E0,0.E0));
#7779=AXIS2_PLACEMENT_3D('',#7776,#7777,#7778);
#7780=CYLINDRICAL_SURFACE('',#7779,2.E-1);
#7781=ORIENTED_EDGE('',*,*,#5058,.T.);
#7783=ORIENTED_EDGE('',*,*,#7782,.T.);
#7784=ORIENTED_EDGE('',*,*,#6489,.T.);
#7785=ORIENTED_EDGE('',*,*,#7769,.F.);
#7786=EDGE_LOOP('',(#7781,#7783,#7784,#7785));
#7787=FACE_OUTER_BOUND('',#7786,.F.);
#7789=CARTESIAN_POINT('',(2.05E0,1.75E-1,-3.158E0));
#7790=DIRECTION('',(0.E0,0.E0,-1.E0));
#7791=DIRECTION('',(1.E0,0.E0,0.E0));
#7792=AXIS2_PLACEMENT_3D('',#7789,#7790,#7791);
#7793=CYLINDRICAL_SURFACE('',#7792,2.E-1);
#7794=ORIENTED_EDGE('',*,*,#5056,.F.);
#7796=ORIENTED_EDGE('',*,*,#7795,.T.);
#7797=ORIENTED_EDGE('',*,*,#6491,.T.);
#7798=ORIENTED_EDGE('',*,*,#7782,.F.);
#7799=EDGE_LOOP('',(#7794,#7796,#7797,#7798));
#7800=FACE_OUTER_BOUND('',#7799,.F.);
#7802=CARTESIAN_POINT('',(1.85E0,-1.75E-1,-3.158E0));
#7803=DIRECTION('',(-1.E0,0.E0,0.E0));
#7804=DIRECTION('',(0.E0,1.E0,0.E0));
#7805=AXIS2_PLACEMENT_3D('',#7802,#7803,#7804);
#7806=PLANE('',#7805);
#7807=ORIENTED_EDGE('',*,*,#5054,.F.);
#7809=ORIENTED_EDGE('',*,*,#7808,.T.);
#7810=ORIENTED_EDGE('',*,*,#6493,.T.);
#7811=ORIENTED_EDGE('',*,*,#7795,.F.);
#7812=EDGE_LOOP('',(#7807,#7809,#7810,#7811));
#7813=FACE_OUTER_BOUND('',#7812,.F.);
#7815=CARTESIAN_POINT('',(2.05E0,-1.75E-1,-3.158E0));
#7816=DIRECTION('',(0.E0,0.E0,-1.E0));
#7817=DIRECTION('',(1.E0,0.E0,0.E0));
#7818=AXIS2_PLACEMENT_3D('',#7815,#7816,#7817);
#7819=CYLINDRICAL_SURFACE('',#7818,2.E-1);
#7820=ORIENTED_EDGE('',*,*,#5052,.F.);
#7822=ORIENTED_EDGE('',*,*,#7821,.T.);
#7823=ORIENTED_EDGE('',*,*,#6495,.T.);
#7824=ORIENTED_EDGE('',*,*,#7808,.F.);
#7825=EDGE_LOOP('',(#7820,#7822,#7823,#7824));
#7826=FACE_OUTER_BOUND('',#7825,.F.);
#7828=CARTESIAN_POINT('',(1.96E0,-5.647435053981E-1,-3.158E0));
#7829=DIRECTION('',(0.E0,0.E0,-1.E0));
#7830=DIRECTION('',(1.E0,0.E0,0.E0));
#7831=AXIS2_PLACEMENT_3D('',#7828,#7829,#7830);
#7832=CYLINDRICAL_SURFACE('',#7831,2.E-1);
#7833=ORIENTED_EDGE('',*,*,#5050,.T.);
#7835=ORIENTED_EDGE('',*,*,#7834,.T.);
#7836=ORIENTED_EDGE('',*,*,#6497,.T.);
#7837=ORIENTED_EDGE('',*,*,#7821,.F.);
#7838=EDGE_LOOP('',(#7833,#7835,#7836,#7837));
#7839=FACE_OUTER_BOUND('',#7838,.F.);
#7841=CARTESIAN_POINT('',(2.349802646526E0,-4.75E-1,-3.158E0));
#7842=DIRECTION('',(0.E0,0.E0,-1.E0));
#7843=DIRECTION('',(1.E0,0.E0,0.E0));
#7844=AXIS2_PLACEMENT_3D('',#7841,#7842,#7843);
#7845=CYLINDRICAL_SURFACE('',#7844,2.E-1);
#7846=ORIENTED_EDGE('',*,*,#5048,.F.);
#7848=ORIENTED_EDGE('',*,*,#7847,.T.);
#7849=ORIENTED_EDGE('',*,*,#6499,.T.);
#7850=ORIENTED_EDGE('',*,*,#7834,.F.);
#7851=EDGE_LOOP('',(#7846,#7848,#7849,#7850));
#7852=FACE_OUTER_BOUND('',#7851,.F.);
#7854=CARTESIAN_POINT('',(3.25E0,-6.75E-1,-3.158E0));
#7855=DIRECTION('',(0.E0,-1.E0,0.E0));
#7856=DIRECTION('',(-1.E0,0.E0,0.E0));
#7857=AXIS2_PLACEMENT_3D('',#7854,#7855,#7856);
#7858=PLANE('',#7857);
#7859=ORIENTED_EDGE('',*,*,#5046,.F.);
#7861=ORIENTED_EDGE('',*,*,#7860,.T.);
#7862=ORIENTED_EDGE('',*,*,#6501,.T.);
#7863=ORIENTED_EDGE('',*,*,#7847,.F.);
#7864=EDGE_LOOP('',(#7859,#7861,#7862,#7863));
#7865=FACE_OUTER_BOUND('',#7864,.F.);
#7867=CARTESIAN_POINT('',(3.25E0,-5.75E-1,-3.158E0));
#7868=DIRECTION('',(0.E0,0.E0,-1.E0));
#7869=DIRECTION('',(1.E0,0.E0,0.E0));
#7870=AXIS2_PLACEMENT_3D('',#7867,#7868,#7869);
#7871=CYLINDRICAL_SURFACE('',#7870,1.E-1);
#7872=ORIENTED_EDGE('',*,*,#5044,.F.);
#7874=ORIENTED_EDGE('',*,*,#7873,.T.);
#7875=ORIENTED_EDGE('',*,*,#6503,.T.);
#7876=ORIENTED_EDGE('',*,*,#7860,.F.);
#7877=EDGE_LOOP('',(#7872,#7874,#7875,#7876));
#7878=FACE_OUTER_BOUND('',#7877,.F.);
#7880=CARTESIAN_POINT('',(3.470710678119E0,-4.957106781187E-1,-3.158E0));
#7881=DIRECTION('',(7.071067811865E-1,-7.071067811865E-1,0.E0));
#7882=DIRECTION('',(-7.071067811865E-1,-7.071067811865E-1,0.E0));
#7883=AXIS2_PLACEMENT_3D('',#7880,#7881,#7882);
#7884=PLANE('',#7883);
#7885=ORIENTED_EDGE('',*,*,#5042,.F.);
#7887=ORIENTED_EDGE('',*,*,#7886,.T.);
#7888=ORIENTED_EDGE('',*,*,#6696,.F.);
#7889=ORIENTED_EDGE('',*,*,#6631,.T.);
#7890=ORIENTED_EDGE('',*,*,#6505,.T.);
#7891=ORIENTED_EDGE('',*,*,#7873,.F.);
#7892=EDGE_LOOP('',(#7885,#7887,#7888,#7889,#7890,#7891));
#7893=FACE_OUTER_BOUND('',#7892,.F.);
#7895=CARTESIAN_POINT('',(3.35E0,7.E-1,-1.25E0));
#7896=DIRECTION('',(1.E0,0.E0,0.E0));
#7897=DIRECTION('',(0.E0,0.E0,-1.E0));
#7898=AXIS2_PLACEMENT_3D('',#7895,#7896,#7897);
#7899=PLANE('',#7898);
#7900=ORIENTED_EDGE('',*,*,#5417,.T.);
#7901=ORIENTED_EDGE('',*,*,#5387,.F.);
#7902=ORIENTED_EDGE('',*,*,#5626,.F.);
#7903=ORIENTED_EDGE('',*,*,#5472,.T.);
#7904=EDGE_LOOP('',(#7900,#7901,#7902,#7903));
#7905=FACE_OUTER_BOUND('',#7904,.F.);
#7907=CARTESIAN_POINT('',(3.35E0,7.E-1,-1.25E0));
#7908=DIRECTION('',(1.E0,0.E0,0.E0));
#7909=DIRECTION('',(0.E0,0.E0,-1.E0));
#7910=AXIS2_PLACEMENT_3D('',#7907,#7908,#7909);
#7911=PLANE('',#7910);
#7912=ORIENTED_EDGE('',*,*,#5543,.F.);
#7913=ORIENTED_EDGE('',*,*,#5502,.T.);
#7914=ORIENTED_EDGE('',*,*,#5098,.T.);
#7915=ORIENTED_EDGE('',*,*,#5353,.F.);
#7916=EDGE_LOOP('',(#7912,#7913,#7914,#7915));
#7917=FACE_OUTER_BOUND('',#7916,.F.);
#7919=CARTESIAN_POINT('',(3.35E0,7.E-1,-1.25E0));
#7920=DIRECTION('',(1.E0,0.E0,0.E0));
#7921=DIRECTION('',(0.E0,0.E0,-1.E0));
#7922=AXIS2_PLACEMENT_3D('',#7919,#7920,#7921);
#7923=PLANE('',#7922);
#7924=ORIENTED_EDGE('',*,*,#7886,.F.);
#7925=ORIENTED_EDGE('',*,*,#5040,.T.);
#7926=ORIENTED_EDGE('',*,*,#5798,.F.);
#7927=ORIENTED_EDGE('',*,*,#6698,.T.);
#7928=EDGE_LOOP('',(#7924,#7925,#7926,#7927));
#7929=FACE_OUTER_BOUND('',#7928,.F.);
#7931=CARTESIAN_POINT('',(3.35E0,7.E-1,-1.25E0));
#7932=DIRECTION('',(1.E0,0.E0,0.E0));
#7933=DIRECTION('',(0.E0,0.E0,-1.E0));
#7934=AXIS2_PLACEMENT_3D('',#7931,#7932,#7933);
#7935=PLANE('',#7934);
#7936=ORIENTED_EDGE('',*,*,#7732,.T.);
#7937=ORIENTED_EDGE('',*,*,#6735,.T.);
#7938=ORIENTED_EDGE('',*,*,#5237,.T.);
#7939=ORIENTED_EDGE('',*,*,#5068,.T.);
#7940=EDGE_LOOP('',(#7936,#7937,#7938,#7939));
#7941=FACE_OUTER_BOUND('',#7940,.F.);
#7943=CARTESIAN_POINT('',(-3.75E0,3.E-1,-3.158E0));
#7944=DIRECTION('',(0.E0,1.E0,0.E0));
#7945=DIRECTION('',(1.E0,0.E0,0.E0));
#7946=AXIS2_PLACEMENT_3D('',#7943,#7944,#7945);
#7947=PLANE('',#7946);
#7948=ORIENTED_EDGE('',*,*,#6410,.F.);
#7949=ORIENTED_EDGE('',*,*,#6450,.F.);
#7950=ORIENTED_EDGE('',*,*,#6675,.F.);
#7951=ORIENTED_EDGE('',*,*,#6388,.T.);
#7952=EDGE_LOOP('',(#7948,#7949,#7950,#7951));
#7953=FACE_OUTER_BOUND('',#7952,.F.);
#7955=CARTESIAN_POINT('',(-1.95E0,-7.E-1,-3.85E0));
#7956=DIRECTION('',(0.E0,0.E0,1.E0));
#7957=DIRECTION('',(-1.E0,0.E0,0.E0));
#7958=AXIS2_PLACEMENT_3D('',#7955,#7956,#7957);
#7959=PLANE('',#7958);
#7960=ORIENTED_EDGE('',*,*,#5855,.F.);
#7961=ORIENTED_EDGE('',*,*,#5897,.F.);
#7962=ORIENTED_EDGE('',*,*,#5653,.T.);
#7963=ORIENTED_EDGE('',*,*,#6122,.T.);
#7964=EDGE_LOOP('',(#7960,#7961,#7962,#7963));
#7965=FACE_OUTER_BOUND('',#7964,.F.);
#7967=CARTESIAN_POINT('',(2.97E0,7.E-1,-1.25E0));
#7968=DIRECTION('',(1.E0,0.E0,0.E0));
#7969=DIRECTION('',(0.E0,0.E0,-1.E0));
#7970=AXIS2_PLACEMENT_3D('',#7967,#7968,#7969);
#7971=PLANE('',#7970);
#7972=ORIENTED_EDGE('',*,*,#5499,.T.);
#7973=ORIENTED_EDGE('',*,*,#6024,.T.);
#7974=ORIENTED_EDGE('',*,*,#5356,.F.);
#7975=ORIENTED_EDGE('',*,*,#5094,.F.);
#7976=EDGE_LOOP('',(#7972,#7973,#7974,#7975));
#7977=FACE_OUTER_BOUND('',#7976,.F.);
#7979=CARTESIAN_POINT('',(2.97E0,-7.E-1,-1.25E0));
#7980=DIRECTION('',(-1.E0,0.E0,0.E0));
#7981=DIRECTION('',(0.E0,0.E0,-1.E0));
#7982=AXIS2_PLACEMENT_3D('',#7979,#7980,#7981);
#7983=PLANE('',#7982);
#7984=ORIENTED_EDGE('',*,*,#5838,.F.);
#7985=ORIENTED_EDGE('',*,*,#5476,.F.);
#7986=ORIENTED_EDGE('',*,*,#5623,.T.);
#7987=ORIENTED_EDGE('',*,*,#5383,.T.);
#7988=EDGE_LOOP('',(#7984,#7985,#7986,#7987));
#7989=FACE_OUTER_BOUND('',#7988,.F.);
#7991=CARTESIAN_POINT('',(-1.35E0,0.E0,0.E0));
#7992=DIRECTION('',(-1.E0,0.E0,0.E0));
#7993=DIRECTION('',(0.E0,0.E0,1.E0));
#7994=AXIS2_PLACEMENT_3D('',#7991,#7992,#7993);
#7995=PLANE('',#7994);
#7996=ORIENTED_EDGE('',*,*,#5637,.F.);
#7998=ORIENTED_EDGE('',*,*,#7997,.F.);
#8000=ORIENTED_EDGE('',*,*,#7999,.F.);
#8002=ORIENTED_EDGE('',*,*,#8001,.F.);
#8004=ORIENTED_EDGE('',*,*,#8003,.F.);
#8006=ORIENTED_EDGE('',*,*,#8005,.F.);
#8008=ORIENTED_EDGE('',*,*,#8007,.F.);
#8010=ORIENTED_EDGE('',*,*,#8009,.F.);
#8012=ORIENTED_EDGE('',*,*,#8011,.F.);
#8014=ORIENTED_EDGE('',*,*,#8013,.F.);
#8015=ORIENTED_EDGE('',*,*,#4897,.F.);
#8016=ORIENTED_EDGE('',*,*,#4993,.F.);
#8017=EDGE_LOOP('',(#7996,#7998,#8000,#8002,#8004,#8006,#8008,#8010,#8012,#8014,
#8015,#8016));
#8018=FACE_OUTER_BOUND('',#8017,.F.);
#8020=CARTESIAN_POINT('',(-1.35E0,0.E0,0.E0));
#8021=DIRECTION('',(-1.E0,0.E0,0.E0));
#8022=DIRECTION('',(0.E0,0.E0,1.E0));
#8023=AXIS2_PLACEMENT_3D('',#8020,#8021,#8022);
#8024=PLANE('',#8023);
#8025=ORIENTED_EDGE('',*,*,#4957,.F.);
#8027=ORIENTED_EDGE('',*,*,#8026,.F.);
#8029=ORIENTED_EDGE('',*,*,#8028,.F.);
#8031=ORIENTED_EDGE('',*,*,#8030,.F.);
#8032=ORIENTED_EDGE('',*,*,#5110,.F.);
#8033=EDGE_LOOP('',(#8025,#8027,#8029,#8031,#8032));
#8034=FACE_OUTER_BOUND('',#8033,.F.);
#8036=CARTESIAN_POINT('',(1.7E0,-1.E0,-3.85E0));
#8037=DIRECTION('',(0.E0,0.E0,-1.E0));
#8038=DIRECTION('',(0.E0,1.E0,0.E0));
#8039=AXIS2_PLACEMENT_3D('',#8036,#8037,#8038);
#8040=PLANE('',#8039);
#8042=ORIENTED_EDGE('',*,*,#8041,.T.);
#8043=ORIENTED_EDGE('',*,*,#5750,.T.);
#8045=ORIENTED_EDGE('',*,*,#8044,.F.);
#8047=ORIENTED_EDGE('',*,*,#8046,.T.);
#8049=ORIENTED_EDGE('',*,*,#8048,.T.);
#8050=ORIENTED_EDGE('',*,*,#5735,.T.);
#8052=ORIENTED_EDGE('',*,*,#8051,.F.);
#8054=ORIENTED_EDGE('',*,*,#8053,.T.);
#8056=ORIENTED_EDGE('',*,*,#8055,.T.);
#8057=ORIENTED_EDGE('',*,*,#5720,.T.);
#8059=ORIENTED_EDGE('',*,*,#8058,.F.);
#8061=ORIENTED_EDGE('',*,*,#8060,.T.);
#8063=ORIENTED_EDGE('',*,*,#8062,.T.);
#8064=ORIENTED_EDGE('',*,*,#5705,.T.);
#8066=ORIENTED_EDGE('',*,*,#8065,.F.);
#8068=ORIENTED_EDGE('',*,*,#8067,.T.);
#8070=ORIENTED_EDGE('',*,*,#8069,.T.);
#8071=ORIENTED_EDGE('',*,*,#5690,.T.);
#8073=ORIENTED_EDGE('',*,*,#8072,.F.);
#8075=ORIENTED_EDGE('',*,*,#8074,.T.);
#8076=ORIENTED_EDGE('',*,*,#7997,.T.);
#8077=ORIENTED_EDGE('',*,*,#5675,.T.);
#8079=ORIENTED_EDGE('',*,*,#8078,.F.);
#8081=ORIENTED_EDGE('',*,*,#8080,.F.);
#8083=ORIENTED_EDGE('',*,*,#8082,.T.);
#8084=ORIENTED_EDGE('',*,*,#5762,.T.);
#8086=ORIENTED_EDGE('',*,*,#8085,.F.);
#8088=ORIENTED_EDGE('',*,*,#8087,.T.);
#8089=EDGE_LOOP('',(#8042,#8043,#8045,#8047,#8049,#8050,#8052,#8054,#8056,#8057,
#8059,#8061,#8063,#8064,#8066,#8068,#8070,#8071,#8073,#8075,#8076,#8077,#8079,
#8081,#8083,#8084,#8086,#8088));
#8090=FACE_OUTER_BOUND('',#8089,.F.);
#8092=CARTESIAN_POINT('',(1.15E0,0.E0,0.E0));
#8093=DIRECTION('',(-1.E0,0.E0,0.E0));
#8094=DIRECTION('',(0.E0,0.E0,1.E0));
#8095=AXIS2_PLACEMENT_3D('',#8092,#8093,#8094);
#8096=PLANE('',#8095);
#8098=ORIENTED_EDGE('',*,*,#8097,.F.);
#8100=ORIENTED_EDGE('',*,*,#8099,.F.);
#8102=ORIENTED_EDGE('',*,*,#8101,.F.);
#8104=ORIENTED_EDGE('',*,*,#8103,.F.);
#8106=ORIENTED_EDGE('',*,*,#8105,.F.);
#8108=ORIENTED_EDGE('',*,*,#8107,.F.);
#8110=ORIENTED_EDGE('',*,*,#8109,.F.);
#8112=ORIENTED_EDGE('',*,*,#8111,.F.);
#8114=ORIENTED_EDGE('',*,*,#8113,.F.);
#8115=ORIENTED_EDGE('',*,*,#5032,.F.);
#8116=ORIENTED_EDGE('',*,*,#5745,.F.);
#8117=ORIENTED_EDGE('',*,*,#8041,.F.);
#8118=EDGE_LOOP('',(#8098,#8100,#8102,#8104,#8106,#8108,#8110,#8112,#8114,#8115,
#8116,#8117));
#8119=FACE_OUTER_BOUND('',#8118,.F.);
#8121=CARTESIAN_POINT('',(1.15E0,0.E0,0.E0));
#8122=DIRECTION('',(-1.E0,0.E0,0.E0));
#8123=DIRECTION('',(0.E0,0.E0,1.E0));
#8124=AXIS2_PLACEMENT_3D('',#8121,#8122,#8123);
#8125=PLANE('',#8124);
#8126=ORIENTED_EDGE('',*,*,#4917,.F.);
#8128=ORIENTED_EDGE('',*,*,#8127,.F.);
#8130=ORIENTED_EDGE('',*,*,#8129,.F.);
#8132=ORIENTED_EDGE('',*,*,#8131,.F.);
#8133=ORIENTED_EDGE('',*,*,#5219,.F.);
#8134=EDGE_LOOP('',(#8126,#8128,#8130,#8132,#8133));
#8135=FACE_OUTER_BOUND('',#8134,.F.);
#8137=CARTESIAN_POINT('',(1.15E0,-8.3E-1,-3.95E0));
#8138=DIRECTION('',(-1.E0,0.E0,0.E0));
#8139=DIRECTION('',(0.E0,0.E0,1.E0));
#8140=AXIS2_PLACEMENT_3D('',#8137,#8138,#8139);
#8141=CYLINDRICAL_SURFACE('',#8140,1.E-1);
#8142=ORIENTED_EDGE('',*,*,#8097,.T.);
#8143=ORIENTED_EDGE('',*,*,#8087,.F.);
#8145=ORIENTED_EDGE('',*,*,#8144,.T.);
#8147=ORIENTED_EDGE('',*,*,#8146,.F.);
#8148=EDGE_LOOP('',(#8142,#8143,#8145,#8147));
#8149=FACE_OUTER_BOUND('',#8148,.F.);
#8151=CARTESIAN_POINT('',(1.35E0,0.E0,0.E0));
#8152=DIRECTION('',(-1.E0,0.E0,0.E0));
#8153=DIRECTION('',(0.E0,0.E0,1.E0));
#8154=AXIS2_PLACEMENT_3D('',#8151,#8152,#8153);
#8155=PLANE('',#8154);
#8156=ORIENTED_EDGE('',*,*,#5760,.T.);
#8157=ORIENTED_EDGE('',*,*,#5036,.T.);
#8159=ORIENTED_EDGE('',*,*,#8158,.T.);
#8161=ORIENTED_EDGE('',*,*,#8160,.T.);
#8163=ORIENTED_EDGE('',*,*,#8162,.T.);
#8165=ORIENTED_EDGE('',*,*,#8164,.T.);
#8167=ORIENTED_EDGE('',*,*,#8166,.T.);
#8169=ORIENTED_EDGE('',*,*,#8168,.T.);
#8171=ORIENTED_EDGE('',*,*,#8170,.T.);
#8173=ORIENTED_EDGE('',*,*,#8172,.F.);
#8174=ORIENTED_EDGE('',*,*,#8144,.F.);
#8175=ORIENTED_EDGE('',*,*,#8085,.T.);
#8176=EDGE_LOOP('',(#8156,#8157,#8159,#8161,#8163,#8165,#8167,#8169,#8171,#8173,
#8174,#8175));
#8177=FACE_OUTER_BOUND('',#8176,.F.);
#8179=CARTESIAN_POINT('',(1.35E0,0.E0,0.E0));
#8180=DIRECTION('',(-1.E0,0.E0,0.E0));
#8181=DIRECTION('',(0.E0,0.E0,1.E0));
#8182=AXIS2_PLACEMENT_3D('',#8179,#8180,#8181);
#8183=PLANE('',#8182);
#8185=ORIENTED_EDGE('',*,*,#8184,.T.);
#8187=ORIENTED_EDGE('',*,*,#8186,.F.);
#8188=ORIENTED_EDGE('',*,*,#4913,.T.);
#8189=ORIENTED_EDGE('',*,*,#5234,.T.);
#8191=ORIENTED_EDGE('',*,*,#8190,.T.);
#8192=EDGE_LOOP('',(#8185,#8187,#8188,#8189,#8191));
#8193=FACE_OUTER_BOUND('',#8192,.F.);
#8195=CARTESIAN_POINT('',(1.15E0,-2.515371664817E-1,-3.85E0));
#8196=DIRECTION('',(0.E0,8.191520442890E-1,-5.735764363510E-1));
#8197=DIRECTION('',(0.E0,-5.735764363510E-1,-8.191520442890E-1));
#8198=AXIS2_PLACEMENT_3D('',#8195,#8196,#8197);
#8199=PLANE('',#8198);
#8200=ORIENTED_EDGE('',*,*,#5034,.T.);
#8201=ORIENTED_EDGE('',*,*,#8113,.T.);
#8203=ORIENTED_EDGE('',*,*,#8202,.T.);
#8204=ORIENTED_EDGE('',*,*,#8158,.F.);
#8205=EDGE_LOOP('',(#8200,#8201,#8203,#8204));
#8206=FACE_OUTER_BOUND('',#8205,.F.);
#8208=CARTESIAN_POINT('',(1.15E0,-6.3E-1,-4.599714556790E0));
#8209=DIRECTION('',(-1.E0,0.E0,0.E0));
#8210=DIRECTION('',(0.E0,0.E0,1.E0));
#8211=AXIS2_PLACEMENT_3D('',#8208,#8209,#8210);
#8212=CYLINDRICAL_SURFACE('',#8211,1.2E-1);
#8213=ORIENTED_EDGE('',*,*,#8111,.T.);
#8215=ORIENTED_EDGE('',*,*,#8214,.T.);
#8216=ORIENTED_EDGE('',*,*,#8160,.F.);
#8217=ORIENTED_EDGE('',*,*,#8202,.F.);
#8218=EDGE_LOOP('',(#8213,#8215,#8216,#8217));
#8219=FACE_OUTER_BOUND('',#8218,.F.);
#8221=CARTESIAN_POINT('',(1.15E0,-7.5E-1,-4.599714556790E0));
#8222=DIRECTION('',(0.E0,1.E0,0.E0));
#8223=DIRECTION('',(0.E0,0.E0,-1.E0));
#8224=AXIS2_PLACEMENT_3D('',#8221,#8222,#8223);
#8225=PLANE('',#8224);
#8226=ORIENTED_EDGE('',*,*,#8109,.T.);
#8228=ORIENTED_EDGE('',*,*,#8227,.T.);
#8229=ORIENTED_EDGE('',*,*,#8162,.F.);
#8230=ORIENTED_EDGE('',*,*,#8214,.F.);
#8231=EDGE_LOOP('',(#8226,#8228,#8229,#8230));
#8232=FACE_OUTER_BOUND('',#8231,.F.);
#8234=CARTESIAN_POINT('',(1.15E0,-7.5E-1,-5.2E0));
#8235=DIRECTION('',(0.E0,0.E0,-1.E0));
#8236=DIRECTION('',(0.E0,-1.E0,0.E0));
#8237=AXIS2_PLACEMENT_3D('',#8234,#8235,#8236);
#8238=PLANE('',#8237);
#8239=ORIENTED_EDGE('',*,*,#8107,.T.);
#8241=ORIENTED_EDGE('',*,*,#8240,.T.);
#8242=ORIENTED_EDGE('',*,*,#8164,.F.);
#8243=ORIENTED_EDGE('',*,*,#8227,.F.);
#8244=EDGE_LOOP('',(#8239,#8241,#8242,#8243));
#8245=FACE_OUTER_BOUND('',#8244,.F.);
#8247=CARTESIAN_POINT('',(1.15E0,-1.02E0,-5.2E0));
#8248=DIRECTION('',(0.E0,-1.E0,0.E0));
#8249=DIRECTION('',(0.E0,0.E0,1.E0));
#8250=AXIS2_PLACEMENT_3D('',#8247,#8248,#8249);
#8251=PLANE('',#8250);
#8252=ORIENTED_EDGE('',*,*,#8105,.T.);
#8254=ORIENTED_EDGE('',*,*,#8253,.T.);
#8255=ORIENTED_EDGE('',*,*,#8166,.F.);
#8256=ORIENTED_EDGE('',*,*,#8240,.F.);
#8257=EDGE_LOOP('',(#8252,#8254,#8255,#8256));
#8258=FACE_OUTER_BOUND('',#8257,.F.);
#8260=CARTESIAN_POINT('',(1.15E0,-9.2E-1,-4.449971039896E0));
#8261=DIRECTION('',(-1.E0,0.E0,0.E0));
#8262=DIRECTION('',(0.E0,0.E0,1.E0));
#8263=AXIS2_PLACEMENT_3D('',#8260,#8261,#8262);
#8264=CYLINDRICAL_SURFACE('',#8263,1.E-1);
#8265=ORIENTED_EDGE('',*,*,#8103,.T.);
#8267=ORIENTED_EDGE('',*,*,#8266,.T.);
#8268=ORIENTED_EDGE('',*,*,#8168,.F.);
#8269=ORIENTED_EDGE('',*,*,#8253,.F.);
#8270=EDGE_LOOP('',(#8265,#8267,#8268,#8269));
#8271=FACE_OUTER_BOUND('',#8270,.F.);
#8273=CARTESIAN_POINT('',(1.15E0,-1.000107625094E0,-4.390114808794E0));
#8274=DIRECTION('',(0.E0,-8.010762509420E-1,5.985623110226E-1));
#8275=DIRECTION('',(0.E0,5.985623110226E-1,8.010762509420E-1));
#8276=AXIS2_PLACEMENT_3D('',#8273,#8274,#8275);
#8277=PLANE('',#8276);
#8278=ORIENTED_EDGE('',*,*,#8101,.T.);
#8280=ORIENTED_EDGE('',*,*,#8279,.T.);
#8281=ORIENTED_EDGE('',*,*,#8170,.F.);
#8282=ORIENTED_EDGE('',*,*,#8266,.F.);
#8283=EDGE_LOOP('',(#8278,#8280,#8281,#8282));
#8284=FACE_OUTER_BOUND('',#8283,.F.);
#8286=CARTESIAN_POINT('',(1.15E0,-9.268387143556E-1,-4.124989555495E0));
#8287=DIRECTION('',(-1.E0,0.E0,0.E0));
#8288=DIRECTION('',(0.E0,0.E0,1.E0));
#8289=AXIS2_PLACEMENT_3D('',#8286,#8287,#8288);
#8290=CYLINDRICAL_SURFACE('',#8289,1.E-1);
#8291=ORIENTED_EDGE('',*,*,#8099,.T.);
#8292=ORIENTED_EDGE('',*,*,#8146,.T.);
#8293=ORIENTED_EDGE('',*,*,#8172,.T.);
#8294=ORIENTED_EDGE('',*,*,#8279,.F.);
#8295=EDGE_LOOP('',(#8291,#8292,#8293,#8294));
#8296=FACE_OUTER_BOUND('',#8295,.F.);
#8298=CARTESIAN_POINT('',(1.15E0,8.3E-1,-3.95E0));
#8299=DIRECTION('',(-1.E0,0.E0,0.E0));
#8300=DIRECTION('',(0.E0,0.E0,1.E0));
#8301=AXIS2_PLACEMENT_3D('',#8298,#8299,#8300);
#8302=CYLINDRICAL_SURFACE('',#8301,1.E-1);
#8304=ORIENTED_EDGE('',*,*,#8303,.T.);
#8305=ORIENTED_EDGE('',*,*,#8129,.T.);
#8307=ORIENTED_EDGE('',*,*,#8306,.T.);
#8308=ORIENTED_EDGE('',*,*,#8184,.F.);
#8309=EDGE_LOOP('',(#8304,#8305,#8307,#8308));
#8310=FACE_OUTER_BOUND('',#8309,.F.);
#8312=CARTESIAN_POINT('',(1.7E0,7.E-1,-3.85E0));
#8313=DIRECTION('',(0.E0,0.E0,-1.E0));
#8314=DIRECTION('',(0.E0,1.E0,0.E0));
#8315=AXIS2_PLACEMENT_3D('',#8312,#8313,#8314);
#8316=PLANE('',#8315);
#8317=ORIENTED_EDGE('',*,*,#8131,.T.);
#8318=ORIENTED_EDGE('',*,*,#8303,.F.);
#8319=ORIENTED_EDGE('',*,*,#8190,.F.);
#8320=ORIENTED_EDGE('',*,*,#5273,.F.);
#8322=ORIENTED_EDGE('',*,*,#8321,.T.);
#8324=ORIENTED_EDGE('',*,*,#8323,.T.);
#8326=ORIENTED_EDGE('',*,*,#8325,.F.);
#8327=ORIENTED_EDGE('',*,*,#5112,.F.);
#8328=ORIENTED_EDGE('',*,*,#8030,.T.);
#8330=ORIENTED_EDGE('',*,*,#8329,.F.);
#8332=ORIENTED_EDGE('',*,*,#8331,.F.);
#8333=ORIENTED_EDGE('',*,*,#5161,.F.);
#8335=ORIENTED_EDGE('',*,*,#8334,.T.);
#8337=ORIENTED_EDGE('',*,*,#8336,.F.);
#8339=ORIENTED_EDGE('',*,*,#8338,.F.);
#8340=ORIENTED_EDGE('',*,*,#5176,.F.);
#8342=ORIENTED_EDGE('',*,*,#8341,.T.);
#8344=ORIENTED_EDGE('',*,*,#8343,.F.);
#8346=ORIENTED_EDGE('',*,*,#8345,.F.);
#8347=ORIENTED_EDGE('',*,*,#5191,.F.);
#8349=ORIENTED_EDGE('',*,*,#8348,.T.);
#8351=ORIENTED_EDGE('',*,*,#8350,.F.);
#8353=ORIENTED_EDGE('',*,*,#8352,.F.);
#8354=ORIENTED_EDGE('',*,*,#5206,.F.);
#8356=ORIENTED_EDGE('',*,*,#8355,.T.);
#8358=ORIENTED_EDGE('',*,*,#8357,.F.);
#8360=ORIENTED_EDGE('',*,*,#8359,.F.);
#8361=ORIENTED_EDGE('',*,*,#5221,.F.);
#8362=EDGE_LOOP('',(#8317,#8318,#8319,#8320,#8322,#8324,#8326,#8327,#8328,#8330,
#8332,#8333,#8335,#8337,#8339,#8340,#8342,#8344,#8346,#8347,#8349,#8351,#8353,
#8354,#8356,#8358,#8360,#8361));
#8363=FACE_OUTER_BOUND('',#8362,.F.);
#8365=CARTESIAN_POINT('',(1.7E0,-9.E-1,0.E0));
#8366=DIRECTION('',(1.E0,0.E0,0.E0));
#8367=DIRECTION('',(0.E0,1.E0,0.E0));
#8368=AXIS2_PLACEMENT_3D('',#8365,#8366,#8367);
#8369=PLANE('',#8368);
#8370=ORIENTED_EDGE('',*,*,#5764,.F.);
#8371=ORIENTED_EDGE('',*,*,#8082,.F.);
#8373=ORIENTED_EDGE('',*,*,#8372,.F.);
#8375=ORIENTED_EDGE('',*,*,#8374,.F.);
#8377=ORIENTED_EDGE('',*,*,#8376,.F.);
#8379=ORIENTED_EDGE('',*,*,#8378,.F.);
#8381=ORIENTED_EDGE('',*,*,#8380,.T.);
#8382=EDGE_LOOP('',(#8370,#8371,#8373,#8375,#8377,#8379,#8381));
#8383=FACE_OUTER_BOUND('',#8382,.F.);
#8385=CARTESIAN_POINT('',(1.7E0,-9.E-1,0.E0));
#8386=DIRECTION('',(1.E0,0.E0,0.E0));
#8387=DIRECTION('',(0.E0,1.E0,0.E0));
#8388=AXIS2_PLACEMENT_3D('',#8385,#8386,#8387);
#8389=PLANE('',#8388);
#8390=ORIENTED_EDGE('',*,*,#5492,.T.);
#8392=ORIENTED_EDGE('',*,*,#8391,.F.);
#8394=ORIENTED_EDGE('',*,*,#8393,.F.);
#8395=ORIENTED_EDGE('',*,*,#8321,.F.);
#8396=ORIENTED_EDGE('',*,*,#5271,.F.);
#8397=EDGE_LOOP('',(#8390,#8392,#8394,#8395,#8396));
#8398=FACE_OUTER_BOUND('',#8397,.F.);
#8400=CARTESIAN_POINT('',(1.7E0,-1.E0,-1.5E-1));
#8401=DIRECTION('',(0.E0,-1.E0,0.E0));
#8402=DIRECTION('',(0.E0,0.E0,-1.E0));
#8403=AXIS2_PLACEMENT_3D('',#8400,#8401,#8402);
#8404=PLANE('',#8403);
#8405=ORIENTED_EDGE('',*,*,#8372,.T.);
#8406=ORIENTED_EDGE('',*,*,#8080,.T.);
#8408=ORIENTED_EDGE('',*,*,#8407,.F.);
#8410=ORIENTED_EDGE('',*,*,#8409,.F.);
#8411=EDGE_LOOP('',(#8405,#8406,#8408,#8410));
#8412=FACE_OUTER_BOUND('',#8411,.F.);
#8414=CARTESIAN_POINT('',(-1.7E0,1.E-1,0.E0));
#8415=DIRECTION('',(-1.E0,0.E0,0.E0));
#8416=DIRECTION('',(0.E0,-1.E0,0.E0));
#8417=AXIS2_PLACEMENT_3D('',#8414,#8415,#8416);
#8418=PLANE('',#8417);
#8419=ORIENTED_EDGE('',*,*,#5673,.F.);
#8421=ORIENTED_EDGE('',*,*,#8420,.F.);
#8423=ORIENTED_EDGE('',*,*,#8422,.T.);
#8425=ORIENTED_EDGE('',*,*,#8424,.T.);
#8427=ORIENTED_EDGE('',*,*,#8426,.T.);
#8428=ORIENTED_EDGE('',*,*,#8407,.T.);
#8429=ORIENTED_EDGE('',*,*,#8078,.T.);
#8430=EDGE_LOOP('',(#8419,#8421,#8423,#8425,#8427,#8428,#8429));
#8431=FACE_OUTER_BOUND('',#8430,.F.);
#8433=CARTESIAN_POINT('',(-1.7E0,1.E-1,0.E0));
#8434=DIRECTION('',(-1.E0,0.E0,0.E0));
#8435=DIRECTION('',(0.E0,-1.E0,0.E0));
#8436=AXIS2_PLACEMENT_3D('',#8433,#8434,#8435);
#8437=PLANE('',#8436);
#8438=ORIENTED_EDGE('',*,*,#5441,.F.);
#8439=ORIENTED_EDGE('',*,*,#5114,.F.);
#8440=ORIENTED_EDGE('',*,*,#8325,.T.);
#8442=ORIENTED_EDGE('',*,*,#8441,.T.);
#8444=ORIENTED_EDGE('',*,*,#8443,.T.);
#8445=EDGE_LOOP('',(#8438,#8439,#8440,#8442,#8444));
#8446=FACE_OUTER_BOUND('',#8445,.F.);
#8448=CARTESIAN_POINT('',(1.7E0,1.E0,-1.25E0));
#8449=DIRECTION('',(0.E0,0.E0,1.E0));
#8450=DIRECTION('',(0.E0,-1.E0,0.E0));
#8451=AXIS2_PLACEMENT_3D('',#8448,#8449,#8450);
#8452=PLANE('',#8451);
#8454=ORIENTED_EDGE('',*,*,#8453,.F.);
#8455=ORIENTED_EDGE('',*,*,#8443,.F.);
#8457=ORIENTED_EDGE('',*,*,#8456,.F.);
#8458=ORIENTED_EDGE('',*,*,#8391,.T.);
#8459=EDGE_LOOP('',(#8454,#8455,#8457,#8458));
#8460=FACE_OUTER_BOUND('',#8459,.F.);
#8462=CARTESIAN_POINT('',(1.7E0,1.E0,-1.25E0));
#8463=DIRECTION('',(0.E0,0.E0,1.E0));
#8464=DIRECTION('',(0.E0,-1.E0,0.E0));
#8465=AXIS2_PLACEMENT_3D('',#8462,#8463,#8464);
#8466=PLANE('',#8465);
#8468=ORIENTED_EDGE('',*,*,#8467,.F.);
#8470=ORIENTED_EDGE('',*,*,#8469,.F.);
#8471=ORIENTED_EDGE('',*,*,#8420,.T.);
#8472=ORIENTED_EDGE('',*,*,#5671,.F.);
#8473=EDGE_LOOP('',(#8468,#8470,#8471,#8472));
#8474=FACE_OUTER_BOUND('',#8473,.F.);
#8476=CARTESIAN_POINT('',(1.7E0,1.E0,-1.25E0));
#8477=DIRECTION('',(0.E0,0.E0,1.E0));
#8478=DIRECTION('',(0.E0,-1.E0,0.E0));
#8479=AXIS2_PLACEMENT_3D('',#8476,#8477,#8478);
#8480=PLANE('',#8479);
#8482=ORIENTED_EDGE('',*,*,#8481,.T.);
#8483=ORIENTED_EDGE('',*,*,#5766,.F.);
#8484=ORIENTED_EDGE('',*,*,#8380,.F.);
#8486=ORIENTED_EDGE('',*,*,#8485,.F.);
#8487=EDGE_LOOP('',(#8482,#8483,#8484,#8486));
#8488=FACE_OUTER_BOUND('',#8487,.F.);
#8490=CARTESIAN_POINT('',(4.3E0,9.E-1,0.E0));
#8491=DIRECTION('',(0.E0,1.E0,0.E0));
#8492=DIRECTION('',(-1.E0,0.E0,0.E0));
#8493=AXIS2_PLACEMENT_3D('',#8490,#8491,#8492);
#8494=PLANE('',#8493);
#8496=ORIENTED_EDGE('',*,*,#8495,.F.);
#8498=ORIENTED_EDGE('',*,*,#8497,.F.);
#8499=ORIENTED_EDGE('',*,*,#5443,.T.);
#8500=ORIENTED_EDGE('',*,*,#8453,.T.);
#8501=ORIENTED_EDGE('',*,*,#5490,.T.);
#8503=ORIENTED_EDGE('',*,*,#8502,.T.);
#8505=ORIENTED_EDGE('',*,*,#8504,.F.);
#8507=ORIENTED_EDGE('',*,*,#8506,.F.);
#8508=EDGE_LOOP('',(#8496,#8498,#8499,#8500,#8501,#8503,#8505,#8507));
#8509=FACE_OUTER_BOUND('',#8508,.F.);
#8511=CARTESIAN_POINT('',(-3.9E0,3.6072E0,-4.E-1));
#8512=DIRECTION('',(0.E0,-1.E0,0.E0));
#8513=DIRECTION('',(0.E0,0.E0,1.E0));
#8514=AXIS2_PLACEMENT_3D('',#8511,#8512,#8513);
#8515=CYLINDRICAL_SURFACE('',#8514,4.E-1);
#8517=ORIENTED_EDGE('',*,*,#8516,.T.);
#8519=ORIENTED_EDGE('',*,*,#8518,.F.);
#8520=ORIENTED_EDGE('',*,*,#8495,.T.);
#8522=ORIENTED_EDGE('',*,*,#8521,.T.);
#8523=EDGE_LOOP('',(#8517,#8519,#8520,#8522));
#8524=FACE_OUTER_BOUND('',#8523,.F.);
#8526=CARTESIAN_POINT('',(-4.3E0,-9.E-1,0.E0));
#8527=DIRECTION('',(0.E0,-1.E0,0.E0));
#8528=DIRECTION('',(1.E0,0.E0,0.E0));
#8529=AXIS2_PLACEMENT_3D('',#8526,#8527,#8528);
#8530=PLANE('',#8529);
#8532=ORIENTED_EDGE('',*,*,#8531,.F.);
#8534=ORIENTED_EDGE('',*,*,#8533,.T.);
#8535=ORIENTED_EDGE('',*,*,#5447,.T.);
#8537=ORIENTED_EDGE('',*,*,#8536,.T.);
#8538=ORIENTED_EDGE('',*,*,#8516,.F.);
#8540=ORIENTED_EDGE('',*,*,#8539,.F.);
#8541=EDGE_LOOP('',(#8532,#8534,#8535,#8537,#8538,#8540));
#8542=FACE_OUTER_BOUND('',#8541,.F.);
#8544=CARTESIAN_POINT('',(-4.3E0,-9.E-1,0.E0));
#8545=DIRECTION('',(0.E0,-1.E0,0.E0));
#8546=DIRECTION('',(1.E0,0.E0,0.E0));
#8547=AXIS2_PLACEMENT_3D('',#8544,#8545,#8546);
#8548=PLANE('',#8547);
#8550=ORIENTED_EDGE('',*,*,#8549,.F.);
#8552=ORIENTED_EDGE('',*,*,#8551,.F.);
#8554=ORIENTED_EDGE('',*,*,#8553,.F.);
#8556=ORIENTED_EDGE('',*,*,#8555,.F.);
#8557=ORIENTED_EDGE('',*,*,#5486,.T.);
#8559=ORIENTED_EDGE('',*,*,#8558,.F.);
#8560=EDGE_LOOP('',(#8550,#8552,#8554,#8556,#8557,#8559));
#8561=FACE_OUTER_BOUND('',#8560,.F.);
#8563=CARTESIAN_POINT('',(-2.E0,-4.E-1,-1.5E-1));
#8564=DIRECTION('',(7.071067811865E-1,0.E0,7.071067811865E-1));
#8565=DIRECTION('',(7.071067811865E-1,0.E0,-7.071067811865E-1));
#8566=AXIS2_PLACEMENT_3D('',#8563,#8564,#8565);
#8567=PLANE('',#8566);
#8569=ORIENTED_EDGE('',*,*,#8568,.F.);
#8570=ORIENTED_EDGE('',*,*,#8531,.T.);
#8572=ORIENTED_EDGE('',*,*,#8571,.T.);
#8574=ORIENTED_EDGE('',*,*,#8573,.T.);
#8575=EDGE_LOOP('',(#8569,#8570,#8572,#8574));
#8576=FACE_OUTER_BOUND('',#8575,.F.);
#8578=CARTESIAN_POINT('',(-1.85E0,1.E-1,0.E0));
#8579=DIRECTION('',(-1.E0,0.E0,0.E0));
#8580=DIRECTION('',(0.E0,-1.E0,0.E0));
#8581=AXIS2_PLACEMENT_3D('',#8578,#8579,#8580);
#8582=PLANE('',#8581);
#8584=ORIENTED_EDGE('',*,*,#8583,.F.);
#8586=ORIENTED_EDGE('',*,*,#8585,.F.);
#8587=ORIENTED_EDGE('',*,*,#8467,.T.);
#8588=ORIENTED_EDGE('',*,*,#5449,.F.);
#8589=ORIENTED_EDGE('',*,*,#8533,.F.);
#8590=ORIENTED_EDGE('',*,*,#8568,.T.);
#8592=ORIENTED_EDGE('',*,*,#8591,.T.);
#8593=EDGE_LOOP('',(#8584,#8586,#8587,#8588,#8589,#8590,#8592));
#8594=FACE_OUTER_BOUND('',#8593,.F.);
#8596=CARTESIAN_POINT('',(-1.825E0,-1.E-1,-1.375E0));
#8597=DIRECTION('',(9.486832980505E-1,0.E0,3.162277660168E-1));
#8598=DIRECTION('',(3.162277660168E-1,0.E0,-9.486832980505E-1));
#8599=AXIS2_PLACEMENT_3D('',#8596,#8597,#8598);
#8600=PLANE('',#8599);
#8602=ORIENTED_EDGE('',*,*,#8601,.F.);
#8604=ORIENTED_EDGE('',*,*,#8603,.T.);
#8605=ORIENTED_EDGE('',*,*,#8583,.T.);
#8607=ORIENTED_EDGE('',*,*,#8606,.T.);
#8608=EDGE_LOOP('',(#8602,#8604,#8605,#8607));
#8609=FACE_OUTER_BOUND('',#8608,.F.);
#8611=CARTESIAN_POINT('',(-1.8E0,1.E-1,-1.3E0));
#8612=DIRECTION('',(-1.E0,0.E0,0.E0));
#8613=DIRECTION('',(0.E0,-1.E0,0.E0));
#8614=AXIS2_PLACEMENT_3D('',#8611,#8612,#8613);
#8615=PLANE('',#8614);
#8616=ORIENTED_EDGE('',*,*,#8601,.T.);
#8618=ORIENTED_EDGE('',*,*,#8617,.T.);
#8620=ORIENTED_EDGE('',*,*,#8619,.T.);
#8622=ORIENTED_EDGE('',*,*,#8621,.F.);
#8623=EDGE_LOOP('',(#8616,#8618,#8620,#8622));
#8624=FACE_OUTER_BOUND('',#8623,.F.);
#8626=CARTESIAN_POINT('',(1.85E0,1.E-1,0.E0));
#8627=DIRECTION('',(0.E0,1.E0,0.E0));
#8628=DIRECTION('',(-1.E0,0.E0,0.E0));
#8629=AXIS2_PLACEMENT_3D('',#8626,#8627,#8628);
#8630=PLANE('',#8629);
#8632=ORIENTED_EDGE('',*,*,#8631,.F.);
#8634=ORIENTED_EDGE('',*,*,#8633,.F.);
#8636=ORIENTED_EDGE('',*,*,#8635,.T.);
#8638=ORIENTED_EDGE('',*,*,#8637,.T.);
#8639=ORIENTED_EDGE('',*,*,#8617,.F.);
#8640=ORIENTED_EDGE('',*,*,#8606,.F.);
#8641=ORIENTED_EDGE('',*,*,#8591,.F.);
#8642=ORIENTED_EDGE('',*,*,#8573,.F.);
#8644=ORIENTED_EDGE('',*,*,#8643,.T.);
#8646=ORIENTED_EDGE('',*,*,#8645,.F.);
#8647=EDGE_LOOP('',(#8632,#8634,#8636,#8638,#8639,#8640,#8641,#8642,#8644,
#8646));
#8648=FACE_OUTER_BOUND('',#8647,.F.);
#8650=CARTESIAN_POINT('',(1.85E0,-9.E-1,0.E0));
#8651=DIRECTION('',(1.E0,0.E0,0.E0));
#8652=DIRECTION('',(0.E0,1.E0,0.E0));
#8653=AXIS2_PLACEMENT_3D('',#8650,#8651,#8652);
#8654=PLANE('',#8653);
#8656=ORIENTED_EDGE('',*,*,#8655,.F.);
#8657=ORIENTED_EDGE('',*,*,#8631,.T.);
#8659=ORIENTED_EDGE('',*,*,#8658,.T.);
#8660=ORIENTED_EDGE('',*,*,#8558,.T.);
#8661=ORIENTED_EDGE('',*,*,#5484,.T.);
#8662=ORIENTED_EDGE('',*,*,#8481,.F.);
#8664=ORIENTED_EDGE('',*,*,#8663,.T.);
#8665=EDGE_LOOP('',(#8656,#8657,#8659,#8660,#8661,#8662,#8664));
#8666=FACE_OUTER_BOUND('',#8665,.F.);
#8668=CARTESIAN_POINT('',(1.825E0,-1.E-1,-1.375E0));
#8669=DIRECTION('',(-9.486832980505E-1,0.E0,3.162277660168E-1));
#8670=DIRECTION('',(-3.162277660168E-1,0.E0,-9.486832980505E-1));
#8671=AXIS2_PLACEMENT_3D('',#8668,#8669,#8670);
#8672=PLANE('',#8671);
#8674=ORIENTED_EDGE('',*,*,#8673,.F.);
#8675=ORIENTED_EDGE('',*,*,#8633,.T.);
#8676=ORIENTED_EDGE('',*,*,#8655,.T.);
#8678=ORIENTED_EDGE('',*,*,#8677,.T.);
#8679=EDGE_LOOP('',(#8674,#8675,#8676,#8678));
#8680=FACE_OUTER_BOUND('',#8679,.F.);
#8682=CARTESIAN_POINT('',(1.8E0,-3.E-1,-1.3E0));
#8683=DIRECTION('',(1.E0,0.E0,0.E0));
#8684=DIRECTION('',(0.E0,1.E0,0.E0));
#8685=AXIS2_PLACEMENT_3D('',#8682,#8683,#8684);
#8686=PLANE('',#8685);
#8687=ORIENTED_EDGE('',*,*,#8673,.T.);
#8689=ORIENTED_EDGE('',*,*,#8688,.T.);
#8691=ORIENTED_EDGE('',*,*,#8690,.T.);
#8692=ORIENTED_EDGE('',*,*,#8635,.F.);
#8693=EDGE_LOOP('',(#8687,#8689,#8691,#8692));
#8694=FACE_OUTER_BOUND('',#8693,.F.);
#8696=CARTESIAN_POINT('',(1.7E0,-3.E-1,-2.85E0));
#8697=DIRECTION('',(0.E0,1.E0,0.E0));
#8698=DIRECTION('',(0.E0,0.E0,1.E0));
#8699=AXIS2_PLACEMENT_3D('',#8696,#8697,#8698);
#8700=PLANE('',#8699);
#8701=ORIENTED_EDGE('',*,*,#8688,.F.);
#8702=ORIENTED_EDGE('',*,*,#8677,.F.);
#8703=ORIENTED_EDGE('',*,*,#8663,.F.);
#8704=ORIENTED_EDGE('',*,*,#8485,.T.);
#8705=ORIENTED_EDGE('',*,*,#8378,.T.);
#8707=ORIENTED_EDGE('',*,*,#8706,.T.);
#8708=ORIENTED_EDGE('',*,*,#8422,.F.);
#8709=ORIENTED_EDGE('',*,*,#8469,.T.);
#8710=ORIENTED_EDGE('',*,*,#8585,.T.);
#8711=ORIENTED_EDGE('',*,*,#8603,.F.);
#8712=ORIENTED_EDGE('',*,*,#8621,.T.);
#8714=ORIENTED_EDGE('',*,*,#8713,.F.);
#8715=EDGE_LOOP('',(#8701,#8702,#8703,#8704,#8705,#8707,#8708,#8709,#8710,#8711,
#8712,#8714));
#8716=FACE_OUTER_BOUND('',#8715,.F.);
#8718=CARTESIAN_POINT('',(1.7E0,-3.E-1,-7.E-1));
#8719=DIRECTION('',(0.E0,8.087360843032E-1,5.881716976750E-1));
#8720=DIRECTION('',(0.E0,-5.881716976750E-1,8.087360843032E-1));
#8721=AXIS2_PLACEMENT_3D('',#8718,#8719,#8720);
#8722=PLANE('',#8721);
#8723=ORIENTED_EDGE('',*,*,#8376,.T.);
#8725=ORIENTED_EDGE('',*,*,#8724,.T.);
#8726=ORIENTED_EDGE('',*,*,#8424,.F.);
#8727=ORIENTED_EDGE('',*,*,#8706,.F.);
#8728=EDGE_LOOP('',(#8723,#8725,#8726,#8727));
#8729=FACE_OUTER_BOUND('',#8728,.F.);
#8731=CARTESIAN_POINT('',(1.7E0,-7.E-1,-1.5E-1));
#8732=DIRECTION('',(0.E0,0.E0,1.E0));
#8733=DIRECTION('',(0.E0,-1.E0,0.E0));
#8734=AXIS2_PLACEMENT_3D('',#8731,#8732,#8733);
#8735=PLANE('',#8734);
#8736=ORIENTED_EDGE('',*,*,#8374,.T.);
#8737=ORIENTED_EDGE('',*,*,#8409,.T.);
#8738=ORIENTED_EDGE('',*,*,#8426,.F.);
#8739=ORIENTED_EDGE('',*,*,#8724,.F.);
#8740=EDGE_LOOP('',(#8736,#8737,#8738,#8739));
#8741=FACE_OUTER_BOUND('',#8740,.F.);
#8743=CARTESIAN_POINT('',(1.7E0,9.E-2,-2.85E0));
#8744=DIRECTION('',(0.E0,0.E0,1.E0));
#8745=DIRECTION('',(0.E0,-1.E0,0.E0));
#8746=AXIS2_PLACEMENT_3D('',#8743,#8744,#8745);
#8747=PLANE('',#8746);
#8748=ORIENTED_EDGE('',*,*,#8713,.T.);
#8749=ORIENTED_EDGE('',*,*,#8619,.F.);
#8750=ORIENTED_EDGE('',*,*,#8637,.F.);
#8751=ORIENTED_EDGE('',*,*,#8690,.F.);
#8752=EDGE_LOOP('',(#8748,#8749,#8750,#8751));
#8753=FACE_OUTER_BOUND('',#8752,.F.);
#8755=CARTESIAN_POINT('',(2.E0,-4.E-1,-1.5E-1));
#8756=DIRECTION('',(-7.071067811865E-1,0.E0,7.071067811865E-1));
#8757=DIRECTION('',(-7.071067811865E-1,0.E0,-7.071067811865E-1));
#8758=AXIS2_PLACEMENT_3D('',#8755,#8756,#8757);
#8759=PLANE('',#8758);
#8760=ORIENTED_EDGE('',*,*,#8549,.T.);
#8761=ORIENTED_EDGE('',*,*,#8658,.F.);
#8762=ORIENTED_EDGE('',*,*,#8645,.T.);
#8764=ORIENTED_EDGE('',*,*,#8763,.T.);
#8765=EDGE_LOOP('',(#8760,#8761,#8762,#8764));
#8766=FACE_OUTER_BOUND('',#8765,.F.);
#8768=CARTESIAN_POINT('',(0.E0,0.E0,0.E0));
#8769=DIRECTION('',(0.E0,0.E0,1.E0));
#8770=DIRECTION('',(1.E0,0.E0,0.E0));
#8771=AXIS2_PLACEMENT_3D('',#8768,#8769,#8770);
#8772=PLANE('',#8771);
#8773=ORIENTED_EDGE('',*,*,#8571,.F.);
#8774=ORIENTED_EDGE('',*,*,#8539,.T.);
#8775=ORIENTED_EDGE('',*,*,#8521,.F.);
#8776=ORIENTED_EDGE('',*,*,#8506,.T.);
#8778=ORIENTED_EDGE('',*,*,#8777,.F.);
#8779=ORIENTED_EDGE('',*,*,#8551,.T.);
#8780=ORIENTED_EDGE('',*,*,#8763,.F.);
#8781=ORIENTED_EDGE('',*,*,#8643,.F.);
#8782=EDGE_LOOP('',(#8773,#8774,#8775,#8776,#8778,#8779,#8780,#8781));
#8783=FACE_OUTER_BOUND('',#8782,.F.);
#8785=CARTESIAN_POINT('',(3.9E0,-3.6072E0,-4.E-1));
#8786=DIRECTION('',(0.E0,1.E0,0.E0));
#8787=DIRECTION('',(0.E0,0.E0,1.E0));
#8788=AXIS2_PLACEMENT_3D('',#8785,#8786,#8787);
#8789=CYLINDRICAL_SURFACE('',#8788,4.E-1);
#8790=ORIENTED_EDGE('',*,*,#8504,.T.);
#8792=ORIENTED_EDGE('',*,*,#8791,.F.);
#8793=ORIENTED_EDGE('',*,*,#8553,.T.);
#8794=ORIENTED_EDGE('',*,*,#8777,.T.);
#8795=EDGE_LOOP('',(#8790,#8792,#8793,#8794));
#8796=FACE_OUTER_BOUND('',#8795,.F.);
#8798=CARTESIAN_POINT('',(4.3E0,-9.E-1,0.E0));
#8799=DIRECTION('',(1.E0,0.E0,0.E0));
#8800=DIRECTION('',(0.E0,1.E0,0.E0));
#8801=AXIS2_PLACEMENT_3D('',#8798,#8799,#8800);
#8802=PLANE('',#8801);
#8803=ORIENTED_EDGE('',*,*,#8791,.T.);
#8804=ORIENTED_EDGE('',*,*,#8502,.F.);
#8805=ORIENTED_EDGE('',*,*,#5488,.T.);
#8806=ORIENTED_EDGE('',*,*,#8555,.T.);
#8807=EDGE_LOOP('',(#8803,#8804,#8805,#8806));
#8808=FACE_OUTER_BOUND('',#8807,.F.);
#8810=CARTESIAN_POINT('',(-4.3E0,9.E-1,0.E0));
#8811=DIRECTION('',(-1.E0,0.E0,0.E0));
#8812=DIRECTION('',(0.E0,-1.E0,0.E0));
#8813=AXIS2_PLACEMENT_3D('',#8810,#8811,#8812);
#8814=PLANE('',#8813);
#8815=ORIENTED_EDGE('',*,*,#8518,.T.);
#8816=ORIENTED_EDGE('',*,*,#8536,.F.);
#8817=ORIENTED_EDGE('',*,*,#5445,.T.);
#8818=ORIENTED_EDGE('',*,*,#8497,.T.);
#8819=EDGE_LOOP('',(#8815,#8816,#8817,#8818));
#8820=FACE_OUTER_BOUND('',#8819,.F.);
#8822=CARTESIAN_POINT('',(1.7E0,1.E0,-3.85E0));
#8823=DIRECTION('',(0.E0,1.E0,0.E0));
#8824=DIRECTION('',(0.E0,0.E0,1.E0));
#8825=AXIS2_PLACEMENT_3D('',#8822,#8823,#8824);
#8826=PLANE('',#8825);
#8827=ORIENTED_EDGE('',*,*,#8393,.T.);
#8828=ORIENTED_EDGE('',*,*,#8456,.T.);
#8829=ORIENTED_EDGE('',*,*,#8441,.F.);
#8830=ORIENTED_EDGE('',*,*,#8323,.F.);
#8831=EDGE_LOOP('',(#8827,#8828,#8829,#8830));
#8832=FACE_OUTER_BOUND('',#8831,.F.);
#8834=CARTESIAN_POINT('',(-1.35E0,8.3E-1,-3.95E0));
#8835=DIRECTION('',(-1.E0,0.E0,0.E0));
#8836=DIRECTION('',(0.E0,0.E0,1.E0));
#8837=AXIS2_PLACEMENT_3D('',#8834,#8835,#8836);
#8838=CYLINDRICAL_SURFACE('',#8837,1.E-1);
#8839=ORIENTED_EDGE('',*,*,#8329,.T.);
#8840=ORIENTED_EDGE('',*,*,#8028,.T.);
#8842=ORIENTED_EDGE('',*,*,#8841,.T.);
#8844=ORIENTED_EDGE('',*,*,#8843,.F.);
#8845=EDGE_LOOP('',(#8839,#8840,#8842,#8844));
#8846=FACE_OUTER_BOUND('',#8845,.F.);
#8848=CARTESIAN_POINT('',(-1.35E0,9.268218862947E-1,-4.124989555495E0));
#8849=DIRECTION('',(-1.E0,0.E0,0.E0));
#8850=DIRECTION('',(0.E0,0.E0,1.E0));
#8851=AXIS2_PLACEMENT_3D('',#8848,#8849,#8850);
#8852=CYLINDRICAL_SURFACE('',#8851,1.E-1);
#8853=ORIENTED_EDGE('',*,*,#8026,.T.);
#8854=ORIENTED_EDGE('',*,*,#4955,.T.);
#8856=ORIENTED_EDGE('',*,*,#8855,.T.);
#8857=ORIENTED_EDGE('',*,*,#8841,.F.);
#8858=EDGE_LOOP('',(#8853,#8854,#8856,#8857));
#8859=FACE_OUTER_BOUND('',#8858,.F.);
#8861=CARTESIAN_POINT('',(-1.15E0,0.E0,0.E0));
#8862=DIRECTION('',(-1.E0,0.E0,0.E0));
#8863=DIRECTION('',(0.E0,0.E0,1.E0));
#8864=AXIS2_PLACEMENT_3D('',#8861,#8862,#8863);
#8865=PLANE('',#8864);
#8866=ORIENTED_EDGE('',*,*,#5688,.T.);
#8867=ORIENTED_EDGE('',*,*,#4996,.T.);
#8868=ORIENTED_EDGE('',*,*,#4901,.T.);
#8870=ORIENTED_EDGE('',*,*,#8869,.T.);
#8872=ORIENTED_EDGE('',*,*,#8871,.T.);
#8874=ORIENTED_EDGE('',*,*,#8873,.T.);
#8876=ORIENTED_EDGE('',*,*,#8875,.T.);
#8878=ORIENTED_EDGE('',*,*,#8877,.T.);
#8880=ORIENTED_EDGE('',*,*,#8879,.T.);
#8882=ORIENTED_EDGE('',*,*,#8881,.F.);
#8884=ORIENTED_EDGE('',*,*,#8883,.F.);
#8885=ORIENTED_EDGE('',*,*,#8072,.T.);
#8886=EDGE_LOOP('',(#8866,#8867,#8868,#8870,#8872,#8874,#8876,#8878,#8880,#8882,
#8884,#8885));
#8887=FACE_OUTER_BOUND('',#8886,.F.);
#8889=CARTESIAN_POINT('',(-1.15E0,0.E0,0.E0));
#8890=DIRECTION('',(-1.E0,0.E0,0.E0));
#8891=DIRECTION('',(0.E0,0.E0,1.E0));
#8892=AXIS2_PLACEMENT_3D('',#8889,#8890,#8891);
#8893=PLANE('',#8892);
#8894=ORIENTED_EDGE('',*,*,#8843,.T.);
#8895=ORIENTED_EDGE('',*,*,#8855,.F.);
#8896=ORIENTED_EDGE('',*,*,#4953,.T.);
#8897=ORIENTED_EDGE('',*,*,#5163,.T.);
#8898=ORIENTED_EDGE('',*,*,#8331,.T.);
#8899=EDGE_LOOP('',(#8894,#8895,#8896,#8897,#8898));
#8900=FACE_OUTER_BOUND('',#8899,.F.);
#8902=CARTESIAN_POINT('',(-1.35E0,-6.3E-1,-4.599714556790E0));
#8903=DIRECTION('',(-1.E0,0.E0,0.E0));
#8904=DIRECTION('',(0.E0,0.E0,1.E0));
#8905=AXIS2_PLACEMENT_3D('',#8902,#8903,#8904);
#8906=CYLINDRICAL_SURFACE('',#8905,1.2E-1);
#8907=ORIENTED_EDGE('',*,*,#8013,.T.);
#8909=ORIENTED_EDGE('',*,*,#8908,.T.);
#8910=ORIENTED_EDGE('',*,*,#8869,.F.);
#8911=ORIENTED_EDGE('',*,*,#4899,.F.);
#8912=EDGE_LOOP('',(#8907,#8909,#8910,#8911));
#8913=FACE_OUTER_BOUND('',#8912,.F.);
#8915=CARTESIAN_POINT('',(-1.35E0,-7.5E-1,-4.599714556790E0));
#8916=DIRECTION('',(0.E0,1.E0,0.E0));
#8917=DIRECTION('',(0.E0,0.E0,-1.E0));
#8918=AXIS2_PLACEMENT_3D('',#8915,#8916,#8917);
#8919=PLANE('',#8918);
#8920=ORIENTED_EDGE('',*,*,#8011,.T.);
#8922=ORIENTED_EDGE('',*,*,#8921,.T.);
#8923=ORIENTED_EDGE('',*,*,#8871,.F.);
#8924=ORIENTED_EDGE('',*,*,#8908,.F.);
#8925=EDGE_LOOP('',(#8920,#8922,#8923,#8924));
#8926=FACE_OUTER_BOUND('',#8925,.F.);
#8928=CARTESIAN_POINT('',(-1.35E0,-7.5E-1,-5.2E0));
#8929=DIRECTION('',(0.E0,0.E0,-1.E0));
#8930=DIRECTION('',(0.E0,-1.E0,0.E0));
#8931=AXIS2_PLACEMENT_3D('',#8928,#8929,#8930);
#8932=PLANE('',#8931);
#8933=ORIENTED_EDGE('',*,*,#8009,.T.);
#8935=ORIENTED_EDGE('',*,*,#8934,.T.);
#8936=ORIENTED_EDGE('',*,*,#8873,.F.);
#8937=ORIENTED_EDGE('',*,*,#8921,.F.);
#8938=EDGE_LOOP('',(#8933,#8935,#8936,#8937));
#8939=FACE_OUTER_BOUND('',#8938,.F.);
#8941=CARTESIAN_POINT('',(-1.35E0,-1.02E0,-5.2E0));
#8942=DIRECTION('',(0.E0,-1.E0,0.E0));
#8943=DIRECTION('',(0.E0,0.E0,1.E0));
#8944=AXIS2_PLACEMENT_3D('',#8941,#8942,#8943);
#8945=PLANE('',#8944);
#8946=ORIENTED_EDGE('',*,*,#8007,.T.);
#8948=ORIENTED_EDGE('',*,*,#8947,.T.);
#8949=ORIENTED_EDGE('',*,*,#8875,.F.);
#8950=ORIENTED_EDGE('',*,*,#8934,.F.);
#8951=EDGE_LOOP('',(#8946,#8948,#8949,#8950));
#8952=FACE_OUTER_BOUND('',#8951,.F.);
#8954=CARTESIAN_POINT('',(-1.35E0,-9.2E-1,-4.449971039896E0));
#8955=DIRECTION('',(-1.E0,0.E0,0.E0));
#8956=DIRECTION('',(0.E0,0.E0,1.E0));
#8957=AXIS2_PLACEMENT_3D('',#8954,#8955,#8956);
#8958=CYLINDRICAL_SURFACE('',#8957,1.E-1);
#8959=ORIENTED_EDGE('',*,*,#8005,.T.);
#8961=ORIENTED_EDGE('',*,*,#8960,.T.);
#8962=ORIENTED_EDGE('',*,*,#8877,.F.);
#8963=ORIENTED_EDGE('',*,*,#8947,.F.);
#8964=EDGE_LOOP('',(#8959,#8961,#8962,#8963));
#8965=FACE_OUTER_BOUND('',#8964,.F.);
#8967=CARTESIAN_POINT('',(-1.35E0,-1.000107625094E0,-4.390114808794E0));
#8968=DIRECTION('',(0.E0,-8.010762509420E-1,5.985623110226E-1));
#8969=DIRECTION('',(0.E0,5.985623110226E-1,8.010762509420E-1));
#8970=AXIS2_PLACEMENT_3D('',#8967,#8968,#8969);
#8971=PLANE('',#8970);
#8972=ORIENTED_EDGE('',*,*,#8003,.T.);
#8974=ORIENTED_EDGE('',*,*,#8973,.T.);
#8975=ORIENTED_EDGE('',*,*,#8879,.F.);
#8976=ORIENTED_EDGE('',*,*,#8960,.F.);
#8977=EDGE_LOOP('',(#8972,#8974,#8975,#8976));
#8978=FACE_OUTER_BOUND('',#8977,.F.);
#8980=CARTESIAN_POINT('',(-1.35E0,-9.268387143556E-1,-4.124989555495E0));
#8981=DIRECTION('',(-1.E0,0.E0,0.E0));
#8982=DIRECTION('',(0.E0,0.E0,1.E0));
#8983=AXIS2_PLACEMENT_3D('',#8980,#8981,#8982);
#8984=CYLINDRICAL_SURFACE('',#8983,1.E-1);
#8985=ORIENTED_EDGE('',*,*,#8001,.T.);
#8987=ORIENTED_EDGE('',*,*,#8986,.T.);
#8988=ORIENTED_EDGE('',*,*,#8881,.T.);
#8989=ORIENTED_EDGE('',*,*,#8973,.F.);
#8990=EDGE_LOOP('',(#8985,#8987,#8988,#8989));
#8991=FACE_OUTER_BOUND('',#8990,.F.);
#8993=CARTESIAN_POINT('',(-1.35E0,-8.3E-1,-3.95E0));
#8994=DIRECTION('',(-1.E0,0.E0,0.E0));
#8995=DIRECTION('',(0.E0,0.E0,1.E0));
#8996=AXIS2_PLACEMENT_3D('',#8993,#8994,#8995);
#8997=CYLINDRICAL_SURFACE('',#8996,1.E-1);
#8998=ORIENTED_EDGE('',*,*,#7999,.T.);
#8999=ORIENTED_EDGE('',*,*,#8074,.F.);
#9000=ORIENTED_EDGE('',*,*,#8883,.T.);
#9001=ORIENTED_EDGE('',*,*,#8986,.F.);
#9002=EDGE_LOOP('',(#8998,#8999,#9000,#9001));
#9003=FACE_OUTER_BOUND('',#9002,.F.);
#9005=CARTESIAN_POINT('',(-8.5E-1,0.E0,0.E0));
#9006=DIRECTION('',(-1.E0,0.E0,0.E0));
#9007=DIRECTION('',(0.E0,0.E0,1.E0));
#9008=AXIS2_PLACEMENT_3D('',#9005,#9006,#9007);
#9009=PLANE('',#9008);
#9010=ORIENTED_EDGE('',*,*,#5685,.F.);
#9011=ORIENTED_EDGE('',*,*,#8069,.F.);
#9013=ORIENTED_EDGE('',*,*,#9012,.F.);
#9015=ORIENTED_EDGE('',*,*,#9014,.F.);
#9017=ORIENTED_EDGE('',*,*,#9016,.F.);
#9019=ORIENTED_EDGE('',*,*,#9018,.F.);
#9021=ORIENTED_EDGE('',*,*,#9020,.F.);
#9023=ORIENTED_EDGE('',*,*,#9022,.F.);
#9025=ORIENTED_EDGE('',*,*,#9024,.F.);
#9027=ORIENTED_EDGE('',*,*,#9026,.F.);
#9029=ORIENTED_EDGE('',*,*,#9028,.F.);
#9030=ORIENTED_EDGE('',*,*,#5000,.F.);
#9031=EDGE_LOOP('',(#9010,#9011,#9013,#9015,#9017,#9019,#9021,#9023,#9025,#9027,
#9029,#9030));
#9032=FACE_OUTER_BOUND('',#9031,.F.);
#9034=CARTESIAN_POINT('',(-8.5E-1,0.E0,0.E0));
#9035=DIRECTION('',(-1.E0,0.E0,0.E0));
#9036=DIRECTION('',(0.E0,0.E0,1.E0));
#9037=AXIS2_PLACEMENT_3D('',#9034,#9035,#9036);
#9038=PLANE('',#9037);
#9039=ORIENTED_EDGE('',*,*,#4949,.F.);
#9041=ORIENTED_EDGE('',*,*,#9040,.F.);
#9043=ORIENTED_EDGE('',*,*,#9042,.F.);
#9044=ORIENTED_EDGE('',*,*,#8334,.F.);
#9045=ORIENTED_EDGE('',*,*,#5159,.F.);
#9046=EDGE_LOOP('',(#9039,#9041,#9043,#9044,#9045));
#9047=FACE_OUTER_BOUND('',#9046,.F.);
#9049=CARTESIAN_POINT('',(-8.5E-1,-8.3E-1,-3.95E0));
#9050=DIRECTION('',(-1.E0,0.E0,0.E0));
#9051=DIRECTION('',(0.E0,0.E0,1.E0));
#9052=AXIS2_PLACEMENT_3D('',#9049,#9050,#9051);
#9053=CYLINDRICAL_SURFACE('',#9052,1.E-1);
#9054=ORIENTED_EDGE('',*,*,#9012,.T.);
#9055=ORIENTED_EDGE('',*,*,#8067,.F.);
#9057=ORIENTED_EDGE('',*,*,#9056,.T.);
#9059=ORIENTED_EDGE('',*,*,#9058,.F.);
#9060=EDGE_LOOP('',(#9054,#9055,#9057,#9059));
#9061=FACE_OUTER_BOUND('',#9060,.F.);
#9063=CARTESIAN_POINT('',(-6.5E-1,0.E0,0.E0));
#9064=DIRECTION('',(-1.E0,0.E0,0.E0));
#9065=DIRECTION('',(0.E0,0.E0,1.E0));
#9066=AXIS2_PLACEMENT_3D('',#9063,#9064,#9065);
#9067=PLANE('',#9066);
#9068=ORIENTED_EDGE('',*,*,#5703,.T.);
#9069=ORIENTED_EDGE('',*,*,#5004,.T.);
#9071=ORIENTED_EDGE('',*,*,#9070,.T.);
#9073=ORIENTED_EDGE('',*,*,#9072,.T.);
#9075=ORIENTED_EDGE('',*,*,#9074,.T.);
#9077=ORIENTED_EDGE('',*,*,#9076,.T.);
#9079=ORIENTED_EDGE('',*,*,#9078,.T.);
#9081=ORIENTED_EDGE('',*,*,#9080,.T.);
#9083=ORIENTED_EDGE('',*,*,#9082,.T.);
#9085=ORIENTED_EDGE('',*,*,#9084,.F.);
#9086=ORIENTED_EDGE('',*,*,#9056,.F.);
#9087=ORIENTED_EDGE('',*,*,#8065,.T.);
#9088=EDGE_LOOP('',(#9068,#9069,#9071,#9073,#9075,#9077,#9079,#9081,#9083,#9085,
#9086,#9087));
#9089=FACE_OUTER_BOUND('',#9088,.F.);
#9091=CARTESIAN_POINT('',(-6.5E-1,0.E0,0.E0));
#9092=DIRECTION('',(-1.E0,0.E0,0.E0));
#9093=DIRECTION('',(0.E0,0.E0,1.E0));
#9094=AXIS2_PLACEMENT_3D('',#9091,#9092,#9093);
#9095=PLANE('',#9094);
#9097=ORIENTED_EDGE('',*,*,#9096,.T.);
#9099=ORIENTED_EDGE('',*,*,#9098,.F.);
#9100=ORIENTED_EDGE('',*,*,#4945,.T.);
#9101=ORIENTED_EDGE('',*,*,#5178,.T.);
#9102=ORIENTED_EDGE('',*,*,#8338,.T.);
#9103=EDGE_LOOP('',(#9097,#9099,#9100,#9101,#9102));
#9104=FACE_OUTER_BOUND('',#9103,.F.);
#9106=CARTESIAN_POINT('',(-8.5E-1,-2.515371664817E-1,-3.85E0));
#9107=DIRECTION('',(0.E0,8.191520442890E-1,-5.735764363510E-1));
#9108=DIRECTION('',(0.E0,-5.735764363510E-1,-8.191520442890E-1));
#9109=AXIS2_PLACEMENT_3D('',#9106,#9107,#9108);
#9110=PLANE('',#9109);
#9111=ORIENTED_EDGE('',*,*,#5002,.T.);
#9112=ORIENTED_EDGE('',*,*,#9028,.T.);
#9114=ORIENTED_EDGE('',*,*,#9113,.T.);
#9115=ORIENTED_EDGE('',*,*,#9070,.F.);
#9116=EDGE_LOOP('',(#9111,#9112,#9114,#9115));
#9117=FACE_OUTER_BOUND('',#9116,.F.);
#9119=CARTESIAN_POINT('',(-8.5E-1,-6.3E-1,-4.599714556790E0));
#9120=DIRECTION('',(-1.E0,0.E0,0.E0));
#9121=DIRECTION('',(0.E0,0.E0,1.E0));
#9122=AXIS2_PLACEMENT_3D('',#9119,#9120,#9121);
#9123=CYLINDRICAL_SURFACE('',#9122,1.2E-1);
#9124=ORIENTED_EDGE('',*,*,#9026,.T.);
#9126=ORIENTED_EDGE('',*,*,#9125,.T.);
#9127=ORIENTED_EDGE('',*,*,#9072,.F.);
#9128=ORIENTED_EDGE('',*,*,#9113,.F.);
#9129=EDGE_LOOP('',(#9124,#9126,#9127,#9128));
#9130=FACE_OUTER_BOUND('',#9129,.F.);
#9132=CARTESIAN_POINT('',(-8.5E-1,-7.5E-1,-4.599714556790E0));
#9133=DIRECTION('',(0.E0,1.E0,0.E0));
#9134=DIRECTION('',(0.E0,0.E0,-1.E0));
#9135=AXIS2_PLACEMENT_3D('',#9132,#9133,#9134);
#9136=PLANE('',#9135);
#9137=ORIENTED_EDGE('',*,*,#9024,.T.);
#9139=ORIENTED_EDGE('',*,*,#9138,.T.);
#9140=ORIENTED_EDGE('',*,*,#9074,.F.);
#9141=ORIENTED_EDGE('',*,*,#9125,.F.);
#9142=EDGE_LOOP('',(#9137,#9139,#9140,#9141));
#9143=FACE_OUTER_BOUND('',#9142,.F.);
#9145=CARTESIAN_POINT('',(-8.5E-1,-7.5E-1,-5.2E0));
#9146=DIRECTION('',(0.E0,0.E0,-1.E0));
#9147=DIRECTION('',(0.E0,-1.E0,0.E0));
#9148=AXIS2_PLACEMENT_3D('',#9145,#9146,#9147);
#9149=PLANE('',#9148);
#9150=ORIENTED_EDGE('',*,*,#9022,.T.);
#9152=ORIENTED_EDGE('',*,*,#9151,.T.);
#9153=ORIENTED_EDGE('',*,*,#9076,.F.);
#9154=ORIENTED_EDGE('',*,*,#9138,.F.);
#9155=EDGE_LOOP('',(#9150,#9152,#9153,#9154));
#9156=FACE_OUTER_BOUND('',#9155,.F.);
#9158=CARTESIAN_POINT('',(-8.5E-1,-1.02E0,-5.2E0));
#9159=DIRECTION('',(0.E0,-1.E0,0.E0));
#9160=DIRECTION('',(0.E0,0.E0,1.E0));
#9161=AXIS2_PLACEMENT_3D('',#9158,#9159,#9160);
#9162=PLANE('',#9161);
#9163=ORIENTED_EDGE('',*,*,#9020,.T.);
#9165=ORIENTED_EDGE('',*,*,#9164,.T.);
#9166=ORIENTED_EDGE('',*,*,#9078,.F.);
#9167=ORIENTED_EDGE('',*,*,#9151,.F.);
#9168=EDGE_LOOP('',(#9163,#9165,#9166,#9167));
#9169=FACE_OUTER_BOUND('',#9168,.F.);
#9171=CARTESIAN_POINT('',(-8.5E-1,-9.2E-1,-4.449971039896E0));
#9172=DIRECTION('',(-1.E0,0.E0,0.E0));
#9173=DIRECTION('',(0.E0,0.E0,1.E0));
#9174=AXIS2_PLACEMENT_3D('',#9171,#9172,#9173);
#9175=CYLINDRICAL_SURFACE('',#9174,1.E-1);
#9176=ORIENTED_EDGE('',*,*,#9018,.T.);
#9178=ORIENTED_EDGE('',*,*,#9177,.T.);
#9179=ORIENTED_EDGE('',*,*,#9080,.F.);
#9180=ORIENTED_EDGE('',*,*,#9164,.F.);
#9181=EDGE_LOOP('',(#9176,#9178,#9179,#9180));
#9182=FACE_OUTER_BOUND('',#9181,.F.);
#9184=CARTESIAN_POINT('',(-8.5E-1,-1.000107625094E0,-4.390114808794E0));
#9185=DIRECTION('',(0.E0,-8.010762509420E-1,5.985623110226E-1));
#9186=DIRECTION('',(0.E0,5.985623110226E-1,8.010762509420E-1));
#9187=AXIS2_PLACEMENT_3D('',#9184,#9185,#9186);
#9188=PLANE('',#9187);
#9189=ORIENTED_EDGE('',*,*,#9016,.T.);
#9191=ORIENTED_EDGE('',*,*,#9190,.T.);
#9192=ORIENTED_EDGE('',*,*,#9082,.F.);
#9193=ORIENTED_EDGE('',*,*,#9177,.F.);
#9194=EDGE_LOOP('',(#9189,#9191,#9192,#9193));
#9195=FACE_OUTER_BOUND('',#9194,.F.);
#9197=CARTESIAN_POINT('',(-8.5E-1,-9.268387143556E-1,-4.124989555495E0));
#9198=DIRECTION('',(-1.E0,0.E0,0.E0));
#9199=DIRECTION('',(0.E0,0.E0,1.E0));
#9200=AXIS2_PLACEMENT_3D('',#9197,#9198,#9199);
#9201=CYLINDRICAL_SURFACE('',#9200,1.E-1);
#9202=ORIENTED_EDGE('',*,*,#9014,.T.);
#9203=ORIENTED_EDGE('',*,*,#9058,.T.);
#9204=ORIENTED_EDGE('',*,*,#9084,.T.);
#9205=ORIENTED_EDGE('',*,*,#9190,.F.);
#9206=EDGE_LOOP('',(#9202,#9203,#9204,#9205));
#9207=FACE_OUTER_BOUND('',#9206,.F.);
#9209=CARTESIAN_POINT('',(-8.5E-1,8.3E-1,-3.95E0));
#9210=DIRECTION('',(-1.E0,0.E0,0.E0));
#9211=DIRECTION('',(0.E0,0.E0,1.E0));
#9212=AXIS2_PLACEMENT_3D('',#9209,#9210,#9211);
#9213=CYLINDRICAL_SURFACE('',#9212,1.E-1);
#9214=ORIENTED_EDGE('',*,*,#8336,.T.);
#9215=ORIENTED_EDGE('',*,*,#9042,.T.);
#9217=ORIENTED_EDGE('',*,*,#9216,.T.);
#9218=ORIENTED_EDGE('',*,*,#9096,.F.);
#9219=EDGE_LOOP('',(#9214,#9215,#9217,#9218));
#9220=FACE_OUTER_BOUND('',#9219,.F.);
#9222=CARTESIAN_POINT('',(-8.5E-1,9.268218862947E-1,-4.124989555495E0));
#9223=DIRECTION('',(-1.E0,0.E0,0.E0));
#9224=DIRECTION('',(0.E0,0.E0,1.E0));
#9225=AXIS2_PLACEMENT_3D('',#9222,#9223,#9224);
#9226=CYLINDRICAL_SURFACE('',#9225,1.E-1);
#9227=ORIENTED_EDGE('',*,*,#9040,.T.);
#9228=ORIENTED_EDGE('',*,*,#4947,.T.);
#9229=ORIENTED_EDGE('',*,*,#9098,.T.);
#9230=ORIENTED_EDGE('',*,*,#9216,.F.);
#9231=EDGE_LOOP('',(#9227,#9228,#9229,#9230));
#9232=FACE_OUTER_BOUND('',#9231,.F.);
#9234=CARTESIAN_POINT('',(-3.5E-1,0.E0,0.E0));
#9235=DIRECTION('',(-1.E0,0.E0,0.E0));
#9236=DIRECTION('',(0.E0,0.E0,1.E0));
#9237=AXIS2_PLACEMENT_3D('',#9234,#9235,#9236);
#9238=PLANE('',#9237);
#9239=ORIENTED_EDGE('',*,*,#5700,.F.);
#9240=ORIENTED_EDGE('',*,*,#8062,.F.);
#9242=ORIENTED_EDGE('',*,*,#9241,.F.);
#9244=ORIENTED_EDGE('',*,*,#9243,.F.);
#9246=ORIENTED_EDGE('',*,*,#9245,.F.);
#9248=ORIENTED_EDGE('',*,*,#9247,.F.);
#9250=ORIENTED_EDGE('',*,*,#9249,.F.);
#9252=ORIENTED_EDGE('',*,*,#9251,.F.);
#9254=ORIENTED_EDGE('',*,*,#9253,.F.);
#9256=ORIENTED_EDGE('',*,*,#9255,.F.);
#9258=ORIENTED_EDGE('',*,*,#9257,.F.);
#9259=ORIENTED_EDGE('',*,*,#5008,.F.);
#9260=EDGE_LOOP('',(#9239,#9240,#9242,#9244,#9246,#9248,#9250,#9252,#9254,#9256,
#9258,#9259));
#9261=FACE_OUTER_BOUND('',#9260,.F.);
#9263=CARTESIAN_POINT('',(-3.5E-1,0.E0,0.E0));
#9264=DIRECTION('',(-1.E0,0.E0,0.E0));
#9265=DIRECTION('',(0.E0,0.E0,1.E0));
#9266=AXIS2_PLACEMENT_3D('',#9263,#9264,#9265);
#9267=PLANE('',#9266);
#9268=ORIENTED_EDGE('',*,*,#4941,.F.);
#9270=ORIENTED_EDGE('',*,*,#9269,.F.);
#9272=ORIENTED_EDGE('',*,*,#9271,.F.);
#9273=ORIENTED_EDGE('',*,*,#8341,.F.);
#9274=ORIENTED_EDGE('',*,*,#5174,.F.);
#9275=EDGE_LOOP('',(#9268,#9270,#9272,#9273,#9274));
#9276=FACE_OUTER_BOUND('',#9275,.F.);
#9278=CARTESIAN_POINT('',(-3.5E-1,-8.3E-1,-3.95E0));
#9279=DIRECTION('',(-1.E0,0.E0,0.E0));
#9280=DIRECTION('',(0.E0,0.E0,1.E0));
#9281=AXIS2_PLACEMENT_3D('',#9278,#9279,#9280);
#9282=CYLINDRICAL_SURFACE('',#9281,1.E-1);
#9283=ORIENTED_EDGE('',*,*,#9241,.T.);
#9284=ORIENTED_EDGE('',*,*,#8060,.F.);
#9286=ORIENTED_EDGE('',*,*,#9285,.T.);
#9288=ORIENTED_EDGE('',*,*,#9287,.F.);
#9289=EDGE_LOOP('',(#9283,#9284,#9286,#9288));
#9290=FACE_OUTER_BOUND('',#9289,.F.);
#9292=CARTESIAN_POINT('',(-1.5E-1,0.E0,0.E0));
#9293=DIRECTION('',(-1.E0,0.E0,0.E0));
#9294=DIRECTION('',(0.E0,0.E0,1.E0));
#9295=AXIS2_PLACEMENT_3D('',#9292,#9293,#9294);
#9296=PLANE('',#9295);
#9297=ORIENTED_EDGE('',*,*,#5718,.T.);
#9298=ORIENTED_EDGE('',*,*,#5012,.T.);
#9300=ORIENTED_EDGE('',*,*,#9299,.T.);
#9302=ORIENTED_EDGE('',*,*,#9301,.T.);
#9304=ORIENTED_EDGE('',*,*,#9303,.T.);
#9306=ORIENTED_EDGE('',*,*,#9305,.T.);
#9308=ORIENTED_EDGE('',*,*,#9307,.T.);
#9310=ORIENTED_EDGE('',*,*,#9309,.T.);
#9312=ORIENTED_EDGE('',*,*,#9311,.T.);
#9314=ORIENTED_EDGE('',*,*,#9313,.F.);
#9315=ORIENTED_EDGE('',*,*,#9285,.F.);
#9316=ORIENTED_EDGE('',*,*,#8058,.T.);
#9317=EDGE_LOOP('',(#9297,#9298,#9300,#9302,#9304,#9306,#9308,#9310,#9312,#9314,
#9315,#9316));
#9318=FACE_OUTER_BOUND('',#9317,.F.);
#9320=CARTESIAN_POINT('',(-1.5E-1,0.E0,0.E0));
#9321=DIRECTION('',(-1.E0,0.E0,0.E0));
#9322=DIRECTION('',(0.E0,0.E0,1.E0));
#9323=AXIS2_PLACEMENT_3D('',#9320,#9321,#9322);
#9324=PLANE('',#9323);
#9326=ORIENTED_EDGE('',*,*,#9325,.T.);
#9328=ORIENTED_EDGE('',*,*,#9327,.F.);
#9329=ORIENTED_EDGE('',*,*,#4937,.T.);
#9330=ORIENTED_EDGE('',*,*,#5193,.T.);
#9331=ORIENTED_EDGE('',*,*,#8345,.T.);
#9332=EDGE_LOOP('',(#9326,#9328,#9329,#9330,#9331));
#9333=FACE_OUTER_BOUND('',#9332,.F.);
#9335=CARTESIAN_POINT('',(-3.5E-1,-2.515371664817E-1,-3.85E0));
#9336=DIRECTION('',(0.E0,8.191520442890E-1,-5.735764363510E-1));
#9337=DIRECTION('',(0.E0,-5.735764363510E-1,-8.191520442890E-1));
#9338=AXIS2_PLACEMENT_3D('',#9335,#9336,#9337);
#9339=PLANE('',#9338);
#9340=ORIENTED_EDGE('',*,*,#5010,.T.);
#9341=ORIENTED_EDGE('',*,*,#9257,.T.);
#9343=ORIENTED_EDGE('',*,*,#9342,.T.);
#9344=ORIENTED_EDGE('',*,*,#9299,.F.);
#9345=EDGE_LOOP('',(#9340,#9341,#9343,#9344));
#9346=FACE_OUTER_BOUND('',#9345,.F.);
#9348=CARTESIAN_POINT('',(-3.5E-1,-6.3E-1,-4.599714556790E0));
#9349=DIRECTION('',(-1.E0,0.E0,0.E0));
#9350=DIRECTION('',(0.E0,0.E0,1.E0));
#9351=AXIS2_PLACEMENT_3D('',#9348,#9349,#9350);
#9352=CYLINDRICAL_SURFACE('',#9351,1.2E-1);
#9353=ORIENTED_EDGE('',*,*,#9255,.T.);
#9355=ORIENTED_EDGE('',*,*,#9354,.T.);
#9356=ORIENTED_EDGE('',*,*,#9301,.F.);
#9357=ORIENTED_EDGE('',*,*,#9342,.F.);
#9358=EDGE_LOOP('',(#9353,#9355,#9356,#9357));
#9359=FACE_OUTER_BOUND('',#9358,.F.);
#9361=CARTESIAN_POINT('',(-3.5E-1,-7.5E-1,-4.599714556790E0));
#9362=DIRECTION('',(0.E0,1.E0,0.E0));
#9363=DIRECTION('',(0.E0,0.E0,-1.E0));
#9364=AXIS2_PLACEMENT_3D('',#9361,#9362,#9363);
#9365=PLANE('',#9364);
#9366=ORIENTED_EDGE('',*,*,#9253,.T.);
#9368=ORIENTED_EDGE('',*,*,#9367,.T.);
#9369=ORIENTED_EDGE('',*,*,#9303,.F.);
#9370=ORIENTED_EDGE('',*,*,#9354,.F.);
#9371=EDGE_LOOP('',(#9366,#9368,#9369,#9370));
#9372=FACE_OUTER_BOUND('',#9371,.F.);
#9374=CARTESIAN_POINT('',(-3.5E-1,-7.5E-1,-5.2E0));
#9375=DIRECTION('',(0.E0,0.E0,-1.E0));
#9376=DIRECTION('',(0.E0,-1.E0,0.E0));
#9377=AXIS2_PLACEMENT_3D('',#9374,#9375,#9376);
#9378=PLANE('',#9377);
#9379=ORIENTED_EDGE('',*,*,#9251,.T.);
#9381=ORIENTED_EDGE('',*,*,#9380,.T.);
#9382=ORIENTED_EDGE('',*,*,#9305,.F.);
#9383=ORIENTED_EDGE('',*,*,#9367,.F.);
#9384=EDGE_LOOP('',(#9379,#9381,#9382,#9383));
#9385=FACE_OUTER_BOUND('',#9384,.F.);
#9387=CARTESIAN_POINT('',(-3.5E-1,-1.02E0,-5.2E0));
#9388=DIRECTION('',(0.E0,-1.E0,0.E0));
#9389=DIRECTION('',(0.E0,0.E0,1.E0));
#9390=AXIS2_PLACEMENT_3D('',#9387,#9388,#9389);
#9391=PLANE('',#9390);
#9392=ORIENTED_EDGE('',*,*,#9249,.T.);
#9394=ORIENTED_EDGE('',*,*,#9393,.T.);
#9395=ORIENTED_EDGE('',*,*,#9307,.F.);
#9396=ORIENTED_EDGE('',*,*,#9380,.F.);
#9397=EDGE_LOOP('',(#9392,#9394,#9395,#9396));
#9398=FACE_OUTER_BOUND('',#9397,.F.);
#9400=CARTESIAN_POINT('',(-3.5E-1,-9.2E-1,-4.449971039896E0));
#9401=DIRECTION('',(-1.E0,0.E0,0.E0));
#9402=DIRECTION('',(0.E0,0.E0,1.E0));
#9403=AXIS2_PLACEMENT_3D('',#9400,#9401,#9402);
#9404=CYLINDRICAL_SURFACE('',#9403,1.E-1);
#9405=ORIENTED_EDGE('',*,*,#9247,.T.);
#9407=ORIENTED_EDGE('',*,*,#9406,.T.);
#9408=ORIENTED_EDGE('',*,*,#9309,.F.);
#9409=ORIENTED_EDGE('',*,*,#9393,.F.);
#9410=EDGE_LOOP('',(#9405,#9407,#9408,#9409));
#9411=FACE_OUTER_BOUND('',#9410,.F.);
#9413=CARTESIAN_POINT('',(-3.5E-1,-1.000107625094E0,-4.390114808794E0));
#9414=DIRECTION('',(0.E0,-8.010762509420E-1,5.985623110226E-1));
#9415=DIRECTION('',(0.E0,5.985623110226E-1,8.010762509420E-1));
#9416=AXIS2_PLACEMENT_3D('',#9413,#9414,#9415);
#9417=PLANE('',#9416);
#9418=ORIENTED_EDGE('',*,*,#9245,.T.);
#9420=ORIENTED_EDGE('',*,*,#9419,.T.);
#9421=ORIENTED_EDGE('',*,*,#9311,.F.);
#9422=ORIENTED_EDGE('',*,*,#9406,.F.);
#9423=EDGE_LOOP('',(#9418,#9420,#9421,#9422));
#9424=FACE_OUTER_BOUND('',#9423,.F.);
#9426=CARTESIAN_POINT('',(-3.5E-1,-9.268387143556E-1,-4.124989555495E0));
#9427=DIRECTION('',(-1.E0,0.E0,0.E0));
#9428=DIRECTION('',(0.E0,0.E0,1.E0));
#9429=AXIS2_PLACEMENT_3D('',#9426,#9427,#9428);
#9430=CYLINDRICAL_SURFACE('',#9429,1.E-1);
#9431=ORIENTED_EDGE('',*,*,#9243,.T.);
#9432=ORIENTED_EDGE('',*,*,#9287,.T.);
#9433=ORIENTED_EDGE('',*,*,#9313,.T.);
#9434=ORIENTED_EDGE('',*,*,#9419,.F.);
#9435=EDGE_LOOP('',(#9431,#9432,#9433,#9434));
#9436=FACE_OUTER_BOUND('',#9435,.F.);
#9438=CARTESIAN_POINT('',(-3.5E-1,8.3E-1,-3.95E0));
#9439=DIRECTION('',(-1.E0,0.E0,0.E0));
#9440=DIRECTION('',(0.E0,0.E0,1.E0));
#9441=AXIS2_PLACEMENT_3D('',#9438,#9439,#9440);
#9442=CYLINDRICAL_SURFACE('',#9441,1.E-1);
#9443=ORIENTED_EDGE('',*,*,#8343,.T.);
#9444=ORIENTED_EDGE('',*,*,#9271,.T.);
#9446=ORIENTED_EDGE('',*,*,#9445,.T.);
#9447=ORIENTED_EDGE('',*,*,#9325,.F.);
#9448=EDGE_LOOP('',(#9443,#9444,#9446,#9447));
#9449=FACE_OUTER_BOUND('',#9448,.F.);
#9451=CARTESIAN_POINT('',(-3.5E-1,9.268218862947E-1,-4.124989555495E0));
#9452=DIRECTION('',(-1.E0,0.E0,0.E0));
#9453=DIRECTION('',(0.E0,0.E0,1.E0));
#9454=AXIS2_PLACEMENT_3D('',#9451,#9452,#9453);
#9455=CYLINDRICAL_SURFACE('',#9454,1.E-1);
#9456=ORIENTED_EDGE('',*,*,#9269,.T.);
#9457=ORIENTED_EDGE('',*,*,#4939,.T.);
#9458=ORIENTED_EDGE('',*,*,#9327,.T.);
#9459=ORIENTED_EDGE('',*,*,#9445,.F.);
#9460=EDGE_LOOP('',(#9456,#9457,#9458,#9459));
#9461=FACE_OUTER_BOUND('',#9460,.F.);
#9463=CARTESIAN_POINT('',(1.5E-1,0.E0,0.E0));
#9464=DIRECTION('',(-1.E0,0.E0,0.E0));
#9465=DIRECTION('',(0.E0,0.E0,1.E0));
#9466=AXIS2_PLACEMENT_3D('',#9463,#9464,#9465);
#9467=PLANE('',#9466);
#9468=ORIENTED_EDGE('',*,*,#5715,.F.);
#9469=ORIENTED_EDGE('',*,*,#8055,.F.);
#9471=ORIENTED_EDGE('',*,*,#9470,.F.);
#9473=ORIENTED_EDGE('',*,*,#9472,.F.);
#9475=ORIENTED_EDGE('',*,*,#9474,.F.);
#9477=ORIENTED_EDGE('',*,*,#9476,.F.);
#9479=ORIENTED_EDGE('',*,*,#9478,.F.);
#9481=ORIENTED_EDGE('',*,*,#9480,.F.);
#9483=ORIENTED_EDGE('',*,*,#9482,.F.);
#9485=ORIENTED_EDGE('',*,*,#9484,.F.);
#9487=ORIENTED_EDGE('',*,*,#9486,.F.);
#9488=ORIENTED_EDGE('',*,*,#5016,.F.);
#9489=EDGE_LOOP('',(#9468,#9469,#9471,#9473,#9475,#9477,#9479,#9481,#9483,#9485,
#9487,#9488));
#9490=FACE_OUTER_BOUND('',#9489,.F.);
#9492=CARTESIAN_POINT('',(1.5E-1,0.E0,0.E0));
#9493=DIRECTION('',(-1.E0,0.E0,0.E0));
#9494=DIRECTION('',(0.E0,0.E0,1.E0));
#9495=AXIS2_PLACEMENT_3D('',#9492,#9493,#9494);
#9496=PLANE('',#9495);
#9497=ORIENTED_EDGE('',*,*,#4933,.F.);
#9499=ORIENTED_EDGE('',*,*,#9498,.F.);
#9501=ORIENTED_EDGE('',*,*,#9500,.F.);
#9502=ORIENTED_EDGE('',*,*,#8348,.F.);
#9503=ORIENTED_EDGE('',*,*,#5189,.F.);
#9504=EDGE_LOOP('',(#9497,#9499,#9501,#9502,#9503));
#9505=FACE_OUTER_BOUND('',#9504,.F.);
#9507=CARTESIAN_POINT('',(1.5E-1,-8.3E-1,-3.95E0));
#9508=DIRECTION('',(-1.E0,0.E0,0.E0));
#9509=DIRECTION('',(0.E0,0.E0,1.E0));
#9510=AXIS2_PLACEMENT_3D('',#9507,#9508,#9509);
#9511=CYLINDRICAL_SURFACE('',#9510,1.E-1);
#9512=ORIENTED_EDGE('',*,*,#9470,.T.);
#9513=ORIENTED_EDGE('',*,*,#8053,.F.);
#9515=ORIENTED_EDGE('',*,*,#9514,.T.);
#9517=ORIENTED_EDGE('',*,*,#9516,.F.);
#9518=EDGE_LOOP('',(#9512,#9513,#9515,#9517));
#9519=FACE_OUTER_BOUND('',#9518,.F.);
#9521=CARTESIAN_POINT('',(3.5E-1,0.E0,0.E0));
#9522=DIRECTION('',(-1.E0,0.E0,0.E0));
#9523=DIRECTION('',(0.E0,0.E0,1.E0));
#9524=AXIS2_PLACEMENT_3D('',#9521,#9522,#9523);
#9525=PLANE('',#9524);
#9526=ORIENTED_EDGE('',*,*,#5733,.T.);
#9527=ORIENTED_EDGE('',*,*,#5020,.T.);
#9529=ORIENTED_EDGE('',*,*,#9528,.T.);
#9531=ORIENTED_EDGE('',*,*,#9530,.T.);
#9533=ORIENTED_EDGE('',*,*,#9532,.T.);
#9535=ORIENTED_EDGE('',*,*,#9534,.T.);
#9537=ORIENTED_EDGE('',*,*,#9536,.T.);
#9539=ORIENTED_EDGE('',*,*,#9538,.T.);
#9541=ORIENTED_EDGE('',*,*,#9540,.T.);
#9543=ORIENTED_EDGE('',*,*,#9542,.F.);
#9544=ORIENTED_EDGE('',*,*,#9514,.F.);
#9545=ORIENTED_EDGE('',*,*,#8051,.T.);
#9546=EDGE_LOOP('',(#9526,#9527,#9529,#9531,#9533,#9535,#9537,#9539,#9541,#9543,
#9544,#9545));
#9547=FACE_OUTER_BOUND('',#9546,.F.);
#9549=CARTESIAN_POINT('',(3.5E-1,0.E0,0.E0));
#9550=DIRECTION('',(-1.E0,0.E0,0.E0));
#9551=DIRECTION('',(0.E0,0.E0,1.E0));
#9552=AXIS2_PLACEMENT_3D('',#9549,#9550,#9551);
#9553=PLANE('',#9552);
#9555=ORIENTED_EDGE('',*,*,#9554,.T.);
#9557=ORIENTED_EDGE('',*,*,#9556,.F.);
#9558=ORIENTED_EDGE('',*,*,#4929,.T.);
#9559=ORIENTED_EDGE('',*,*,#5208,.T.);
#9560=ORIENTED_EDGE('',*,*,#8352,.T.);
#9561=EDGE_LOOP('',(#9555,#9557,#9558,#9559,#9560));
#9562=FACE_OUTER_BOUND('',#9561,.F.);
#9564=CARTESIAN_POINT('',(1.5E-1,-2.515371664817E-1,-3.85E0));
#9565=DIRECTION('',(0.E0,8.191520442890E-1,-5.735764363510E-1));
#9566=DIRECTION('',(0.E0,-5.735764363510E-1,-8.191520442890E-1));
#9567=AXIS2_PLACEMENT_3D('',#9564,#9565,#9566);
#9568=PLANE('',#9567);
#9569=ORIENTED_EDGE('',*,*,#5018,.T.);
#9570=ORIENTED_EDGE('',*,*,#9486,.T.);
#9572=ORIENTED_EDGE('',*,*,#9571,.T.);
#9573=ORIENTED_EDGE('',*,*,#9528,.F.);
#9574=EDGE_LOOP('',(#9569,#9570,#9572,#9573));
#9575=FACE_OUTER_BOUND('',#9574,.F.);
#9577=CARTESIAN_POINT('',(1.5E-1,-6.3E-1,-4.599714556790E0));
#9578=DIRECTION('',(-1.E0,0.E0,0.E0));
#9579=DIRECTION('',(0.E0,0.E0,1.E0));
#9580=AXIS2_PLACEMENT_3D('',#9577,#9578,#9579);
#9581=CYLINDRICAL_SURFACE('',#9580,1.2E-1);
#9582=ORIENTED_EDGE('',*,*,#9484,.T.);
#9584=ORIENTED_EDGE('',*,*,#9583,.T.);
#9585=ORIENTED_EDGE('',*,*,#9530,.F.);
#9586=ORIENTED_EDGE('',*,*,#9571,.F.);
#9587=EDGE_LOOP('',(#9582,#9584,#9585,#9586));
#9588=FACE_OUTER_BOUND('',#9587,.F.);
#9590=CARTESIAN_POINT('',(1.5E-1,-7.5E-1,-4.599714556790E0));
#9591=DIRECTION('',(0.E0,1.E0,0.E0));
#9592=DIRECTION('',(0.E0,0.E0,-1.E0));
#9593=AXIS2_PLACEMENT_3D('',#9590,#9591,#9592);
#9594=PLANE('',#9593);
#9595=ORIENTED_EDGE('',*,*,#9482,.T.);
#9597=ORIENTED_EDGE('',*,*,#9596,.T.);
#9598=ORIENTED_EDGE('',*,*,#9532,.F.);
#9599=ORIENTED_EDGE('',*,*,#9583,.F.);
#9600=EDGE_LOOP('',(#9595,#9597,#9598,#9599));
#9601=FACE_OUTER_BOUND('',#9600,.F.);
#9603=CARTESIAN_POINT('',(1.5E-1,-7.5E-1,-5.2E0));
#9604=DIRECTION('',(0.E0,0.E0,-1.E0));
#9605=DIRECTION('',(0.E0,-1.E0,0.E0));
#9606=AXIS2_PLACEMENT_3D('',#9603,#9604,#9605);
#9607=PLANE('',#9606);
#9608=ORIENTED_EDGE('',*,*,#9480,.T.);
#9610=ORIENTED_EDGE('',*,*,#9609,.T.);
#9611=ORIENTED_EDGE('',*,*,#9534,.F.);
#9612=ORIENTED_EDGE('',*,*,#9596,.F.);
#9613=EDGE_LOOP('',(#9608,#9610,#9611,#9612));
#9614=FACE_OUTER_BOUND('',#9613,.F.);
#9616=CARTESIAN_POINT('',(1.5E-1,-1.02E0,-5.2E0));
#9617=DIRECTION('',(0.E0,-1.E0,0.E0));
#9618=DIRECTION('',(0.E0,0.E0,1.E0));
#9619=AXIS2_PLACEMENT_3D('',#9616,#9617,#9618);
#9620=PLANE('',#9619);
#9621=ORIENTED_EDGE('',*,*,#9478,.T.);
#9623=ORIENTED_EDGE('',*,*,#9622,.T.);
#9624=ORIENTED_EDGE('',*,*,#9536,.F.);
#9625=ORIENTED_EDGE('',*,*,#9609,.F.);
#9626=EDGE_LOOP('',(#9621,#9623,#9624,#9625));
#9627=FACE_OUTER_BOUND('',#9626,.F.);
#9629=CARTESIAN_POINT('',(1.5E-1,-9.2E-1,-4.449971039896E0));
#9630=DIRECTION('',(-1.E0,0.E0,0.E0));
#9631=DIRECTION('',(0.E0,0.E0,1.E0));
#9632=AXIS2_PLACEMENT_3D('',#9629,#9630,#9631);
#9633=CYLINDRICAL_SURFACE('',#9632,1.E-1);
#9634=ORIENTED_EDGE('',*,*,#9476,.T.);
#9636=ORIENTED_EDGE('',*,*,#9635,.T.);
#9637=ORIENTED_EDGE('',*,*,#9538,.F.);
#9638=ORIENTED_EDGE('',*,*,#9622,.F.);
#9639=EDGE_LOOP('',(#9634,#9636,#9637,#9638));
#9640=FACE_OUTER_BOUND('',#9639,.F.);
#9642=CARTESIAN_POINT('',(1.5E-1,-1.000107625094E0,-4.390114808794E0));
#9643=DIRECTION('',(0.E0,-8.010762509420E-1,5.985623110226E-1));
#9644=DIRECTION('',(0.E0,5.985623110226E-1,8.010762509420E-1));
#9645=AXIS2_PLACEMENT_3D('',#9642,#9643,#9644);
#9646=PLANE('',#9645);
#9647=ORIENTED_EDGE('',*,*,#9474,.T.);
#9649=ORIENTED_EDGE('',*,*,#9648,.T.);
#9650=ORIENTED_EDGE('',*,*,#9540,.F.);
#9651=ORIENTED_EDGE('',*,*,#9635,.F.);
#9652=EDGE_LOOP('',(#9647,#9649,#9650,#9651));
#9653=FACE_OUTER_BOUND('',#9652,.F.);
#9655=CARTESIAN_POINT('',(1.5E-1,-9.268387143556E-1,-4.124989555495E0));
#9656=DIRECTION('',(-1.E0,0.E0,0.E0));
#9657=DIRECTION('',(0.E0,0.E0,1.E0));
#9658=AXIS2_PLACEMENT_3D('',#9655,#9656,#9657);
#9659=CYLINDRICAL_SURFACE('',#9658,1.E-1);
#9660=ORIENTED_EDGE('',*,*,#9472,.T.);
#9661=ORIENTED_EDGE('',*,*,#9516,.T.);
#9662=ORIENTED_EDGE('',*,*,#9542,.T.);
#9663=ORIENTED_EDGE('',*,*,#9648,.F.);
#9664=EDGE_LOOP('',(#9660,#9661,#9662,#9663));
#9665=FACE_OUTER_BOUND('',#9664,.F.);
#9667=CARTESIAN_POINT('',(1.5E-1,8.3E-1,-3.95E0));
#9668=DIRECTION('',(-1.E0,0.E0,0.E0));
#9669=DIRECTION('',(0.E0,0.E0,1.E0));
#9670=AXIS2_PLACEMENT_3D('',#9667,#9668,#9669);
#9671=CYLINDRICAL_SURFACE('',#9670,1.E-1);
#9672=ORIENTED_EDGE('',*,*,#8350,.T.);
#9673=ORIENTED_EDGE('',*,*,#9500,.T.);
#9675=ORIENTED_EDGE('',*,*,#9674,.T.);
#9676=ORIENTED_EDGE('',*,*,#9554,.F.);
#9677=EDGE_LOOP('',(#9672,#9673,#9675,#9676));
#9678=FACE_OUTER_BOUND('',#9677,.F.);
#9680=CARTESIAN_POINT('',(1.5E-1,9.268218862947E-1,-4.124989555495E0));
#9681=DIRECTION('',(-1.E0,0.E0,0.E0));
#9682=DIRECTION('',(0.E0,0.E0,1.E0));
#9683=AXIS2_PLACEMENT_3D('',#9680,#9681,#9682);
#9684=CYLINDRICAL_SURFACE('',#9683,1.E-1);
#9685=ORIENTED_EDGE('',*,*,#9498,.T.);
#9686=ORIENTED_EDGE('',*,*,#4931,.T.);
#9687=ORIENTED_EDGE('',*,*,#9556,.T.);
#9688=ORIENTED_EDGE('',*,*,#9674,.F.);
#9689=EDGE_LOOP('',(#9685,#9686,#9687,#9688));
#9690=FACE_OUTER_BOUND('',#9689,.F.);
#9692=CARTESIAN_POINT('',(6.5E-1,0.E0,0.E0));
#9693=DIRECTION('',(-1.E0,0.E0,0.E0));
#9694=DIRECTION('',(0.E0,0.E0,1.E0));
#9695=AXIS2_PLACEMENT_3D('',#9692,#9693,#9694);
#9696=PLANE('',#9695);
#9698=ORIENTED_EDGE('',*,*,#9697,.F.);
#9700=ORIENTED_EDGE('',*,*,#9699,.F.);
#9702=ORIENTED_EDGE('',*,*,#9701,.F.);
#9704=ORIENTED_EDGE('',*,*,#9703,.F.);
#9706=ORIENTED_EDGE('',*,*,#9705,.F.);
#9708=ORIENTED_EDGE('',*,*,#9707,.F.);
#9710=ORIENTED_EDGE('',*,*,#9709,.F.);
#9712=ORIENTED_EDGE('',*,*,#9711,.F.);
#9714=ORIENTED_EDGE('',*,*,#9713,.F.);
#9715=ORIENTED_EDGE('',*,*,#5024,.F.);
#9716=ORIENTED_EDGE('',*,*,#5730,.F.);
#9717=ORIENTED_EDGE('',*,*,#8048,.F.);
#9718=EDGE_LOOP('',(#9698,#9700,#9702,#9704,#9706,#9708,#9710,#9712,#9714,#9715,
#9716,#9717));
#9719=FACE_OUTER_BOUND('',#9718,.F.);
#9721=CARTESIAN_POINT('',(6.5E-1,0.E0,0.E0));
#9722=DIRECTION('',(-1.E0,0.E0,0.E0));
#9723=DIRECTION('',(0.E0,0.E0,1.E0));
#9724=AXIS2_PLACEMENT_3D('',#9721,#9722,#9723);
#9725=PLANE('',#9724);
#9726=ORIENTED_EDGE('',*,*,#4925,.F.);
#9728=ORIENTED_EDGE('',*,*,#9727,.F.);
#9730=ORIENTED_EDGE('',*,*,#9729,.F.);
#9731=ORIENTED_EDGE('',*,*,#8355,.F.);
#9732=ORIENTED_EDGE('',*,*,#5204,.F.);
#9733=EDGE_LOOP('',(#9726,#9728,#9730,#9731,#9732));
#9734=FACE_OUTER_BOUND('',#9733,.F.);
#9736=CARTESIAN_POINT('',(6.5E-1,-8.3E-1,-3.95E0));
#9737=DIRECTION('',(-1.E0,0.E0,0.E0));
#9738=DIRECTION('',(0.E0,0.E0,1.E0));
#9739=AXIS2_PLACEMENT_3D('',#9736,#9737,#9738);
#9740=CYLINDRICAL_SURFACE('',#9739,1.E-1);
#9741=ORIENTED_EDGE('',*,*,#9697,.T.);
#9742=ORIENTED_EDGE('',*,*,#8046,.F.);
#9744=ORIENTED_EDGE('',*,*,#9743,.T.);
#9746=ORIENTED_EDGE('',*,*,#9745,.F.);
#9747=EDGE_LOOP('',(#9741,#9742,#9744,#9746));
#9748=FACE_OUTER_BOUND('',#9747,.F.);
#9750=CARTESIAN_POINT('',(8.5E-1,0.E0,0.E0));
#9751=DIRECTION('',(-1.E0,0.E0,0.E0));
#9752=DIRECTION('',(0.E0,0.E0,1.E0));
#9753=AXIS2_PLACEMENT_3D('',#9750,#9751,#9752);
#9754=PLANE('',#9753);
#9755=ORIENTED_EDGE('',*,*,#5748,.T.);
#9756=ORIENTED_EDGE('',*,*,#5028,.T.);
#9758=ORIENTED_EDGE('',*,*,#9757,.T.);
#9760=ORIENTED_EDGE('',*,*,#9759,.T.);
#9762=ORIENTED_EDGE('',*,*,#9761,.T.);
#9764=ORIENTED_EDGE('',*,*,#9763,.T.);
#9766=ORIENTED_EDGE('',*,*,#9765,.T.);
#9768=ORIENTED_EDGE('',*,*,#9767,.T.);
#9770=ORIENTED_EDGE('',*,*,#9769,.T.);
#9772=ORIENTED_EDGE('',*,*,#9771,.F.);
#9773=ORIENTED_EDGE('',*,*,#9743,.F.);
#9774=ORIENTED_EDGE('',*,*,#8044,.T.);
#9775=EDGE_LOOP('',(#9755,#9756,#9758,#9760,#9762,#9764,#9766,#9768,#9770,#9772,
#9773,#9774));
#9776=FACE_OUTER_BOUND('',#9775,.F.);
#9778=CARTESIAN_POINT('',(8.5E-1,0.E0,0.E0));
#9779=DIRECTION('',(-1.E0,0.E0,0.E0));
#9780=DIRECTION('',(0.E0,0.E0,1.E0));
#9781=AXIS2_PLACEMENT_3D('',#9778,#9779,#9780);
#9782=PLANE('',#9781);
#9784=ORIENTED_EDGE('',*,*,#9783,.T.);
#9786=ORIENTED_EDGE('',*,*,#9785,.F.);
#9787=ORIENTED_EDGE('',*,*,#4921,.T.);
#9788=ORIENTED_EDGE('',*,*,#5223,.T.);
#9789=ORIENTED_EDGE('',*,*,#8359,.T.);
#9790=EDGE_LOOP('',(#9784,#9786,#9787,#9788,#9789));
#9791=FACE_OUTER_BOUND('',#9790,.F.);
#9793=CARTESIAN_POINT('',(6.5E-1,-2.515371664817E-1,-3.85E0));
#9794=DIRECTION('',(0.E0,8.191520442890E-1,-5.735764363510E-1));
#9795=DIRECTION('',(0.E0,-5.735764363510E-1,-8.191520442890E-1));
#9796=AXIS2_PLACEMENT_3D('',#9793,#9794,#9795);
#9797=PLANE('',#9796);
#9798=ORIENTED_EDGE('',*,*,#5026,.T.);
#9799=ORIENTED_EDGE('',*,*,#9713,.T.);
#9801=ORIENTED_EDGE('',*,*,#9800,.T.);
#9802=ORIENTED_EDGE('',*,*,#9757,.F.);
#9803=EDGE_LOOP('',(#9798,#9799,#9801,#9802));
#9804=FACE_OUTER_BOUND('',#9803,.F.);
#9806=CARTESIAN_POINT('',(6.5E-1,-6.3E-1,-4.599714556790E0));
#9807=DIRECTION('',(-1.E0,0.E0,0.E0));
#9808=DIRECTION('',(0.E0,0.E0,1.E0));
#9809=AXIS2_PLACEMENT_3D('',#9806,#9807,#9808);
#9810=CYLINDRICAL_SURFACE('',#9809,1.2E-1);
#9811=ORIENTED_EDGE('',*,*,#9711,.T.);
#9813=ORIENTED_EDGE('',*,*,#9812,.T.);
#9814=ORIENTED_EDGE('',*,*,#9759,.F.);
#9815=ORIENTED_EDGE('',*,*,#9800,.F.);
#9816=EDGE_LOOP('',(#9811,#9813,#9814,#9815));
#9817=FACE_OUTER_BOUND('',#9816,.F.);
#9819=CARTESIAN_POINT('',(6.5E-1,-7.5E-1,-4.599714556790E0));
#9820=DIRECTION('',(0.E0,1.E0,0.E0));
#9821=DIRECTION('',(0.E0,0.E0,-1.E0));
#9822=AXIS2_PLACEMENT_3D('',#9819,#9820,#9821);
#9823=PLANE('',#9822);
#9824=ORIENTED_EDGE('',*,*,#9709,.T.);
#9826=ORIENTED_EDGE('',*,*,#9825,.T.);
#9827=ORIENTED_EDGE('',*,*,#9761,.F.);
#9828=ORIENTED_EDGE('',*,*,#9812,.F.);
#9829=EDGE_LOOP('',(#9824,#9826,#9827,#9828));
#9830=FACE_OUTER_BOUND('',#9829,.F.);
#9832=CARTESIAN_POINT('',(6.5E-1,-7.5E-1,-5.2E0));
#9833=DIRECTION('',(0.E0,0.E0,-1.E0));
#9834=DIRECTION('',(0.E0,-1.E0,0.E0));
#9835=AXIS2_PLACEMENT_3D('',#9832,#9833,#9834);
#9836=PLANE('',#9835);
#9837=ORIENTED_EDGE('',*,*,#9707,.T.);
#9839=ORIENTED_EDGE('',*,*,#9838,.T.);
#9840=ORIENTED_EDGE('',*,*,#9763,.F.);
#9841=ORIENTED_EDGE('',*,*,#9825,.F.);
#9842=EDGE_LOOP('',(#9837,#9839,#9840,#9841));
#9843=FACE_OUTER_BOUND('',#9842,.F.);
#9845=CARTESIAN_POINT('',(6.5E-1,-1.02E0,-5.2E0));
#9846=DIRECTION('',(0.E0,-1.E0,0.E0));
#9847=DIRECTION('',(0.E0,0.E0,1.E0));
#9848=AXIS2_PLACEMENT_3D('',#9845,#9846,#9847);
#9849=PLANE('',#9848);
#9850=ORIENTED_EDGE('',*,*,#9705,.T.);
#9852=ORIENTED_EDGE('',*,*,#9851,.T.);
#9853=ORIENTED_EDGE('',*,*,#9765,.F.);
#9854=ORIENTED_EDGE('',*,*,#9838,.F.);
#9855=EDGE_LOOP('',(#9850,#9852,#9853,#9854));
#9856=FACE_OUTER_BOUND('',#9855,.F.);
#9858=CARTESIAN_POINT('',(6.5E-1,-9.2E-1,-4.449971039896E0));
#9859=DIRECTION('',(-1.E0,0.E0,0.E0));
#9860=DIRECTION('',(0.E0,0.E0,1.E0));
#9861=AXIS2_PLACEMENT_3D('',#9858,#9859,#9860);
#9862=CYLINDRICAL_SURFACE('',#9861,1.E-1);
#9863=ORIENTED_EDGE('',*,*,#9703,.T.);
#9865=ORIENTED_EDGE('',*,*,#9864,.T.);
#9866=ORIENTED_EDGE('',*,*,#9767,.F.);
#9867=ORIENTED_EDGE('',*,*,#9851,.F.);
#9868=EDGE_LOOP('',(#9863,#9865,#9866,#9867));
#9869=FACE_OUTER_BOUND('',#9868,.F.);
#9871=CARTESIAN_POINT('',(6.5E-1,-1.000107625094E0,-4.390114808794E0));
#9872=DIRECTION('',(0.E0,-8.010762509420E-1,5.985623110226E-1));
#9873=DIRECTION('',(0.E0,5.985623110226E-1,8.010762509420E-1));
#9874=AXIS2_PLACEMENT_3D('',#9871,#9872,#9873);
#9875=PLANE('',#9874);
#9876=ORIENTED_EDGE('',*,*,#9701,.T.);
#9878=ORIENTED_EDGE('',*,*,#9877,.T.);
#9879=ORIENTED_EDGE('',*,*,#9769,.F.);
#9880=ORIENTED_EDGE('',*,*,#9864,.F.);
#9881=EDGE_LOOP('',(#9876,#9878,#9879,#9880));
#9882=FACE_OUTER_BOUND('',#9881,.F.);
#9884=CARTESIAN_POINT('',(6.5E-1,-9.268387143556E-1,-4.124989555495E0));
#9885=DIRECTION('',(-1.E0,0.E0,0.E0));
#9886=DIRECTION('',(0.E0,0.E0,1.E0));
#9887=AXIS2_PLACEMENT_3D('',#9884,#9885,#9886);
#9888=CYLINDRICAL_SURFACE('',#9887,1.E-1);
#9889=ORIENTED_EDGE('',*,*,#9699,.T.);
#9890=ORIENTED_EDGE('',*,*,#9745,.T.);
#9891=ORIENTED_EDGE('',*,*,#9771,.T.);
#9892=ORIENTED_EDGE('',*,*,#9877,.F.);
#9893=EDGE_LOOP('',(#9889,#9890,#9891,#9892));
#9894=FACE_OUTER_BOUND('',#9893,.F.);
#9896=CARTESIAN_POINT('',(6.5E-1,8.3E-1,-3.95E0));
#9897=DIRECTION('',(-1.E0,0.E0,0.E0));
#9898=DIRECTION('',(0.E0,0.E0,1.E0));
#9899=AXIS2_PLACEMENT_3D('',#9896,#9897,#9898);
#9900=CYLINDRICAL_SURFACE('',#9899,1.E-1);
#9901=ORIENTED_EDGE('',*,*,#8357,.T.);
#9902=ORIENTED_EDGE('',*,*,#9729,.T.);
#9904=ORIENTED_EDGE('',*,*,#9903,.T.);
#9905=ORIENTED_EDGE('',*,*,#9783,.F.);
#9906=EDGE_LOOP('',(#9901,#9902,#9904,#9905));
#9907=FACE_OUTER_BOUND('',#9906,.F.);
#9909=CARTESIAN_POINT('',(6.5E-1,9.268218862947E-1,-4.124989555495E0));
#9910=DIRECTION('',(-1.E0,0.E0,0.E0));
#9911=DIRECTION('',(0.E0,0.E0,1.E0));
#9912=AXIS2_PLACEMENT_3D('',#9909,#9910,#9911);
#9913=CYLINDRICAL_SURFACE('',#9912,1.E-1);
#9914=ORIENTED_EDGE('',*,*,#9727,.T.);
#9915=ORIENTED_EDGE('',*,*,#4923,.T.);
#9916=ORIENTED_EDGE('',*,*,#9785,.T.);
#9917=ORIENTED_EDGE('',*,*,#9903,.F.);
#9918=EDGE_LOOP('',(#9914,#9915,#9916,#9917));
#9919=FACE_OUTER_BOUND('',#9918,.F.);
#9921=CARTESIAN_POINT('',(1.15E0,9.268218862947E-1,-4.124989555495E0));
#9922=DIRECTION('',(-1.E0,0.E0,0.E0));
#9923=DIRECTION('',(0.E0,0.E0,1.E0));
#9924=AXIS2_PLACEMENT_3D('',#9921,#9922,#9923);
#9925=CYLINDRICAL_SURFACE('',#9924,1.E-1);
#9926=ORIENTED_EDGE('',*,*,#8127,.T.);
#9927=ORIENTED_EDGE('',*,*,#4915,.T.);
#9928=ORIENTED_EDGE('',*,*,#8186,.T.);
#9929=ORIENTED_EDGE('',*,*,#8306,.F.);
#9930=EDGE_LOOP('',(#9926,#9927,#9928,#9929));
#9931=FACE_OUTER_BOUND('',#9930,.F.);
#9933=CARTESIAN_POINT('',(3.45E0,-4.75E-1,-1.25E0));
#9934=DIRECTION('',(9.968152785361E-1,0.E0,-7.974522228289E-2));
#9935=DIRECTION('',(-7.974522228289E-2,0.E0,-9.968152785361E-1));
#9936=AXIS2_PLACEMENT_3D('',#9933,#9934,#9935);
#9937=PLANE('',#9936);
#9938=ORIENTED_EDGE('',*,*,#5506,.T.);
#9939=ORIENTED_EDGE('',*,*,#5546,.T.);
#9940=ORIENTED_EDGE('',*,*,#5349,.F.);
#9941=ORIENTED_EDGE('',*,*,#5414,.F.);
#9942=EDGE_LOOP('',(#9938,#9939,#9940,#9941));
#9943=FACE_OUTER_BOUND('',#9942,.F.);
#9947=DIRECTION('',(0.E0,0.E0,1.E0));
#9948=VECTOR('',#9947,1.054E0);
#9949=CARTESIAN_POINT('',(-1.35E0,-2.998558274446E-1,-2.077E0));
#9950=LINE('',#9949,#9948);
#9951=DIRECTION('',(0.E0,-1.391731009601E-1,-9.902680687416E-1));
#9952=VECTOR('',#9951,5.462332141876E-1);
#9953=CARTESIAN_POINT('',(-1.35E0,-2.238348571787E-1,-1.536082689904E0));
#9954=LINE('',#9953,#9952);
#9955=CARTESIAN_POINT('',(-1.35E0,-1.248080503045E-1,-1.55E0));
#9956=DIRECTION('',(1.E0,0.E0,0.E0));
#9957=DIRECTION('',(0.E0,0.E0,1.E0));
#9958=AXIS2_PLACEMENT_3D('',#9955,#9956,#9957);
#9960=DIRECTION('',(0.E0,-1.E0,0.E0));
#9961=VECTOR('',#9960,3.480805030453E-2);
#9962=CARTESIAN_POINT('',(-1.35E0,-9.E-2,-1.45E0));
#9963=LINE('',#9962,#9961);
#9964=DIRECTION('',(0.E0,0.E0,-1.E0));
#9965=VECTOR('',#9964,8.E-2);
#9966=CARTESIAN_POINT('',(-1.35E0,-9.E-2,-1.37E0));
#9967=LINE('',#9966,#9965);
#9968=CARTESIAN_POINT('',(-1.35E0,-2.4E-1,-1.37E0));
#9969=DIRECTION('',(-1.E0,0.E0,0.E0));
#9970=DIRECTION('',(0.E0,8.191520442890E-1,5.735764363510E-1));
#9971=AXIS2_PLACEMENT_3D('',#9968,#9969,#9970);
#9973=DIRECTION('',(0.E0,5.735764363510E-1,-8.191520442890E-1));
#9974=VECTOR('',#9973,3.185776515688E-1);
#9975=CARTESIAN_POINT('',(-1.35E0,-2.998558274446E-1,-1.023E0));
#9976=LINE('',#9975,#9974);
#9977=DIRECTION('',(1.E0,0.E0,0.E0));
#9978=VECTOR('',#9977,2.E-1);
#9979=CARTESIAN_POINT('',(-1.35E0,-2.998558274446E-1,-2.077E0));
#9980=LINE('',#9979,#9978);
#9981=DIRECTION('',(1.E0,0.E0,0.E0));
#9982=VECTOR('',#9981,2.E-1);
#9983=CARTESIAN_POINT('',(-1.35E0,-2.998558274446E-1,-1.023E0));
#9984=LINE('',#9983,#9982);
#9985=DIRECTION('',(1.E0,0.E0,0.E0));
#9986=VECTOR('',#9985,2.E-1);
#9987=CARTESIAN_POINT('',(-1.35E0,-1.171271933567E-1,-1.283963534547E0));
#9988=LINE('',#9987,#9986);
#9989=DIRECTION('',(1.E0,0.E0,0.E0));
#9990=VECTOR('',#9989,2.E-1);
#9991=CARTESIAN_POINT('',(-1.35E0,-9.E-2,-1.37E0));
#9992=LINE('',#9991,#9990);
#9993=DIRECTION('',(1.E0,0.E0,0.E0));
#9994=VECTOR('',#9993,2.E-1);
#9995=CARTESIAN_POINT('',(-1.35E0,-9.E-2,-1.45E0));
#9996=LINE('',#9995,#9994);
#9997=DIRECTION('',(1.E0,0.E0,0.E0));
#9998=VECTOR('',#9997,2.E-1);
#9999=CARTESIAN_POINT('',(-1.35E0,-1.248080503045E-1,-1.45E0));
#10000=LINE('',#9999,#9998);
#10001=DIRECTION('',(1.E0,0.E0,0.E0));
#10002=VECTOR('',#10001,2.E-1);
#10003=CARTESIAN_POINT('',(-1.35E0,-2.238348571787E-1,-1.536082689904E0));
#10004=LINE('',#10003,#10002);
#10005=DIRECTION('',(0.E0,0.E0,1.E0));
#10006=VECTOR('',#10005,1.054E0);
#10007=CARTESIAN_POINT('',(-1.15E0,-2.998558274446E-1,-2.077E0));
#10008=LINE('',#10007,#10006);
#10009=DIRECTION('',(0.E0,5.735764363510E-1,-8.191520442890E-1));
#10010=VECTOR('',#10009,3.185776515688E-1);
#10011=CARTESIAN_POINT('',(-1.15E0,-2.998558274446E-1,-1.023E0));
#10012=LINE('',#10011,#10010);
#10013=CARTESIAN_POINT('',(-1.15E0,-2.4E-1,-1.37E0));
#10014=DIRECTION('',(-1.E0,0.E0,0.E0));
#10015=DIRECTION('',(0.E0,8.191520442890E-1,5.735764363510E-1));
#10016=AXIS2_PLACEMENT_3D('',#10013,#10014,#10015);
#10018=DIRECTION('',(0.E0,0.E0,-1.E0));
#10019=VECTOR('',#10018,8.E-2);
#10020=CARTESIAN_POINT('',(-1.15E0,-9.E-2,-1.37E0));
#10021=LINE('',#10020,#10019);
#10022=DIRECTION('',(0.E0,-1.E0,0.E0));
#10023=VECTOR('',#10022,3.480805030453E-2);
#10024=CARTESIAN_POINT('',(-1.15E0,-9.E-2,-1.45E0));
#10025=LINE('',#10024,#10023);
#10026=CARTESIAN_POINT('',(-1.15E0,-1.248080503045E-1,-1.55E0));
#10027=DIRECTION('',(1.E0,0.E0,0.E0));
#10028=DIRECTION('',(0.E0,0.E0,1.E0));
#10029=AXIS2_PLACEMENT_3D('',#10026,#10027,#10028);
#10031=DIRECTION('',(0.E0,-1.391731009601E-1,-9.902680687416E-1));
#10032=VECTOR('',#10031,5.462332141876E-1);
#10033=CARTESIAN_POINT('',(-1.15E0,-2.238348571787E-1,-1.536082689904E0));
#10034=LINE('',#10033,#10032);
#10035=CARTESIAN_POINT('',(-1.35E0,-2.998558274446E-1,-2.077E0));
#10036=CARTESIAN_POINT('',(-1.35E0,-2.998558274446E-1,-1.023E0));
#10037=VERTEX_POINT('',#10035);
#10038=VERTEX_POINT('',#10036);
#10039=CARTESIAN_POINT('',(-1.35E0,-1.171271933567E-1,-1.283963534547E0));
#10040=VERTEX_POINT('',#10039);
#10041=CARTESIAN_POINT('',(-1.35E0,-9.E-2,-1.37E0));
#10042=VERTEX_POINT('',#10041);
#10043=CARTESIAN_POINT('',(-1.35E0,-9.E-2,-1.45E0));
#10044=VERTEX_POINT('',#10043);
#10045=CARTESIAN_POINT('',(-1.35E0,-1.248080503045E-1,-1.45E0));
#10046=VERTEX_POINT('',#10045);
#10047=CARTESIAN_POINT('',(-1.35E0,-2.238348571787E-1,-1.536082689904E0));
#10048=VERTEX_POINT('',#10047);
#10049=CARTESIAN_POINT('',(-1.15E0,-2.998558274446E-1,-2.077E0));
#10050=CARTESIAN_POINT('',(-1.15E0,-2.998558274446E-1,-1.023E0));
#10051=VERTEX_POINT('',#10049);
#10052=VERTEX_POINT('',#10050);
#10053=CARTESIAN_POINT('',(-1.15E0,-1.171271933567E-1,-1.283963534547E0));
#10054=VERTEX_POINT('',#10053);
#10055=CARTESIAN_POINT('',(-1.15E0,-9.E-2,-1.37E0));
#10056=VERTEX_POINT('',#10055);
#10057=CARTESIAN_POINT('',(-1.15E0,-9.E-2,-1.45E0));
#10058=VERTEX_POINT('',#10057);
#10059=CARTESIAN_POINT('',(-1.15E0,-1.248080503045E-1,-1.45E0));
#10060=VERTEX_POINT('',#10059);
#10061=CARTESIAN_POINT('',(-1.15E0,-2.238348571787E-1,-1.536082689904E0));
#10062=VERTEX_POINT('',#10061);
#10063=CARTESIAN_POINT('',(-1.35E0,0.E0,0.E0));
#10064=DIRECTION('',(-1.E0,0.E0,0.E0));
#10065=DIRECTION('',(0.E0,0.E0,1.E0));
#10066=AXIS2_PLACEMENT_3D('',#10063,#10064,#10065);
#10067=PLANE('',#10066);
#10069=ORIENTED_EDGE('',*,*,#10068,.F.);
#10071=ORIENTED_EDGE('',*,*,#10070,.F.);
#10073=ORIENTED_EDGE('',*,*,#10072,.F.);
#10075=ORIENTED_EDGE('',*,*,#10074,.F.);
#10077=ORIENTED_EDGE('',*,*,#10076,.F.);
#10079=ORIENTED_EDGE('',*,*,#10078,.F.);
#10081=ORIENTED_EDGE('',*,*,#10080,.F.);
#10082=EDGE_LOOP('',(#10069,#10071,#10073,#10075,#10077,#10079,#10081));
#10083=FACE_OUTER_BOUND('',#10082,.F.);
#10085=CARTESIAN_POINT('',(-1.35E0,-2.998558274446E-1,-2.077E0));
#10086=DIRECTION('',(0.E0,-1.E0,0.E0));
#10087=DIRECTION('',(0.E0,0.E0,1.E0));
#10088=AXIS2_PLACEMENT_3D('',#10085,#10086,#10087);
#10089=PLANE('',#10088);
#10090=ORIENTED_EDGE('',*,*,#10068,.T.);
#10092=ORIENTED_EDGE('',*,*,#10091,.T.);
#10094=ORIENTED_EDGE('',*,*,#10093,.F.);
#10096=ORIENTED_EDGE('',*,*,#10095,.F.);
#10097=EDGE_LOOP('',(#10090,#10092,#10094,#10096));
#10098=FACE_OUTER_BOUND('',#10097,.F.);
#10100=CARTESIAN_POINT('',(-1.35E0,-2.998558274446E-1,-1.023E0));
#10101=DIRECTION('',(0.E0,8.191520442890E-1,5.735764363510E-1));
#10102=DIRECTION('',(0.E0,5.735764363510E-1,-8.191520442890E-1));
#10103=AXIS2_PLACEMENT_3D('',#10100,#10101,#10102);
#10104=PLANE('',#10103);
#10105=ORIENTED_EDGE('',*,*,#10080,.T.);
#10107=ORIENTED_EDGE('',*,*,#10106,.T.);
#10109=ORIENTED_EDGE('',*,*,#10108,.F.);
#10110=ORIENTED_EDGE('',*,*,#10091,.F.);
#10111=EDGE_LOOP('',(#10105,#10107,#10109,#10110));
#10112=FACE_OUTER_BOUND('',#10111,.F.);
#10114=CARTESIAN_POINT('',(-1.35E0,-2.4E-1,-1.37E0));
#10115=DIRECTION('',(-1.E0,0.E0,0.E0));
#10116=DIRECTION('',(0.E0,0.E0,1.E0));
#10117=AXIS2_PLACEMENT_3D('',#10114,#10115,#10116);
#10118=CYLINDRICAL_SURFACE('',#10117,1.5E-1);
#10119=ORIENTED_EDGE('',*,*,#10078,.T.);
#10121=ORIENTED_EDGE('',*,*,#10120,.T.);
#10123=ORIENTED_EDGE('',*,*,#10122,.F.);
#10124=ORIENTED_EDGE('',*,*,#10106,.F.);
#10125=EDGE_LOOP('',(#10119,#10121,#10123,#10124));
#10126=FACE_OUTER_BOUND('',#10125,.F.);
#10128=CARTESIAN_POINT('',(-1.35E0,-9.E-2,-1.37E0));
#10129=DIRECTION('',(0.E0,1.E0,0.E0));
#10130=DIRECTION('',(0.E0,0.E0,-1.E0));
#10131=AXIS2_PLACEMENT_3D('',#10128,#10129,#10130);
#10132=PLANE('',#10131);
#10133=ORIENTED_EDGE('',*,*,#10076,.T.);
#10135=ORIENTED_EDGE('',*,*,#10134,.T.);
#10137=ORIENTED_EDGE('',*,*,#10136,.F.);
#10138=ORIENTED_EDGE('',*,*,#10120,.F.);
#10139=EDGE_LOOP('',(#10133,#10135,#10137,#10138));
#10140=FACE_OUTER_BOUND('',#10139,.F.);
#10142=CARTESIAN_POINT('',(-1.35E0,-9.E-2,-1.45E0));
#10143=DIRECTION('',(0.E0,0.E0,-1.E0));
#10144=DIRECTION('',(0.E0,-1.E0,0.E0));
#10145=AXIS2_PLACEMENT_3D('',#10142,#10143,#10144);
#10146=PLANE('',#10145);
#10147=ORIENTED_EDGE('',*,*,#10074,.T.);
#10149=ORIENTED_EDGE('',*,*,#10148,.T.);
#10151=ORIENTED_EDGE('',*,*,#10150,.F.);
#10152=ORIENTED_EDGE('',*,*,#10134,.F.);
#10153=EDGE_LOOP('',(#10147,#10149,#10151,#10152));
#10154=FACE_OUTER_BOUND('',#10153,.F.);
#10156=CARTESIAN_POINT('',(-1.35E0,-1.248080503045E-1,-1.55E0));
#10157=DIRECTION('',(-1.E0,0.E0,0.E0));
#10158=DIRECTION('',(0.E0,0.E0,1.E0));
#10159=AXIS2_PLACEMENT_3D('',#10156,#10157,#10158);
#10160=CYLINDRICAL_SURFACE('',#10159,1.E-1);
#10161=ORIENTED_EDGE('',*,*,#10072,.T.);
#10163=ORIENTED_EDGE('',*,*,#10162,.T.);
#10165=ORIENTED_EDGE('',*,*,#10164,.F.);
#10166=ORIENTED_EDGE('',*,*,#10148,.F.);
#10167=EDGE_LOOP('',(#10161,#10163,#10165,#10166));
#10168=FACE_OUTER_BOUND('',#10167,.F.);
#10170=CARTESIAN_POINT('',(-1.35E0,-2.238348571787E-1,-1.536082689904E0));
#10171=DIRECTION('',(0.E0,9.902680687416E-1,-1.391731009601E-1));
#10172=DIRECTION('',(0.E0,-1.391731009601E-1,-9.902680687416E-1));
#10173=AXIS2_PLACEMENT_3D('',#10170,#10171,#10172);
#10174=PLANE('',#10173);
#10175=ORIENTED_EDGE('',*,*,#10070,.T.);
#10176=ORIENTED_EDGE('',*,*,#10095,.T.);
#10178=ORIENTED_EDGE('',*,*,#10177,.F.);
#10179=ORIENTED_EDGE('',*,*,#10162,.F.);
#10180=EDGE_LOOP('',(#10175,#10176,#10178,#10179));
#10181=FACE_OUTER_BOUND('',#10180,.F.);
#10183=CARTESIAN_POINT('',(-1.15E0,0.E0,0.E0));
#10184=DIRECTION('',(-1.E0,0.E0,0.E0));
#10185=DIRECTION('',(0.E0,0.E0,1.E0));
#10186=AXIS2_PLACEMENT_3D('',#10183,#10184,#10185);
#10187=PLANE('',#10186);
#10188=ORIENTED_EDGE('',*,*,#10093,.T.);
#10189=ORIENTED_EDGE('',*,*,#10108,.T.);
#10190=ORIENTED_EDGE('',*,*,#10122,.T.);
#10191=ORIENTED_EDGE('',*,*,#10136,.T.);
#10192=ORIENTED_EDGE('',*,*,#10150,.T.);
#10193=ORIENTED_EDGE('',*,*,#10164,.T.);
#10194=ORIENTED_EDGE('',*,*,#10177,.T.);
#10195=EDGE_LOOP('',(#10188,#10189,#10190,#10191,#10192,#10193,#10194));
#10196=FACE_OUTER_BOUND('',#10195,.F.);
#10200=DIRECTION('',(0.E0,0.E0,1.E0));
#10201=VECTOR('',#10200,1.054E0);
#10202=CARTESIAN_POINT('',(-8.5E-1,-2.998558274446E-1,-2.077E0));
#10203=LINE('',#10202,#10201);
#10204=DIRECTION('',(0.E0,-1.391731009601E-1,-9.902680687416E-1));
#10205=VECTOR('',#10204,5.462332141876E-1);
#10206=CARTESIAN_POINT('',(-8.5E-1,-2.238348571787E-1,-1.536082689904E0));
#10207=LINE('',#10206,#10205);
#10208=CARTESIAN_POINT('',(-8.5E-1,-1.248080503045E-1,-1.55E0));
#10209=DIRECTION('',(1.E0,0.E0,0.E0));
#10210=DIRECTION('',(0.E0,0.E0,1.E0));
#10211=AXIS2_PLACEMENT_3D('',#10208,#10209,#10210);
#10213=DIRECTION('',(0.E0,-1.E0,0.E0));
#10214=VECTOR('',#10213,3.480805030453E-2);
#10215=CARTESIAN_POINT('',(-8.5E-1,-9.E-2,-1.45E0));
#10216=LINE('',#10215,#10214);
#10217=DIRECTION('',(0.E0,0.E0,-1.E0));
#10218=VECTOR('',#10217,8.E-2);
#10219=CARTESIAN_POINT('',(-8.5E-1,-9.E-2,-1.37E0));
#10220=LINE('',#10219,#10218);
#10221=CARTESIAN_POINT('',(-8.5E-1,-2.4E-1,-1.37E0));
#10222=DIRECTION('',(-1.E0,0.E0,0.E0));
#10223=DIRECTION('',(0.E0,8.191520442890E-1,5.735764363510E-1));
#10224=AXIS2_PLACEMENT_3D('',#10221,#10222,#10223);
#10226=DIRECTION('',(0.E0,5.735764363510E-1,-8.191520442890E-1));
#10227=VECTOR('',#10226,3.185776515688E-1);
#10228=CARTESIAN_POINT('',(-8.5E-1,-2.998558274446E-1,-1.023E0));
#10229=LINE('',#10228,#10227);
#10230=DIRECTION('',(1.E0,0.E0,0.E0));
#10231=VECTOR('',#10230,2.E-1);
#10232=CARTESIAN_POINT('',(-8.5E-1,-2.998558274446E-1,-2.077E0));
#10233=LINE('',#10232,#10231);
#10234=DIRECTION('',(1.E0,0.E0,0.E0));
#10235=VECTOR('',#10234,2.E-1);
#10236=CARTESIAN_POINT('',(-8.5E-1,-2.998558274446E-1,-1.023E0));
#10237=LINE('',#10236,#10235);
#10238=DIRECTION('',(1.E0,0.E0,0.E0));
#10239=VECTOR('',#10238,2.E-1);
#10240=CARTESIAN_POINT('',(-8.5E-1,-1.171271933567E-1,-1.283963534547E0));
#10241=LINE('',#10240,#10239);
#10242=DIRECTION('',(1.E0,0.E0,0.E0));
#10243=VECTOR('',#10242,2.E-1);
#10244=CARTESIAN_POINT('',(-8.5E-1,-9.E-2,-1.37E0));
#10245=LINE('',#10244,#10243);
#10246=DIRECTION('',(1.E0,0.E0,0.E0));
#10247=VECTOR('',#10246,2.E-1);
#10248=CARTESIAN_POINT('',(-8.5E-1,-9.E-2,-1.45E0));
#10249=LINE('',#10248,#10247);
#10250=DIRECTION('',(1.E0,0.E0,0.E0));
#10251=VECTOR('',#10250,2.E-1);
#10252=CARTESIAN_POINT('',(-8.5E-1,-1.248080503045E-1,-1.45E0));
#10253=LINE('',#10252,#10251);
#10254=DIRECTION('',(1.E0,0.E0,0.E0));
#10255=VECTOR('',#10254,2.E-1);
#10256=CARTESIAN_POINT('',(-8.5E-1,-2.238348571787E-1,-1.536082689904E0));
#10257=LINE('',#10256,#10255);
#10258=DIRECTION('',(0.E0,0.E0,1.E0));
#10259=VECTOR('',#10258,1.054E0);
#10260=CARTESIAN_POINT('',(-6.5E-1,-2.998558274446E-1,-2.077E0));
#10261=LINE('',#10260,#10259);
#10262=DIRECTION('',(0.E0,5.735764363510E-1,-8.191520442890E-1));
#10263=VECTOR('',#10262,3.185776515688E-1);
#10264=CARTESIAN_POINT('',(-6.5E-1,-2.998558274446E-1,-1.023E0));
#10265=LINE('',#10264,#10263);
#10266=CARTESIAN_POINT('',(-6.5E-1,-2.4E-1,-1.37E0));
#10267=DIRECTION('',(-1.E0,0.E0,0.E0));
#10268=DIRECTION('',(0.E0,8.191520442890E-1,5.735764363510E-1));
#10269=AXIS2_PLACEMENT_3D('',#10266,#10267,#10268);
#10271=DIRECTION('',(0.E0,0.E0,-1.E0));
#10272=VECTOR('',#10271,8.E-2);
#10273=CARTESIAN_POINT('',(-6.5E-1,-9.E-2,-1.37E0));
#10274=LINE('',#10273,#10272);
#10275=DIRECTION('',(0.E0,-1.E0,0.E0));
#10276=VECTOR('',#10275,3.480805030453E-2);
#10277=CARTESIAN_POINT('',(-6.5E-1,-9.E-2,-1.45E0));
#10278=LINE('',#10277,#10276);
#10279=CARTESIAN_POINT('',(-6.5E-1,-1.248080503045E-1,-1.55E0));
#10280=DIRECTION('',(1.E0,0.E0,0.E0));
#10281=DIRECTION('',(0.E0,0.E0,1.E0));
#10282=AXIS2_PLACEMENT_3D('',#10279,#10280,#10281);
#10284=DIRECTION('',(0.E0,-1.391731009601E-1,-9.902680687416E-1));
#10285=VECTOR('',#10284,5.462332141876E-1);
#10286=CARTESIAN_POINT('',(-6.5E-1,-2.238348571787E-1,-1.536082689904E0));
#10287=LINE('',#10286,#10285);
#10288=CARTESIAN_POINT('',(-8.5E-1,-2.998558274446E-1,-2.077E0));
#10289=CARTESIAN_POINT('',(-8.5E-1,-2.998558274446E-1,-1.023E0));
#10290=VERTEX_POINT('',#10288);
#10291=VERTEX_POINT('',#10289);
#10292=CARTESIAN_POINT('',(-8.5E-1,-1.171271933567E-1,-1.283963534547E0));
#10293=VERTEX_POINT('',#10292);
#10294=CARTESIAN_POINT('',(-8.5E-1,-9.E-2,-1.37E0));
#10295=VERTEX_POINT('',#10294);
#10296=CARTESIAN_POINT('',(-8.5E-1,-9.E-2,-1.45E0));
#10297=VERTEX_POINT('',#10296);
#10298=CARTESIAN_POINT('',(-8.5E-1,-1.248080503045E-1,-1.45E0));
#10299=VERTEX_POINT('',#10298);
#10300=CARTESIAN_POINT('',(-8.5E-1,-2.238348571787E-1,-1.536082689904E0));
#10301=VERTEX_POINT('',#10300);
#10302=CARTESIAN_POINT('',(-6.5E-1,-2.998558274446E-1,-2.077E0));
#10303=CARTESIAN_POINT('',(-6.5E-1,-2.998558274446E-1,-1.023E0));
#10304=VERTEX_POINT('',#10302);
#10305=VERTEX_POINT('',#10303);
#10306=CARTESIAN_POINT('',(-6.5E-1,-1.171271933567E-1,-1.283963534547E0));
#10307=VERTEX_POINT('',#10306);
#10308=CARTESIAN_POINT('',(-6.5E-1,-9.E-2,-1.37E0));
#10309=VERTEX_POINT('',#10308);
#10310=CARTESIAN_POINT('',(-6.5E-1,-9.E-2,-1.45E0));
#10311=VERTEX_POINT('',#10310);
#10312=CARTESIAN_POINT('',(-6.5E-1,-1.248080503045E-1,-1.45E0));
#10313=VERTEX_POINT('',#10312);
#10314=CARTESIAN_POINT('',(-6.5E-1,-2.238348571787E-1,-1.536082689904E0));
#10315=VERTEX_POINT('',#10314);
#10316=CARTESIAN_POINT('',(-8.5E-1,0.E0,0.E0));
#10317=DIRECTION('',(-1.E0,0.E0,0.E0));
#10318=DIRECTION('',(0.E0,0.E0,1.E0));
#10319=AXIS2_PLACEMENT_3D('',#10316,#10317,#10318);
#10320=PLANE('',#10319);
#10322=ORIENTED_EDGE('',*,*,#10321,.F.);
#10324=ORIENTED_EDGE('',*,*,#10323,.F.);
#10326=ORIENTED_EDGE('',*,*,#10325,.F.);
#10328=ORIENTED_EDGE('',*,*,#10327,.F.);
#10330=ORIENTED_EDGE('',*,*,#10329,.F.);
#10332=ORIENTED_EDGE('',*,*,#10331,.F.);
#10334=ORIENTED_EDGE('',*,*,#10333,.F.);
#10335=EDGE_LOOP('',(#10322,#10324,#10326,#10328,#10330,#10332,#10334));
#10336=FACE_OUTER_BOUND('',#10335,.F.);
#10338=CARTESIAN_POINT('',(-8.5E-1,-2.998558274446E-1,-2.077E0));
#10339=DIRECTION('',(0.E0,-1.E0,0.E0));
#10340=DIRECTION('',(0.E0,0.E0,1.E0));
#10341=AXIS2_PLACEMENT_3D('',#10338,#10339,#10340);
#10342=PLANE('',#10341);
#10343=ORIENTED_EDGE('',*,*,#10321,.T.);
#10345=ORIENTED_EDGE('',*,*,#10344,.T.);
#10347=ORIENTED_EDGE('',*,*,#10346,.F.);
#10349=ORIENTED_EDGE('',*,*,#10348,.F.);
#10350=EDGE_LOOP('',(#10343,#10345,#10347,#10349));
#10351=FACE_OUTER_BOUND('',#10350,.F.);
#10353=CARTESIAN_POINT('',(-8.5E-1,-2.998558274446E-1,-1.023E0));
#10354=DIRECTION('',(0.E0,8.191520442890E-1,5.735764363510E-1));
#10355=DIRECTION('',(0.E0,5.735764363510E-1,-8.191520442890E-1));
#10356=AXIS2_PLACEMENT_3D('',#10353,#10354,#10355);
#10357=PLANE('',#10356);
#10358=ORIENTED_EDGE('',*,*,#10333,.T.);
#10360=ORIENTED_EDGE('',*,*,#10359,.T.);
#10362=ORIENTED_EDGE('',*,*,#10361,.F.);
#10363=ORIENTED_EDGE('',*,*,#10344,.F.);
#10364=EDGE_LOOP('',(#10358,#10360,#10362,#10363));
#10365=FACE_OUTER_BOUND('',#10364,.F.);
#10367=CARTESIAN_POINT('',(-8.5E-1,-2.4E-1,-1.37E0));
#10368=DIRECTION('',(-1.E0,0.E0,0.E0));
#10369=DIRECTION('',(0.E0,0.E0,1.E0));
#10370=AXIS2_PLACEMENT_3D('',#10367,#10368,#10369);
#10371=CYLINDRICAL_SURFACE('',#10370,1.5E-1);
#10372=ORIENTED_EDGE('',*,*,#10331,.T.);
#10374=ORIENTED_EDGE('',*,*,#10373,.T.);
#10376=ORIENTED_EDGE('',*,*,#10375,.F.);
#10377=ORIENTED_EDGE('',*,*,#10359,.F.);
#10378=EDGE_LOOP('',(#10372,#10374,#10376,#10377));
#10379=FACE_OUTER_BOUND('',#10378,.F.);
#10381=CARTESIAN_POINT('',(-8.5E-1,-9.E-2,-1.37E0));
#10382=DIRECTION('',(0.E0,1.E0,0.E0));
#10383=DIRECTION('',(0.E0,0.E0,-1.E0));
#10384=AXIS2_PLACEMENT_3D('',#10381,#10382,#10383);
#10385=PLANE('',#10384);
#10386=ORIENTED_EDGE('',*,*,#10329,.T.);
#10388=ORIENTED_EDGE('',*,*,#10387,.T.);
#10390=ORIENTED_EDGE('',*,*,#10389,.F.);
#10391=ORIENTED_EDGE('',*,*,#10373,.F.);
#10392=EDGE_LOOP('',(#10386,#10388,#10390,#10391));
#10393=FACE_OUTER_BOUND('',#10392,.F.);
#10395=CARTESIAN_POINT('',(-8.5E-1,-9.E-2,-1.45E0));
#10396=DIRECTION('',(0.E0,0.E0,-1.E0));
#10397=DIRECTION('',(0.E0,-1.E0,0.E0));
#10398=AXIS2_PLACEMENT_3D('',#10395,#10396,#10397);
#10399=PLANE('',#10398);
#10400=ORIENTED_EDGE('',*,*,#10327,.T.);
#10402=ORIENTED_EDGE('',*,*,#10401,.T.);
#10404=ORIENTED_EDGE('',*,*,#10403,.F.);
#10405=ORIENTED_EDGE('',*,*,#10387,.F.);
#10406=EDGE_LOOP('',(#10400,#10402,#10404,#10405));
#10407=FACE_OUTER_BOUND('',#10406,.F.);
#10409=CARTESIAN_POINT('',(-8.5E-1,-1.248080503045E-1,-1.55E0));
#10410=DIRECTION('',(-1.E0,0.E0,0.E0));
#10411=DIRECTION('',(0.E0,0.E0,1.E0));
#10412=AXIS2_PLACEMENT_3D('',#10409,#10410,#10411);
#10413=CYLINDRICAL_SURFACE('',#10412,1.E-1);
#10414=ORIENTED_EDGE('',*,*,#10325,.T.);
#10416=ORIENTED_EDGE('',*,*,#10415,.T.);
#10418=ORIENTED_EDGE('',*,*,#10417,.F.);
#10419=ORIENTED_EDGE('',*,*,#10401,.F.);
#10420=EDGE_LOOP('',(#10414,#10416,#10418,#10419));
#10421=FACE_OUTER_BOUND('',#10420,.F.);
#10423=CARTESIAN_POINT('',(-8.5E-1,-2.238348571787E-1,-1.536082689904E0));
#10424=DIRECTION('',(0.E0,9.902680687416E-1,-1.391731009601E-1));
#10425=DIRECTION('',(0.E0,-1.391731009601E-1,-9.902680687416E-1));
#10426=AXIS2_PLACEMENT_3D('',#10423,#10424,#10425);
#10427=PLANE('',#10426);
#10428=ORIENTED_EDGE('',*,*,#10323,.T.);
#10429=ORIENTED_EDGE('',*,*,#10348,.T.);
#10431=ORIENTED_EDGE('',*,*,#10430,.F.);
#10432=ORIENTED_EDGE('',*,*,#10415,.F.);
#10433=EDGE_LOOP('',(#10428,#10429,#10431,#10432));
#10434=FACE_OUTER_BOUND('',#10433,.F.);
#10436=CARTESIAN_POINT('',(-6.5E-1,0.E0,0.E0));
#10437=DIRECTION('',(-1.E0,0.E0,0.E0));
#10438=DIRECTION('',(0.E0,0.E0,1.E0));
#10439=AXIS2_PLACEMENT_3D('',#10436,#10437,#10438);
#10440=PLANE('',#10439);
#10441=ORIENTED_EDGE('',*,*,#10346,.T.);
#10442=ORIENTED_EDGE('',*,*,#10361,.T.);
#10443=ORIENTED_EDGE('',*,*,#10375,.T.);
#10444=ORIENTED_EDGE('',*,*,#10389,.T.);
#10445=ORIENTED_EDGE('',*,*,#10403,.T.);
#10446=ORIENTED_EDGE('',*,*,#10417,.T.);
#10447=ORIENTED_EDGE('',*,*,#10430,.T.);
#10448=EDGE_LOOP('',(#10441,#10442,#10443,#10444,#10445,#10446,#10447));
#10449=FACE_OUTER_BOUND('',#10448,.F.);
#10453=DIRECTION('',(0.E0,0.E0,1.E0));
#10454=VECTOR('',#10453,1.054E0);
#10455=CARTESIAN_POINT('',(-3.5E-1,-2.998558274446E-1,-2.077E0));
#10456=LINE('',#10455,#10454);
#10457=DIRECTION('',(0.E0,-1.391731009601E-1,-9.902680687416E-1));
#10458=VECTOR('',#10457,5.462332141876E-1);
#10459=CARTESIAN_POINT('',(-3.5E-1,-2.238348571787E-1,-1.536082689904E0));
#10460=LINE('',#10459,#10458);
#10461=CARTESIAN_POINT('',(-3.5E-1,-1.248080503045E-1,-1.55E0));
#10462=DIRECTION('',(1.E0,0.E0,0.E0));
#10463=DIRECTION('',(0.E0,0.E0,1.E0));
#10464=AXIS2_PLACEMENT_3D('',#10461,#10462,#10463);
#10466=DIRECTION('',(0.E0,-1.E0,0.E0));
#10467=VECTOR('',#10466,3.480805030453E-2);
#10468=CARTESIAN_POINT('',(-3.5E-1,-9.E-2,-1.45E0));
#10469=LINE('',#10468,#10467);
#10470=DIRECTION('',(0.E0,0.E0,-1.E0));
#10471=VECTOR('',#10470,8.E-2);
#10472=CARTESIAN_POINT('',(-3.5E-1,-9.E-2,-1.37E0));
#10473=LINE('',#10472,#10471);
#10474=CARTESIAN_POINT('',(-3.5E-1,-2.4E-1,-1.37E0));
#10475=DIRECTION('',(-1.E0,0.E0,0.E0));
#10476=DIRECTION('',(0.E0,8.191520442890E-1,5.735764363510E-1));
#10477=AXIS2_PLACEMENT_3D('',#10474,#10475,#10476);
#10479=DIRECTION('',(0.E0,5.735764363510E-1,-8.191520442890E-1));
#10480=VECTOR('',#10479,3.185776515688E-1);
#10481=CARTESIAN_POINT('',(-3.5E-1,-2.998558274446E-1,-1.023E0));
#10482=LINE('',#10481,#10480);
#10483=DIRECTION('',(1.E0,0.E0,0.E0));
#10484=VECTOR('',#10483,2.E-1);
#10485=CARTESIAN_POINT('',(-3.5E-1,-2.998558274446E-1,-2.077E0));
#10486=LINE('',#10485,#10484);
#10487=DIRECTION('',(1.E0,0.E0,0.E0));
#10488=VECTOR('',#10487,2.E-1);
#10489=CARTESIAN_POINT('',(-3.5E-1,-2.998558274446E-1,-1.023E0));
#10490=LINE('',#10489,#10488);
#10491=DIRECTION('',(1.E0,0.E0,0.E0));
#10492=VECTOR('',#10491,2.E-1);
#10493=CARTESIAN_POINT('',(-3.5E-1,-1.171271933567E-1,-1.283963534547E0));
#10494=LINE('',#10493,#10492);
#10495=DIRECTION('',(1.E0,0.E0,0.E0));
#10496=VECTOR('',#10495,2.E-1);
#10497=CARTESIAN_POINT('',(-3.5E-1,-9.E-2,-1.37E0));
#10498=LINE('',#10497,#10496);
#10499=DIRECTION('',(1.E0,0.E0,0.E0));
#10500=VECTOR('',#10499,2.E-1);
#10501=CARTESIAN_POINT('',(-3.5E-1,-9.E-2,-1.45E0));
#10502=LINE('',#10501,#10500);
#10503=DIRECTION('',(1.E0,0.E0,0.E0));
#10504=VECTOR('',#10503,2.E-1);
#10505=CARTESIAN_POINT('',(-3.5E-1,-1.248080503045E-1,-1.45E0));
#10506=LINE('',#10505,#10504);
#10507=DIRECTION('',(1.E0,0.E0,0.E0));
#10508=VECTOR('',#10507,2.E-1);
#10509=CARTESIAN_POINT('',(-3.5E-1,-2.238348571787E-1,-1.536082689904E0));
#10510=LINE('',#10509,#10508);
#10511=DIRECTION('',(0.E0,0.E0,1.E0));
#10512=VECTOR('',#10511,1.054E0);
#10513=CARTESIAN_POINT('',(-1.5E-1,-2.998558274446E-1,-2.077E0));
#10514=LINE('',#10513,#10512);
#10515=DIRECTION('',(0.E0,5.735764363510E-1,-8.191520442890E-1));
#10516=VECTOR('',#10515,3.185776515688E-1);
#10517=CARTESIAN_POINT('',(-1.5E-1,-2.998558274446E-1,-1.023E0));
#10518=LINE('',#10517,#10516);
#10519=CARTESIAN_POINT('',(-1.5E-1,-2.4E-1,-1.37E0));
#10520=DIRECTION('',(-1.E0,0.E0,0.E0));
#10521=DIRECTION('',(0.E0,8.191520442890E-1,5.735764363510E-1));
#10522=AXIS2_PLACEMENT_3D('',#10519,#10520,#10521);
#10524=DIRECTION('',(0.E0,0.E0,-1.E0));
#10525=VECTOR('',#10524,8.E-2);
#10526=CARTESIAN_POINT('',(-1.5E-1,-9.E-2,-1.37E0));
#10527=LINE('',#10526,#10525);
#10528=DIRECTION('',(0.E0,-1.E0,0.E0));
#10529=VECTOR('',#10528,3.480805030453E-2);
#10530=CARTESIAN_POINT('',(-1.5E-1,-9.E-2,-1.45E0));
#10531=LINE('',#10530,#10529);
#10532=CARTESIAN_POINT('',(-1.5E-1,-1.248080503045E-1,-1.55E0));
#10533=DIRECTION('',(1.E0,0.E0,0.E0));
#10534=DIRECTION('',(0.E0,0.E0,1.E0));
#10535=AXIS2_PLACEMENT_3D('',#10532,#10533,#10534);
#10537=DIRECTION('',(0.E0,-1.391731009601E-1,-9.902680687416E-1));
#10538=VECTOR('',#10537,5.462332141876E-1);
#10539=CARTESIAN_POINT('',(-1.5E-1,-2.238348571787E-1,-1.536082689904E0));
#10540=LINE('',#10539,#10538);
#10541=CARTESIAN_POINT('',(-3.5E-1,-2.998558274446E-1,-2.077E0));
#10542=CARTESIAN_POINT('',(-3.5E-1,-2.998558274446E-1,-1.023E0));
#10543=VERTEX_POINT('',#10541);
#10544=VERTEX_POINT('',#10542);
#10545=CARTESIAN_POINT('',(-3.5E-1,-1.171271933567E-1,-1.283963534547E0));
#10546=VERTEX_POINT('',#10545);
#10547=CARTESIAN_POINT('',(-3.5E-1,-9.E-2,-1.37E0));
#10548=VERTEX_POINT('',#10547);
#10549=CARTESIAN_POINT('',(-3.5E-1,-9.E-2,-1.45E0));
#10550=VERTEX_POINT('',#10549);
#10551=CARTESIAN_POINT('',(-3.5E-1,-1.248080503045E-1,-1.45E0));
#10552=VERTEX_POINT('',#10551);
#10553=CARTESIAN_POINT('',(-3.5E-1,-2.238348571787E-1,-1.536082689904E0));
#10554=VERTEX_POINT('',#10553);
#10555=CARTESIAN_POINT('',(-1.5E-1,-2.998558274446E-1,-2.077E0));
#10556=CARTESIAN_POINT('',(-1.5E-1,-2.998558274446E-1,-1.023E0));
#10557=VERTEX_POINT('',#10555);
#10558=VERTEX_POINT('',#10556);
#10559=CARTESIAN_POINT('',(-1.5E-1,-1.171271933567E-1,-1.283963534547E0));
#10560=VERTEX_POINT('',#10559);
#10561=CARTESIAN_POINT('',(-1.5E-1,-9.E-2,-1.37E0));
#10562=VERTEX_POINT('',#10561);
#10563=CARTESIAN_POINT('',(-1.5E-1,-9.E-2,-1.45E0));
#10564=VERTEX_POINT('',#10563);
#10565=CARTESIAN_POINT('',(-1.5E-1,-1.248080503045E-1,-1.45E0));
#10566=VERTEX_POINT('',#10565);
#10567=CARTESIAN_POINT('',(-1.5E-1,-2.238348571787E-1,-1.536082689904E0));
#10568=VERTEX_POINT('',#10567);
#10569=CARTESIAN_POINT('',(-3.5E-1,0.E0,0.E0));
#10570=DIRECTION('',(-1.E0,0.E0,0.E0));
#10571=DIRECTION('',(0.E0,0.E0,1.E0));
#10572=AXIS2_PLACEMENT_3D('',#10569,#10570,#10571);
#10573=PLANE('',#10572);
#10575=ORIENTED_EDGE('',*,*,#10574,.F.);
#10577=ORIENTED_EDGE('',*,*,#10576,.F.);
#10579=ORIENTED_EDGE('',*,*,#10578,.F.);
#10581=ORIENTED_EDGE('',*,*,#10580,.F.);
#10583=ORIENTED_EDGE('',*,*,#10582,.F.);
#10585=ORIENTED_EDGE('',*,*,#10584,.F.);
#10587=ORIENTED_EDGE('',*,*,#10586,.F.);
#10588=EDGE_LOOP('',(#10575,#10577,#10579,#10581,#10583,#10585,#10587));
#10589=FACE_OUTER_BOUND('',#10588,.F.);
#10591=CARTESIAN_POINT('',(-3.5E-1,-2.998558274446E-1,-2.077E0));
#10592=DIRECTION('',(0.E0,-1.E0,0.E0));
#10593=DIRECTION('',(0.E0,0.E0,1.E0));
#10594=AXIS2_PLACEMENT_3D('',#10591,#10592,#10593);
#10595=PLANE('',#10594);
#10596=ORIENTED_EDGE('',*,*,#10574,.T.);
#10598=ORIENTED_EDGE('',*,*,#10597,.T.);
#10600=ORIENTED_EDGE('',*,*,#10599,.F.);
#10602=ORIENTED_EDGE('',*,*,#10601,.F.);
#10603=EDGE_LOOP('',(#10596,#10598,#10600,#10602));
#10604=FACE_OUTER_BOUND('',#10603,.F.);
#10606=CARTESIAN_POINT('',(-3.5E-1,-2.998558274446E-1,-1.023E0));
#10607=DIRECTION('',(0.E0,8.191520442890E-1,5.735764363510E-1));
#10608=DIRECTION('',(0.E0,5.735764363510E-1,-8.191520442890E-1));
#10609=AXIS2_PLACEMENT_3D('',#10606,#10607,#10608);
#10610=PLANE('',#10609);
#10611=ORIENTED_EDGE('',*,*,#10586,.T.);
#10613=ORIENTED_EDGE('',*,*,#10612,.T.);
#10615=ORIENTED_EDGE('',*,*,#10614,.F.);
#10616=ORIENTED_EDGE('',*,*,#10597,.F.);
#10617=EDGE_LOOP('',(#10611,#10613,#10615,#10616));
#10618=FACE_OUTER_BOUND('',#10617,.F.);
#10620=CARTESIAN_POINT('',(-3.5E-1,-2.4E-1,-1.37E0));
#10621=DIRECTION('',(-1.E0,0.E0,0.E0));
#10622=DIRECTION('',(0.E0,0.E0,1.E0));
#10623=AXIS2_PLACEMENT_3D('',#10620,#10621,#10622);
#10624=CYLINDRICAL_SURFACE('',#10623,1.5E-1);
#10625=ORIENTED_EDGE('',*,*,#10584,.T.);
#10627=ORIENTED_EDGE('',*,*,#10626,.T.);
#10629=ORIENTED_EDGE('',*,*,#10628,.F.);
#10630=ORIENTED_EDGE('',*,*,#10612,.F.);
#10631=EDGE_LOOP('',(#10625,#10627,#10629,#10630));
#10632=FACE_OUTER_BOUND('',#10631,.F.);
#10634=CARTESIAN_POINT('',(-3.5E-1,-9.E-2,-1.37E0));
#10635=DIRECTION('',(0.E0,1.E0,0.E0));
#10636=DIRECTION('',(0.E0,0.E0,-1.E0));
#10637=AXIS2_PLACEMENT_3D('',#10634,#10635,#10636);
#10638=PLANE('',#10637);
#10639=ORIENTED_EDGE('',*,*,#10582,.T.);
#10641=ORIENTED_EDGE('',*,*,#10640,.T.);
#10643=ORIENTED_EDGE('',*,*,#10642,.F.);
#10644=ORIENTED_EDGE('',*,*,#10626,.F.);
#10645=EDGE_LOOP('',(#10639,#10641,#10643,#10644));
#10646=FACE_OUTER_BOUND('',#10645,.F.);
#10648=CARTESIAN_POINT('',(-3.5E-1,-9.E-2,-1.45E0));
#10649=DIRECTION('',(0.E0,0.E0,-1.E0));
#10650=DIRECTION('',(0.E0,-1.E0,0.E0));
#10651=AXIS2_PLACEMENT_3D('',#10648,#10649,#10650);
#10652=PLANE('',#10651);
#10653=ORIENTED_EDGE('',*,*,#10580,.T.);
#10655=ORIENTED_EDGE('',*,*,#10654,.T.);
#10657=ORIENTED_EDGE('',*,*,#10656,.F.);
#10658=ORIENTED_EDGE('',*,*,#10640,.F.);
#10659=EDGE_LOOP('',(#10653,#10655,#10657,#10658));
#10660=FACE_OUTER_BOUND('',#10659,.F.);
#10662=CARTESIAN_POINT('',(-3.5E-1,-1.248080503045E-1,-1.55E0));
#10663=DIRECTION('',(-1.E0,0.E0,0.E0));
#10664=DIRECTION('',(0.E0,0.E0,1.E0));
#10665=AXIS2_PLACEMENT_3D('',#10662,#10663,#10664);
#10666=CYLINDRICAL_SURFACE('',#10665,1.E-1);
#10667=ORIENTED_EDGE('',*,*,#10578,.T.);
#10669=ORIENTED_EDGE('',*,*,#10668,.T.);
#10671=ORIENTED_EDGE('',*,*,#10670,.F.);
#10672=ORIENTED_EDGE('',*,*,#10654,.F.);
#10673=EDGE_LOOP('',(#10667,#10669,#10671,#10672));
#10674=FACE_OUTER_BOUND('',#10673,.F.);
#10676=CARTESIAN_POINT('',(-3.5E-1,-2.238348571787E-1,-1.536082689904E0));
#10677=DIRECTION('',(0.E0,9.902680687416E-1,-1.391731009601E-1));
#10678=DIRECTION('',(0.E0,-1.391731009601E-1,-9.902680687416E-1));
#10679=AXIS2_PLACEMENT_3D('',#10676,#10677,#10678);
#10680=PLANE('',#10679);
#10681=ORIENTED_EDGE('',*,*,#10576,.T.);
#10682=ORIENTED_EDGE('',*,*,#10601,.T.);
#10684=ORIENTED_EDGE('',*,*,#10683,.F.);
#10685=ORIENTED_EDGE('',*,*,#10668,.F.);
#10686=EDGE_LOOP('',(#10681,#10682,#10684,#10685));
#10687=FACE_OUTER_BOUND('',#10686,.F.);
#10689=CARTESIAN_POINT('',(-1.5E-1,0.E0,0.E0));
#10690=DIRECTION('',(-1.E0,0.E0,0.E0));
#10691=DIRECTION('',(0.E0,0.E0,1.E0));
#10692=AXIS2_PLACEMENT_3D('',#10689,#10690,#10691);
#10693=PLANE('',#10692);
#10694=ORIENTED_EDGE('',*,*,#10599,.T.);
#10695=ORIENTED_EDGE('',*,*,#10614,.T.);
#10696=ORIENTED_EDGE('',*,*,#10628,.T.);
#10697=ORIENTED_EDGE('',*,*,#10642,.T.);
#10698=ORIENTED_EDGE('',*,*,#10656,.T.);
#10699=ORIENTED_EDGE('',*,*,#10670,.T.);
#10700=ORIENTED_EDGE('',*,*,#10683,.T.);
#10701=EDGE_LOOP('',(#10694,#10695,#10696,#10697,#10698,#10699,#10700));
#10702=FACE_OUTER_BOUND('',#10701,.F.);
#10706=DIRECTION('',(0.E0,0.E0,1.E0));
#10707=VECTOR('',#10706,1.054E0);
#10708=CARTESIAN_POINT('',(1.5E-1,-2.998558274446E-1,-2.077E0));
#10709=LINE('',#10708,#10707);
#10710=DIRECTION('',(0.E0,-1.391731009601E-1,-9.902680687416E-1));
#10711=VECTOR('',#10710,5.462332141876E-1);
#10712=CARTESIAN_POINT('',(1.5E-1,-2.238348571787E-1,-1.536082689904E0));
#10713=LINE('',#10712,#10711);
#10714=CARTESIAN_POINT('',(1.5E-1,-1.248080503045E-1,-1.55E0));
#10715=DIRECTION('',(1.E0,0.E0,0.E0));
#10716=DIRECTION('',(0.E0,0.E0,1.E0));
#10717=AXIS2_PLACEMENT_3D('',#10714,#10715,#10716);
#10719=DIRECTION('',(0.E0,-1.E0,0.E0));
#10720=VECTOR('',#10719,3.480805030453E-2);
#10721=CARTESIAN_POINT('',(1.5E-1,-9.E-2,-1.45E0));
#10722=LINE('',#10721,#10720);
#10723=DIRECTION('',(0.E0,0.E0,-1.E0));
#10724=VECTOR('',#10723,8.E-2);
#10725=CARTESIAN_POINT('',(1.5E-1,-9.E-2,-1.37E0));
#10726=LINE('',#10725,#10724);
#10727=CARTESIAN_POINT('',(1.5E-1,-2.4E-1,-1.37E0));
#10728=DIRECTION('',(-1.E0,0.E0,0.E0));
#10729=DIRECTION('',(0.E0,8.191520442890E-1,5.735764363510E-1));
#10730=AXIS2_PLACEMENT_3D('',#10727,#10728,#10729);
#10732=DIRECTION('',(0.E0,5.735764363510E-1,-8.191520442890E-1));
#10733=VECTOR('',#10732,3.185776515688E-1);
#10734=CARTESIAN_POINT('',(1.5E-1,-2.998558274446E-1,-1.023E0));
#10735=LINE('',#10734,#10733);
#10736=DIRECTION('',(1.E0,0.E0,0.E0));
#10737=VECTOR('',#10736,2.E-1);
#10738=CARTESIAN_POINT('',(1.5E-1,-2.998558274446E-1,-2.077E0));
#10739=LINE('',#10738,#10737);
#10740=DIRECTION('',(1.E0,0.E0,0.E0));
#10741=VECTOR('',#10740,2.E-1);
#10742=CARTESIAN_POINT('',(1.5E-1,-2.998558274446E-1,-1.023E0));
#10743=LINE('',#10742,#10741);
#10744=DIRECTION('',(1.E0,0.E0,0.E0));
#10745=VECTOR('',#10744,2.E-1);
#10746=CARTESIAN_POINT('',(1.5E-1,-1.171271933567E-1,-1.283963534547E0));
#10747=LINE('',#10746,#10745);
#10748=DIRECTION('',(1.E0,0.E0,0.E0));
#10749=VECTOR('',#10748,2.E-1);
#10750=CARTESIAN_POINT('',(1.5E-1,-9.E-2,-1.37E0));
#10751=LINE('',#10750,#10749);
#10752=DIRECTION('',(1.E0,0.E0,0.E0));
#10753=VECTOR('',#10752,2.E-1);
#10754=CARTESIAN_POINT('',(1.5E-1,-9.E-2,-1.45E0));
#10755=LINE('',#10754,#10753);
#10756=DIRECTION('',(1.E0,0.E0,0.E0));
#10757=VECTOR('',#10756,2.E-1);
#10758=CARTESIAN_POINT('',(1.5E-1,-1.248080503045E-1,-1.45E0));
#10759=LINE('',#10758,#10757);
#10760=DIRECTION('',(1.E0,0.E0,0.E0));
#10761=VECTOR('',#10760,2.E-1);
#10762=CARTESIAN_POINT('',(1.5E-1,-2.238348571787E-1,-1.536082689904E0));
#10763=LINE('',#10762,#10761);
#10764=DIRECTION('',(0.E0,0.E0,1.E0));
#10765=VECTOR('',#10764,1.054E0);
#10766=CARTESIAN_POINT('',(3.5E-1,-2.998558274446E-1,-2.077E0));
#10767=LINE('',#10766,#10765);
#10768=DIRECTION('',(0.E0,5.735764363510E-1,-8.191520442890E-1));
#10769=VECTOR('',#10768,3.185776515688E-1);
#10770=CARTESIAN_POINT('',(3.5E-1,-2.998558274446E-1,-1.023E0));
#10771=LINE('',#10770,#10769);
#10772=CARTESIAN_POINT('',(3.5E-1,-2.4E-1,-1.37E0));
#10773=DIRECTION('',(-1.E0,0.E0,0.E0));
#10774=DIRECTION('',(0.E0,8.191520442890E-1,5.735764363510E-1));
#10775=AXIS2_PLACEMENT_3D('',#10772,#10773,#10774);
#10777=DIRECTION('',(0.E0,0.E0,-1.E0));
#10778=VECTOR('',#10777,8.E-2);
#10779=CARTESIAN_POINT('',(3.5E-1,-9.E-2,-1.37E0));
#10780=LINE('',#10779,#10778);
#10781=DIRECTION('',(0.E0,-1.E0,0.E0));
#10782=VECTOR('',#10781,3.480805030453E-2);
#10783=CARTESIAN_POINT('',(3.5E-1,-9.E-2,-1.45E0));
#10784=LINE('',#10783,#10782);
#10785=CARTESIAN_POINT('',(3.5E-1,-1.248080503045E-1,-1.55E0));
#10786=DIRECTION('',(1.E0,0.E0,0.E0));
#10787=DIRECTION('',(0.E0,0.E0,1.E0));
#10788=AXIS2_PLACEMENT_3D('',#10785,#10786,#10787);
#10790=DIRECTION('',(0.E0,-1.391731009601E-1,-9.902680687416E-1));
#10791=VECTOR('',#10790,5.462332141876E-1);
#10792=CARTESIAN_POINT('',(3.5E-1,-2.238348571787E-1,-1.536082689904E0));
#10793=LINE('',#10792,#10791);
#10794=CARTESIAN_POINT('',(1.5E-1,-2.998558274446E-1,-2.077E0));
#10795=CARTESIAN_POINT('',(1.5E-1,-2.998558274446E-1,-1.023E0));
#10796=VERTEX_POINT('',#10794);
#10797=VERTEX_POINT('',#10795);
#10798=CARTESIAN_POINT('',(1.5E-1,-1.171271933567E-1,-1.283963534547E0));
#10799=VERTEX_POINT('',#10798);
#10800=CARTESIAN_POINT('',(1.5E-1,-9.E-2,-1.37E0));
#10801=VERTEX_POINT('',#10800);
#10802=CARTESIAN_POINT('',(1.5E-1,-9.E-2,-1.45E0));
#10803=VERTEX_POINT('',#10802);
#10804=CARTESIAN_POINT('',(1.5E-1,-1.248080503045E-1,-1.45E0));
#10805=VERTEX_POINT('',#10804);
#10806=CARTESIAN_POINT('',(1.5E-1,-2.238348571787E-1,-1.536082689904E0));
#10807=VERTEX_POINT('',#10806);
#10808=CARTESIAN_POINT('',(3.5E-1,-2.998558274446E-1,-2.077E0));
#10809=CARTESIAN_POINT('',(3.5E-1,-2.998558274446E-1,-1.023E0));
#10810=VERTEX_POINT('',#10808);
#10811=VERTEX_POINT('',#10809);
#10812=CARTESIAN_POINT('',(3.5E-1,-1.171271933567E-1,-1.283963534547E0));
#10813=VERTEX_POINT('',#10812);
#10814=CARTESIAN_POINT('',(3.5E-1,-9.E-2,-1.37E0));
#10815=VERTEX_POINT('',#10814);
#10816=CARTESIAN_POINT('',(3.5E-1,-9.E-2,-1.45E0));
#10817=VERTEX_POINT('',#10816);
#10818=CARTESIAN_POINT('',(3.5E-1,-1.248080503045E-1,-1.45E0));
#10819=VERTEX_POINT('',#10818);
#10820=CARTESIAN_POINT('',(3.5E-1,-2.238348571787E-1,-1.536082689904E0));
#10821=VERTEX_POINT('',#10820);
#10822=CARTESIAN_POINT('',(1.5E-1,0.E0,0.E0));
#10823=DIRECTION('',(-1.E0,0.E0,0.E0));
#10824=DIRECTION('',(0.E0,0.E0,1.E0));
#10825=AXIS2_PLACEMENT_3D('',#10822,#10823,#10824);
#10826=PLANE('',#10825);
#10828=ORIENTED_EDGE('',*,*,#10827,.F.);
#10830=ORIENTED_EDGE('',*,*,#10829,.F.);
#10832=ORIENTED_EDGE('',*,*,#10831,.F.);
#10834=ORIENTED_EDGE('',*,*,#10833,.F.);
#10836=ORIENTED_EDGE('',*,*,#10835,.F.);
#10838=ORIENTED_EDGE('',*,*,#10837,.F.);
#10840=ORIENTED_EDGE('',*,*,#10839,.F.);
#10841=EDGE_LOOP('',(#10828,#10830,#10832,#10834,#10836,#10838,#10840));
#10842=FACE_OUTER_BOUND('',#10841,.F.);
#10844=CARTESIAN_POINT('',(1.5E-1,-2.998558274446E-1,-2.077E0));
#10845=DIRECTION('',(0.E0,-1.E0,0.E0));
#10846=DIRECTION('',(0.E0,0.E0,1.E0));
#10847=AXIS2_PLACEMENT_3D('',#10844,#10845,#10846);
#10848=PLANE('',#10847);
#10849=ORIENTED_EDGE('',*,*,#10827,.T.);
#10851=ORIENTED_EDGE('',*,*,#10850,.T.);
#10853=ORIENTED_EDGE('',*,*,#10852,.F.);
#10855=ORIENTED_EDGE('',*,*,#10854,.F.);
#10856=EDGE_LOOP('',(#10849,#10851,#10853,#10855));
#10857=FACE_OUTER_BOUND('',#10856,.F.);
#10859=CARTESIAN_POINT('',(1.5E-1,-2.998558274446E-1,-1.023E0));
#10860=DIRECTION('',(0.E0,8.191520442890E-1,5.735764363510E-1));
#10861=DIRECTION('',(0.E0,5.735764363510E-1,-8.191520442890E-1));
#10862=AXIS2_PLACEMENT_3D('',#10859,#10860,#10861);
#10863=PLANE('',#10862);
#10864=ORIENTED_EDGE('',*,*,#10839,.T.);
#10866=ORIENTED_EDGE('',*,*,#10865,.T.);
#10868=ORIENTED_EDGE('',*,*,#10867,.F.);
#10869=ORIENTED_EDGE('',*,*,#10850,.F.);
#10870=EDGE_LOOP('',(#10864,#10866,#10868,#10869));
#10871=FACE_OUTER_BOUND('',#10870,.F.);
#10873=CARTESIAN_POINT('',(1.5E-1,-2.4E-1,-1.37E0));
#10874=DIRECTION('',(-1.E0,0.E0,0.E0));
#10875=DIRECTION('',(0.E0,0.E0,1.E0));
#10876=AXIS2_PLACEMENT_3D('',#10873,#10874,#10875);
#10877=CYLINDRICAL_SURFACE('',#10876,1.5E-1);
#10878=ORIENTED_EDGE('',*,*,#10837,.T.);
#10880=ORIENTED_EDGE('',*,*,#10879,.T.);
#10882=ORIENTED_EDGE('',*,*,#10881,.F.);
#10883=ORIENTED_EDGE('',*,*,#10865,.F.);
#10884=EDGE_LOOP('',(#10878,#10880,#10882,#10883));
#10885=FACE_OUTER_BOUND('',#10884,.F.);
#10887=CARTESIAN_POINT('',(1.5E-1,-9.E-2,-1.37E0));
#10888=DIRECTION('',(0.E0,1.E0,0.E0));
#10889=DIRECTION('',(0.E0,0.E0,-1.E0));
#10890=AXIS2_PLACEMENT_3D('',#10887,#10888,#10889);
#10891=PLANE('',#10890);
#10892=ORIENTED_EDGE('',*,*,#10835,.T.);
#10894=ORIENTED_EDGE('',*,*,#10893,.T.);
#10896=ORIENTED_EDGE('',*,*,#10895,.F.);
#10897=ORIENTED_EDGE('',*,*,#10879,.F.);
#10898=EDGE_LOOP('',(#10892,#10894,#10896,#10897));
#10899=FACE_OUTER_BOUND('',#10898,.F.);
#10901=CARTESIAN_POINT('',(1.5E-1,-9.E-2,-1.45E0));
#10902=DIRECTION('',(0.E0,0.E0,-1.E0));
#10903=DIRECTION('',(0.E0,-1.E0,0.E0));
#10904=AXIS2_PLACEMENT_3D('',#10901,#10902,#10903);
#10905=PLANE('',#10904);
#10906=ORIENTED_EDGE('',*,*,#10833,.T.);
#10908=ORIENTED_EDGE('',*,*,#10907,.T.);
#10910=ORIENTED_EDGE('',*,*,#10909,.F.);
#10911=ORIENTED_EDGE('',*,*,#10893,.F.);
#10912=EDGE_LOOP('',(#10906,#10908,#10910,#10911));
#10913=FACE_OUTER_BOUND('',#10912,.F.);
#10915=CARTESIAN_POINT('',(1.5E-1,-1.248080503045E-1,-1.55E0));
#10916=DIRECTION('',(-1.E0,0.E0,0.E0));
#10917=DIRECTION('',(0.E0,0.E0,1.E0));
#10918=AXIS2_PLACEMENT_3D('',#10915,#10916,#10917);
#10919=CYLINDRICAL_SURFACE('',#10918,1.E-1);
#10920=ORIENTED_EDGE('',*,*,#10831,.T.);
#10922=ORIENTED_EDGE('',*,*,#10921,.T.);
#10924=ORIENTED_EDGE('',*,*,#10923,.F.);
#10925=ORIENTED_EDGE('',*,*,#10907,.F.);
#10926=EDGE_LOOP('',(#10920,#10922,#10924,#10925));
#10927=FACE_OUTER_BOUND('',#10926,.F.);
#10929=CARTESIAN_POINT('',(1.5E-1,-2.238348571787E-1,-1.536082689904E0));
#10930=DIRECTION('',(0.E0,9.902680687416E-1,-1.391731009601E-1));
#10931=DIRECTION('',(0.E0,-1.391731009601E-1,-9.902680687416E-1));
#10932=AXIS2_PLACEMENT_3D('',#10929,#10930,#10931);
#10933=PLANE('',#10932);
#10934=ORIENTED_EDGE('',*,*,#10829,.T.);
#10935=ORIENTED_EDGE('',*,*,#10854,.T.);
#10937=ORIENTED_EDGE('',*,*,#10936,.F.);
#10938=ORIENTED_EDGE('',*,*,#10921,.F.);
#10939=EDGE_LOOP('',(#10934,#10935,#10937,#10938));
#10940=FACE_OUTER_BOUND('',#10939,.F.);
#10942=CARTESIAN_POINT('',(3.5E-1,0.E0,0.E0));
#10943=DIRECTION('',(-1.E0,0.E0,0.E0));
#10944=DIRECTION('',(0.E0,0.E0,1.E0));
#10945=AXIS2_PLACEMENT_3D('',#10942,#10943,#10944);
#10946=PLANE('',#10945);
#10947=ORIENTED_EDGE('',*,*,#10852,.T.);
#10948=ORIENTED_EDGE('',*,*,#10867,.T.);
#10949=ORIENTED_EDGE('',*,*,#10881,.T.);
#10950=ORIENTED_EDGE('',*,*,#10895,.T.);
#10951=ORIENTED_EDGE('',*,*,#10909,.T.);
#10952=ORIENTED_EDGE('',*,*,#10923,.T.);
#10953=ORIENTED_EDGE('',*,*,#10936,.T.);
#10954=EDGE_LOOP('',(#10947,#10948,#10949,#10950,#10951,#10952,#10953));
#10955=FACE_OUTER_BOUND('',#10954,.F.);
#10959=DIRECTION('',(0.E0,0.E0,1.E0));
#10960=VECTOR('',#10959,1.054E0);
#10961=CARTESIAN_POINT('',(6.5E-1,-2.998558274446E-1,-2.077E0));
#10962=LINE('',#10961,#10960);
#10963=DIRECTION('',(0.E0,-1.391731009601E-1,-9.902680687416E-1));
#10964=VECTOR('',#10963,5.462332141876E-1);
#10965=CARTESIAN_POINT('',(6.5E-1,-2.238348571787E-1,-1.536082689904E0));
#10966=LINE('',#10965,#10964);
#10967=CARTESIAN_POINT('',(6.5E-1,-1.248080503045E-1,-1.55E0));
#10968=DIRECTION('',(1.E0,0.E0,0.E0));
#10969=DIRECTION('',(0.E0,0.E0,1.E0));
#10970=AXIS2_PLACEMENT_3D('',#10967,#10968,#10969);
#10972=DIRECTION('',(0.E0,-1.E0,0.E0));
#10973=VECTOR('',#10972,3.480805030453E-2);
#10974=CARTESIAN_POINT('',(6.5E-1,-9.E-2,-1.45E0));
#10975=LINE('',#10974,#10973);
#10976=DIRECTION('',(0.E0,0.E0,-1.E0));
#10977=VECTOR('',#10976,8.E-2);
#10978=CARTESIAN_POINT('',(6.5E-1,-9.E-2,-1.37E0));
#10979=LINE('',#10978,#10977);
#10980=CARTESIAN_POINT('',(6.5E-1,-2.4E-1,-1.37E0));
#10981=DIRECTION('',(-1.E0,0.E0,0.E0));
#10982=DIRECTION('',(0.E0,8.191520442890E-1,5.735764363510E-1));
#10983=AXIS2_PLACEMENT_3D('',#10980,#10981,#10982);
#10985=DIRECTION('',(0.E0,5.735764363510E-1,-8.191520442890E-1));
#10986=VECTOR('',#10985,3.185776515688E-1);
#10987=CARTESIAN_POINT('',(6.5E-1,-2.998558274446E-1,-1.023E0));
#10988=LINE('',#10987,#10986);
#10989=DIRECTION('',(1.E0,0.E0,0.E0));
#10990=VECTOR('',#10989,2.E-1);
#10991=CARTESIAN_POINT('',(6.5E-1,-2.998558274446E-1,-2.077E0));
#10992=LINE('',#10991,#10990);
#10993=DIRECTION('',(1.E0,0.E0,0.E0));
#10994=VECTOR('',#10993,2.E-1);
#10995=CARTESIAN_POINT('',(6.5E-1,-2.998558274446E-1,-1.023E0));
#10996=LINE('',#10995,#10994);
#10997=DIRECTION('',(1.E0,0.E0,0.E0));
#10998=VECTOR('',#10997,2.E-1);
#10999=CARTESIAN_POINT('',(6.5E-1,-1.171271933567E-1,-1.283963534547E0));
#11000=LINE('',#10999,#10998);
#11001=DIRECTION('',(1.E0,0.E0,0.E0));
#11002=VECTOR('',#11001,2.E-1);
#11003=CARTESIAN_POINT('',(6.5E-1,-9.E-2,-1.37E0));
#11004=LINE('',#11003,#11002);
#11005=DIRECTION('',(1.E0,0.E0,0.E0));
#11006=VECTOR('',#11005,2.E-1);
#11007=CARTESIAN_POINT('',(6.5E-1,-9.E-2,-1.45E0));
#11008=LINE('',#11007,#11006);
#11009=DIRECTION('',(1.E0,0.E0,0.E0));
#11010=VECTOR('',#11009,2.E-1);
#11011=CARTESIAN_POINT('',(6.5E-1,-1.248080503045E-1,-1.45E0));
#11012=LINE('',#11011,#11010);
#11013=DIRECTION('',(1.E0,0.E0,0.E0));
#11014=VECTOR('',#11013,2.E-1);
#11015=CARTESIAN_POINT('',(6.5E-1,-2.238348571787E-1,-1.536082689904E0));
#11016=LINE('',#11015,#11014);
#11017=DIRECTION('',(0.E0,0.E0,1.E0));
#11018=VECTOR('',#11017,1.054E0);
#11019=CARTESIAN_POINT('',(8.5E-1,-2.998558274446E-1,-2.077E0));
#11020=LINE('',#11019,#11018);
#11021=DIRECTION('',(0.E0,5.735764363510E-1,-8.191520442890E-1));
#11022=VECTOR('',#11021,3.185776515688E-1);
#11023=CARTESIAN_POINT('',(8.5E-1,-2.998558274446E-1,-1.023E0));
#11024=LINE('',#11023,#11022);
#11025=CARTESIAN_POINT('',(8.5E-1,-2.4E-1,-1.37E0));
#11026=DIRECTION('',(-1.E0,0.E0,0.E0));
#11027=DIRECTION('',(0.E0,8.191520442890E-1,5.735764363510E-1));
#11028=AXIS2_PLACEMENT_3D('',#11025,#11026,#11027);
#11030=DIRECTION('',(0.E0,0.E0,-1.E0));
#11031=VECTOR('',#11030,8.E-2);
#11032=CARTESIAN_POINT('',(8.5E-1,-9.E-2,-1.37E0));
#11033=LINE('',#11032,#11031);
#11034=DIRECTION('',(0.E0,-1.E0,0.E0));
#11035=VECTOR('',#11034,3.480805030453E-2);
#11036=CARTESIAN_POINT('',(8.5E-1,-9.E-2,-1.45E0));
#11037=LINE('',#11036,#11035);
#11038=CARTESIAN_POINT('',(8.5E-1,-1.248080503045E-1,-1.55E0));
#11039=DIRECTION('',(1.E0,0.E0,0.E0));
#11040=DIRECTION('',(0.E0,0.E0,1.E0));
#11041=AXIS2_PLACEMENT_3D('',#11038,#11039,#11040);
#11043=DIRECTION('',(0.E0,-1.391731009601E-1,-9.902680687416E-1));
#11044=VECTOR('',#11043,5.462332141876E-1);
#11045=CARTESIAN_POINT('',(8.5E-1,-2.238348571787E-1,-1.536082689904E0));
#11046=LINE('',#11045,#11044);
#11047=CARTESIAN_POINT('',(6.5E-1,-2.998558274446E-1,-2.077E0));
#11048=CARTESIAN_POINT('',(6.5E-1,-2.998558274446E-1,-1.023E0));
#11049=VERTEX_POINT('',#11047);
#11050=VERTEX_POINT('',#11048);
#11051=CARTESIAN_POINT('',(6.5E-1,-1.171271933567E-1,-1.283963534547E0));
#11052=VERTEX_POINT('',#11051);
#11053=CARTESIAN_POINT('',(6.5E-1,-9.E-2,-1.37E0));
#11054=VERTEX_POINT('',#11053);
#11055=CARTESIAN_POINT('',(6.5E-1,-9.E-2,-1.45E0));
#11056=VERTEX_POINT('',#11055);
#11057=CARTESIAN_POINT('',(6.5E-1,-1.248080503045E-1,-1.45E0));
#11058=VERTEX_POINT('',#11057);
#11059=CARTESIAN_POINT('',(6.5E-1,-2.238348571787E-1,-1.536082689904E0));
#11060=VERTEX_POINT('',#11059);
#11061=CARTESIAN_POINT('',(8.5E-1,-2.998558274446E-1,-2.077E0));
#11062=CARTESIAN_POINT('',(8.5E-1,-2.998558274446E-1,-1.023E0));
#11063=VERTEX_POINT('',#11061);
#11064=VERTEX_POINT('',#11062);
#11065=CARTESIAN_POINT('',(8.5E-1,-1.171271933567E-1,-1.283963534547E0));
#11066=VERTEX_POINT('',#11065);
#11067=CARTESIAN_POINT('',(8.5E-1,-9.E-2,-1.37E0));
#11068=VERTEX_POINT('',#11067);
#11069=CARTESIAN_POINT('',(8.5E-1,-9.E-2,-1.45E0));
#11070=VERTEX_POINT('',#11069);
#11071=CARTESIAN_POINT('',(8.5E-1,-1.248080503045E-1,-1.45E0));
#11072=VERTEX_POINT('',#11071);
#11073=CARTESIAN_POINT('',(8.5E-1,-2.238348571787E-1,-1.536082689904E0));
#11074=VERTEX_POINT('',#11073);
#11075=CARTESIAN_POINT('',(6.5E-1,0.E0,0.E0));
#11076=DIRECTION('',(-1.E0,0.E0,0.E0));
#11077=DIRECTION('',(0.E0,0.E0,1.E0));
#11078=AXIS2_PLACEMENT_3D('',#11075,#11076,#11077);
#11079=PLANE('',#11078);
#11081=ORIENTED_EDGE('',*,*,#11080,.F.);
#11083=ORIENTED_EDGE('',*,*,#11082,.F.);
#11085=ORIENTED_EDGE('',*,*,#11084,.F.);
#11087=ORIENTED_EDGE('',*,*,#11086,.F.);
#11089=ORIENTED_EDGE('',*,*,#11088,.F.);
#11091=ORIENTED_EDGE('',*,*,#11090,.F.);
#11093=ORIENTED_EDGE('',*,*,#11092,.F.);
#11094=EDGE_LOOP('',(#11081,#11083,#11085,#11087,#11089,#11091,#11093));
#11095=FACE_OUTER_BOUND('',#11094,.F.);
#11097=CARTESIAN_POINT('',(6.5E-1,-2.998558274446E-1,-2.077E0));
#11098=DIRECTION('',(0.E0,-1.E0,0.E0));
#11099=DIRECTION('',(0.E0,0.E0,1.E0));
#11100=AXIS2_PLACEMENT_3D('',#11097,#11098,#11099);
#11101=PLANE('',#11100);
#11102=ORIENTED_EDGE('',*,*,#11080,.T.);
#11104=ORIENTED_EDGE('',*,*,#11103,.T.);
#11106=ORIENTED_EDGE('',*,*,#11105,.F.);
#11108=ORIENTED_EDGE('',*,*,#11107,.F.);
#11109=EDGE_LOOP('',(#11102,#11104,#11106,#11108));
#11110=FACE_OUTER_BOUND('',#11109,.F.);
#11112=CARTESIAN_POINT('',(6.5E-1,-2.998558274446E-1,-1.023E0));
#11113=DIRECTION('',(0.E0,8.191520442890E-1,5.735764363510E-1));
#11114=DIRECTION('',(0.E0,5.735764363510E-1,-8.191520442890E-1));
#11115=AXIS2_PLACEMENT_3D('',#11112,#11113,#11114);
#11116=PLANE('',#11115);
#11117=ORIENTED_EDGE('',*,*,#11092,.T.);
#11119=ORIENTED_EDGE('',*,*,#11118,.T.);
#11121=ORIENTED_EDGE('',*,*,#11120,.F.);
#11122=ORIENTED_EDGE('',*,*,#11103,.F.);
#11123=EDGE_LOOP('',(#11117,#11119,#11121,#11122));
#11124=FACE_OUTER_BOUND('',#11123,.F.);
#11126=CARTESIAN_POINT('',(6.5E-1,-2.4E-1,-1.37E0));
#11127=DIRECTION('',(-1.E0,0.E0,0.E0));
#11128=DIRECTION('',(0.E0,0.E0,1.E0));
#11129=AXIS2_PLACEMENT_3D('',#11126,#11127,#11128);
#11130=CYLINDRICAL_SURFACE('',#11129,1.5E-1);
#11131=ORIENTED_EDGE('',*,*,#11090,.T.);
#11133=ORIENTED_EDGE('',*,*,#11132,.T.);
#11135=ORIENTED_EDGE('',*,*,#11134,.F.);
#11136=ORIENTED_EDGE('',*,*,#11118,.F.);
#11137=EDGE_LOOP('',(#11131,#11133,#11135,#11136));
#11138=FACE_OUTER_BOUND('',#11137,.F.);
#11140=CARTESIAN_POINT('',(6.5E-1,-9.E-2,-1.37E0));
#11141=DIRECTION('',(0.E0,1.E0,0.E0));
#11142=DIRECTION('',(0.E0,0.E0,-1.E0));
#11143=AXIS2_PLACEMENT_3D('',#11140,#11141,#11142);
#11144=PLANE('',#11143);
#11145=ORIENTED_EDGE('',*,*,#11088,.T.);
#11147=ORIENTED_EDGE('',*,*,#11146,.T.);
#11149=ORIENTED_EDGE('',*,*,#11148,.F.);
#11150=ORIENTED_EDGE('',*,*,#11132,.F.);
#11151=EDGE_LOOP('',(#11145,#11147,#11149,#11150));
#11152=FACE_OUTER_BOUND('',#11151,.F.);
#11154=CARTESIAN_POINT('',(6.5E-1,-9.E-2,-1.45E0));
#11155=DIRECTION('',(0.E0,0.E0,-1.E0));
#11156=DIRECTION('',(0.E0,-1.E0,0.E0));
#11157=AXIS2_PLACEMENT_3D('',#11154,#11155,#11156);
#11158=PLANE('',#11157);
#11159=ORIENTED_EDGE('',*,*,#11086,.T.);
#11161=ORIENTED_EDGE('',*,*,#11160,.T.);
#11163=ORIENTED_EDGE('',*,*,#11162,.F.);
#11164=ORIENTED_EDGE('',*,*,#11146,.F.);
#11165=EDGE_LOOP('',(#11159,#11161,#11163,#11164));
#11166=FACE_OUTER_BOUND('',#11165,.F.);
#11168=CARTESIAN_POINT('',(6.5E-1,-1.248080503045E-1,-1.55E0));
#11169=DIRECTION('',(-1.E0,0.E0,0.E0));
#11170=DIRECTION('',(0.E0,0.E0,1.E0));
#11171=AXIS2_PLACEMENT_3D('',#11168,#11169,#11170);
#11172=CYLINDRICAL_SURFACE('',#11171,1.E-1);
#11173=ORIENTED_EDGE('',*,*,#11084,.T.);
#11175=ORIENTED_EDGE('',*,*,#11174,.T.);
#11177=ORIENTED_EDGE('',*,*,#11176,.F.);
#11178=ORIENTED_EDGE('',*,*,#11160,.F.);
#11179=EDGE_LOOP('',(#11173,#11175,#11177,#11178));
#11180=FACE_OUTER_BOUND('',#11179,.F.);
#11182=CARTESIAN_POINT('',(6.5E-1,-2.238348571787E-1,-1.536082689904E0));
#11183=DIRECTION('',(0.E0,9.902680687416E-1,-1.391731009601E-1));
#11184=DIRECTION('',(0.E0,-1.391731009601E-1,-9.902680687416E-1));
#11185=AXIS2_PLACEMENT_3D('',#11182,#11183,#11184);
#11186=PLANE('',#11185);
#11187=ORIENTED_EDGE('',*,*,#11082,.T.);
#11188=ORIENTED_EDGE('',*,*,#11107,.T.);
#11190=ORIENTED_EDGE('',*,*,#11189,.F.);
#11191=ORIENTED_EDGE('',*,*,#11174,.F.);
#11192=EDGE_LOOP('',(#11187,#11188,#11190,#11191));
#11193=FACE_OUTER_BOUND('',#11192,.F.);
#11195=CARTESIAN_POINT('',(8.5E-1,0.E0,0.E0));
#11196=DIRECTION('',(-1.E0,0.E0,0.E0));
#11197=DIRECTION('',(0.E0,0.E0,1.E0));
#11198=AXIS2_PLACEMENT_3D('',#11195,#11196,#11197);
#11199=PLANE('',#11198);
#11200=ORIENTED_EDGE('',*,*,#11105,.T.);
#11201=ORIENTED_EDGE('',*,*,#11120,.T.);
#11202=ORIENTED_EDGE('',*,*,#11134,.T.);
#11203=ORIENTED_EDGE('',*,*,#11148,.T.);
#11204=ORIENTED_EDGE('',*,*,#11162,.T.);
#11205=ORIENTED_EDGE('',*,*,#11176,.T.);
#11206=ORIENTED_EDGE('',*,*,#11189,.T.);
#11207=EDGE_LOOP('',(#11200,#11201,#11202,#11203,#11204,#11205,#11206));
#11208=FACE_OUTER_BOUND('',#11207,.F.);
#11212=DIRECTION('',(0.E0,0.E0,1.E0));
#11213=VECTOR('',#11212,1.054E0);
#11214=CARTESIAN_POINT('',(1.15E0,-2.998558274446E-1,-2.077E0));
#11215=LINE('',#11214,#11213);
#11216=DIRECTION('',(0.E0,-1.391731009601E-1,-9.902680687416E-1));
#11217=VECTOR('',#11216,5.462332141876E-1);
#11218=CARTESIAN_POINT('',(1.15E0,-2.238348571787E-1,-1.536082689904E0));
#11219=LINE('',#11218,#11217);
#11220=CARTESIAN_POINT('',(1.15E0,-1.248080503045E-1,-1.55E0));
#11221=DIRECTION('',(1.E0,0.E0,0.E0));
#11222=DIRECTION('',(0.E0,0.E0,1.E0));
#11223=AXIS2_PLACEMENT_3D('',#11220,#11221,#11222);
#11225=DIRECTION('',(0.E0,-1.E0,0.E0));
#11226=VECTOR('',#11225,3.480805030453E-2);
#11227=CARTESIAN_POINT('',(1.15E0,-9.E-2,-1.45E0));
#11228=LINE('',#11227,#11226);
#11229=DIRECTION('',(0.E0,0.E0,-1.E0));
#11230=VECTOR('',#11229,8.E-2);
#11231=CARTESIAN_POINT('',(1.15E0,-9.E-2,-1.37E0));
#11232=LINE('',#11231,#11230);
#11233=CARTESIAN_POINT('',(1.15E0,-2.4E-1,-1.37E0));
#11234=DIRECTION('',(-1.E0,0.E0,0.E0));
#11235=DIRECTION('',(0.E0,8.191520442890E-1,5.735764363510E-1));
#11236=AXIS2_PLACEMENT_3D('',#11233,#11234,#11235);
#11238=DIRECTION('',(0.E0,5.735764363510E-1,-8.191520442890E-1));
#11239=VECTOR('',#11238,3.185776515688E-1);
#11240=CARTESIAN_POINT('',(1.15E0,-2.998558274446E-1,-1.023E0));
#11241=LINE('',#11240,#11239);
#11242=DIRECTION('',(1.E0,0.E0,0.E0));
#11243=VECTOR('',#11242,2.E-1);
#11244=CARTESIAN_POINT('',(1.15E0,-2.998558274446E-1,-2.077E0));
#11245=LINE('',#11244,#11243);
#11246=DIRECTION('',(1.E0,0.E0,0.E0));
#11247=VECTOR('',#11246,2.E-1);
#11248=CARTESIAN_POINT('',(1.15E0,-2.998558274446E-1,-1.023E0));
#11249=LINE('',#11248,#11247);
#11250=DIRECTION('',(1.E0,0.E0,0.E0));
#11251=VECTOR('',#11250,2.E-1);
#11252=CARTESIAN_POINT('',(1.15E0,-1.171271933567E-1,-1.283963534547E0));
#11253=LINE('',#11252,#11251);
#11254=DIRECTION('',(1.E0,0.E0,0.E0));
#11255=VECTOR('',#11254,2.E-1);
#11256=CARTESIAN_POINT('',(1.15E0,-9.E-2,-1.37E0));
#11257=LINE('',#11256,#11255);
#11258=DIRECTION('',(1.E0,0.E0,0.E0));
#11259=VECTOR('',#11258,2.E-1);
#11260=CARTESIAN_POINT('',(1.15E0,-9.E-2,-1.45E0));
#11261=LINE('',#11260,#11259);
#11262=DIRECTION('',(1.E0,0.E0,0.E0));
#11263=VECTOR('',#11262,2.E-1);
#11264=CARTESIAN_POINT('',(1.15E0,-1.248080503045E-1,-1.45E0));
#11265=LINE('',#11264,#11263);
#11266=DIRECTION('',(1.E0,0.E0,0.E0));
#11267=VECTOR('',#11266,2.E-1);
#11268=CARTESIAN_POINT('',(1.15E0,-2.238348571787E-1,-1.536082689904E0));
#11269=LINE('',#11268,#11267);
#11270=DIRECTION('',(0.E0,0.E0,1.E0));
#11271=VECTOR('',#11270,1.054E0);
#11272=CARTESIAN_POINT('',(1.35E0,-2.998558274446E-1,-2.077E0));
#11273=LINE('',#11272,#11271);
#11274=DIRECTION('',(0.E0,5.735764363510E-1,-8.191520442890E-1));
#11275=VECTOR('',#11274,3.185776515688E-1);
#11276=CARTESIAN_POINT('',(1.35E0,-2.998558274446E-1,-1.023E0));
#11277=LINE('',#11276,#11275);
#11278=CARTESIAN_POINT('',(1.35E0,-2.4E-1,-1.37E0));
#11279=DIRECTION('',(-1.E0,0.E0,0.E0));
#11280=DIRECTION('',(0.E0,8.191520442890E-1,5.735764363510E-1));
#11281=AXIS2_PLACEMENT_3D('',#11278,#11279,#11280);
#11283=DIRECTION('',(0.E0,0.E0,-1.E0));
#11284=VECTOR('',#11283,8.E-2);
#11285=CARTESIAN_POINT('',(1.35E0,-9.E-2,-1.37E0));
#11286=LINE('',#11285,#11284);
#11287=DIRECTION('',(0.E0,-1.E0,0.E0));
#11288=VECTOR('',#11287,3.480805030453E-2);
#11289=CARTESIAN_POINT('',(1.35E0,-9.E-2,-1.45E0));
#11290=LINE('',#11289,#11288);
#11291=CARTESIAN_POINT('',(1.35E0,-1.248080503045E-1,-1.55E0));
#11292=DIRECTION('',(1.E0,0.E0,0.E0));
#11293=DIRECTION('',(0.E0,0.E0,1.E0));
#11294=AXIS2_PLACEMENT_3D('',#11291,#11292,#11293);
#11296=DIRECTION('',(0.E0,-1.391731009601E-1,-9.902680687416E-1));
#11297=VECTOR('',#11296,5.462332141876E-1);
#11298=CARTESIAN_POINT('',(1.35E0,-2.238348571787E-1,-1.536082689904E0));
#11299=LINE('',#11298,#11297);
#11300=CARTESIAN_POINT('',(1.15E0,-2.998558274446E-1,-2.077E0));
#11301=CARTESIAN_POINT('',(1.15E0,-2.998558274446E-1,-1.023E0));
#11302=VERTEX_POINT('',#11300);
#11303=VERTEX_POINT('',#11301);
#11304=CARTESIAN_POINT('',(1.15E0,-1.171271933567E-1,-1.283963534547E0));
#11305=VERTEX_POINT('',#11304);
#11306=CARTESIAN_POINT('',(1.15E0,-9.E-2,-1.37E0));
#11307=VERTEX_POINT('',#11306);
#11308=CARTESIAN_POINT('',(1.15E0,-9.E-2,-1.45E0));
#11309=VERTEX_POINT('',#11308);
#11310=CARTESIAN_POINT('',(1.15E0,-1.248080503045E-1,-1.45E0));
#11311=VERTEX_POINT('',#11310);
#11312=CARTESIAN_POINT('',(1.15E0,-2.238348571787E-1,-1.536082689904E0));
#11313=VERTEX_POINT('',#11312);
#11314=CARTESIAN_POINT('',(1.35E0,-2.998558274446E-1,-2.077E0));
#11315=CARTESIAN_POINT('',(1.35E0,-2.998558274446E-1,-1.023E0));
#11316=VERTEX_POINT('',#11314);
#11317=VERTEX_POINT('',#11315);
#11318=CARTESIAN_POINT('',(1.35E0,-1.171271933567E-1,-1.283963534547E0));
#11319=VERTEX_POINT('',#11318);
#11320=CARTESIAN_POINT('',(1.35E0,-9.E-2,-1.37E0));
#11321=VERTEX_POINT('',#11320);
#11322=CARTESIAN_POINT('',(1.35E0,-9.E-2,-1.45E0));
#11323=VERTEX_POINT('',#11322);
#11324=CARTESIAN_POINT('',(1.35E0,-1.248080503045E-1,-1.45E0));
#11325=VERTEX_POINT('',#11324);
#11326=CARTESIAN_POINT('',(1.35E0,-2.238348571787E-1,-1.536082689904E0));
#11327=VERTEX_POINT('',#11326);
#11328=CARTESIAN_POINT('',(1.15E0,0.E0,0.E0));
#11329=DIRECTION('',(-1.E0,0.E0,0.E0));
#11330=DIRECTION('',(0.E0,0.E0,1.E0));
#11331=AXIS2_PLACEMENT_3D('',#11328,#11329,#11330);
#11332=PLANE('',#11331);
#11334=ORIENTED_EDGE('',*,*,#11333,.F.);
#11336=ORIENTED_EDGE('',*,*,#11335,.F.);
#11338=ORIENTED_EDGE('',*,*,#11337,.F.);
#11340=ORIENTED_EDGE('',*,*,#11339,.F.);
#11342=ORIENTED_EDGE('',*,*,#11341,.F.);
#11344=ORIENTED_EDGE('',*,*,#11343,.F.);
#11346=ORIENTED_EDGE('',*,*,#11345,.F.);
#11347=EDGE_LOOP('',(#11334,#11336,#11338,#11340,#11342,#11344,#11346));
#11348=FACE_OUTER_BOUND('',#11347,.F.);
#11350=CARTESIAN_POINT('',(1.15E0,-2.998558274446E-1,-2.077E0));
#11351=DIRECTION('',(0.E0,-1.E0,0.E0));
#11352=DIRECTION('',(0.E0,0.E0,1.E0));
#11353=AXIS2_PLACEMENT_3D('',#11350,#11351,#11352);
#11354=PLANE('',#11353);
#11355=ORIENTED_EDGE('',*,*,#11333,.T.);
#11357=ORIENTED_EDGE('',*,*,#11356,.T.);
#11359=ORIENTED_EDGE('',*,*,#11358,.F.);
#11361=ORIENTED_EDGE('',*,*,#11360,.F.);
#11362=EDGE_LOOP('',(#11355,#11357,#11359,#11361));
#11363=FACE_OUTER_BOUND('',#11362,.F.);
#11365=CARTESIAN_POINT('',(1.15E0,-2.998558274446E-1,-1.023E0));
#11366=DIRECTION('',(0.E0,8.191520442890E-1,5.735764363510E-1));
#11367=DIRECTION('',(0.E0,5.735764363510E-1,-8.191520442890E-1));
#11368=AXIS2_PLACEMENT_3D('',#11365,#11366,#11367);
#11369=PLANE('',#11368);
#11370=ORIENTED_EDGE('',*,*,#11345,.T.);
#11372=ORIENTED_EDGE('',*,*,#11371,.T.);
#11374=ORIENTED_EDGE('',*,*,#11373,.F.);
#11375=ORIENTED_EDGE('',*,*,#11356,.F.);
#11376=EDGE_LOOP('',(#11370,#11372,#11374,#11375));
#11377=FACE_OUTER_BOUND('',#11376,.F.);
#11379=CARTESIAN_POINT('',(1.15E0,-2.4E-1,-1.37E0));
#11380=DIRECTION('',(-1.E0,0.E0,0.E0));
#11381=DIRECTION('',(0.E0,0.E0,1.E0));
#11382=AXIS2_PLACEMENT_3D('',#11379,#11380,#11381);
#11383=CYLINDRICAL_SURFACE('',#11382,1.5E-1);
#11384=ORIENTED_EDGE('',*,*,#11343,.T.);
#11386=ORIENTED_EDGE('',*,*,#11385,.T.);
#11388=ORIENTED_EDGE('',*,*,#11387,.F.);
#11389=ORIENTED_EDGE('',*,*,#11371,.F.);
#11390=EDGE_LOOP('',(#11384,#11386,#11388,#11389));
#11391=FACE_OUTER_BOUND('',#11390,.F.);
#11393=CARTESIAN_POINT('',(1.15E0,-9.E-2,-1.37E0));
#11394=DIRECTION('',(0.E0,1.E0,0.E0));
#11395=DIRECTION('',(0.E0,0.E0,-1.E0));
#11396=AXIS2_PLACEMENT_3D('',#11393,#11394,#11395);
#11397=PLANE('',#11396);
#11398=ORIENTED_EDGE('',*,*,#11341,.T.);
#11400=ORIENTED_EDGE('',*,*,#11399,.T.);
#11402=ORIENTED_EDGE('',*,*,#11401,.F.);
#11403=ORIENTED_EDGE('',*,*,#11385,.F.);
#11404=EDGE_LOOP('',(#11398,#11400,#11402,#11403));
#11405=FACE_OUTER_BOUND('',#11404,.F.);
#11407=CARTESIAN_POINT('',(1.15E0,-9.E-2,-1.45E0));
#11408=DIRECTION('',(0.E0,0.E0,-1.E0));
#11409=DIRECTION('',(0.E0,-1.E0,0.E0));
#11410=AXIS2_PLACEMENT_3D('',#11407,#11408,#11409);
#11411=PLANE('',#11410);
#11412=ORIENTED_EDGE('',*,*,#11339,.T.);
#11414=ORIENTED_EDGE('',*,*,#11413,.T.);
#11416=ORIENTED_EDGE('',*,*,#11415,.F.);
#11417=ORIENTED_EDGE('',*,*,#11399,.F.);
#11418=EDGE_LOOP('',(#11412,#11414,#11416,#11417));
#11419=FACE_OUTER_BOUND('',#11418,.F.);
#11421=CARTESIAN_POINT('',(1.15E0,-1.248080503045E-1,-1.55E0));
#11422=DIRECTION('',(-1.E0,0.E0,0.E0));
#11423=DIRECTION('',(0.E0,0.E0,1.E0));
#11424=AXIS2_PLACEMENT_3D('',#11421,#11422,#11423);
#11425=CYLINDRICAL_SURFACE('',#11424,1.E-1);
#11426=ORIENTED_EDGE('',*,*,#11337,.T.);
#11428=ORIENTED_EDGE('',*,*,#11427,.T.);
#11430=ORIENTED_EDGE('',*,*,#11429,.F.);
#11431=ORIENTED_EDGE('',*,*,#11413,.F.);
#11432=EDGE_LOOP('',(#11426,#11428,#11430,#11431));
#11433=FACE_OUTER_BOUND('',#11432,.F.);
#11435=CARTESIAN_POINT('',(1.15E0,-2.238348571787E-1,-1.536082689904E0));
#11436=DIRECTION('',(0.E0,9.902680687416E-1,-1.391731009601E-1));
#11437=DIRECTION('',(0.E0,-1.391731009601E-1,-9.902680687416E-1));
#11438=AXIS2_PLACEMENT_3D('',#11435,#11436,#11437);
#11439=PLANE('',#11438);
#11440=ORIENTED_EDGE('',*,*,#11335,.T.);
#11441=ORIENTED_EDGE('',*,*,#11360,.T.);
#11443=ORIENTED_EDGE('',*,*,#11442,.F.);
#11444=ORIENTED_EDGE('',*,*,#11427,.F.);
#11445=EDGE_LOOP('',(#11440,#11441,#11443,#11444));
#11446=FACE_OUTER_BOUND('',#11445,.F.);
#11448=CARTESIAN_POINT('',(1.35E0,0.E0,0.E0));
#11449=DIRECTION('',(-1.E0,0.E0,0.E0));
#11450=DIRECTION('',(0.E0,0.E0,1.E0));
#11451=AXIS2_PLACEMENT_3D('',#11448,#11449,#11450);
#11452=PLANE('',#11451);
#11453=ORIENTED_EDGE('',*,*,#11358,.T.);
#11454=ORIENTED_EDGE('',*,*,#11373,.T.);
#11455=ORIENTED_EDGE('',*,*,#11387,.T.);
#11456=ORIENTED_EDGE('',*,*,#11401,.T.);
#11457=ORIENTED_EDGE('',*,*,#11415,.T.);
#11458=ORIENTED_EDGE('',*,*,#11429,.T.);
#11459=ORIENTED_EDGE('',*,*,#11442,.T.);
#11460=EDGE_LOOP('',(#11453,#11454,#11455,#11456,#11457,#11458,#11459));
#11461=FACE_OUTER_BOUND('',#11460,.F.);
#11465=CARTESIAN_POINT('',(-1.25E0,-4.497377748805E-2,-3.1115E0));
#11466=DIRECTION('',(0.E0,0.E0,1.E0));
#11467=DIRECTION('',(1.E0,0.E0,0.E0));
#11468=AXIS2_PLACEMENT_3D('',#11465,#11466,#11467);
#11469=CARTESIAN_POINT('',(-7.5E-1,-4.497377748805E-2,-3.1115E0));
#11470=DIRECTION('',(0.E0,0.E0,1.E0));
#11471=DIRECTION('',(1.E0,0.E0,0.E0));
#11472=AXIS2_PLACEMENT_3D('',#11469,#11470,#11471);
#11473=CARTESIAN_POINT('',(-2.5E-1,-4.497377748805E-2,-3.1115E0));
#11474=DIRECTION('',(0.E0,0.E0,1.E0));
#11475=DIRECTION('',(1.E0,0.E0,0.E0));
#11476=AXIS2_PLACEMENT_3D('',#11473,#11474,#11475);
#11477=CARTESIAN_POINT('',(2.5E-1,-4.497377748805E-2,-3.1115E0));
#11478=DIRECTION('',(0.E0,0.E0,1.E0));
#11479=DIRECTION('',(1.E0,0.E0,0.E0));
#11480=AXIS2_PLACEMENT_3D('',#11477,#11478,#11479);
#11481=CARTESIAN_POINT('',(7.5E-1,-4.497377748805E-2,-3.1115E0));
#11482=DIRECTION('',(0.E0,0.E0,1.E0));
#11483=DIRECTION('',(1.E0,0.E0,0.E0));
#11484=AXIS2_PLACEMENT_3D('',#11481,#11482,#11483);
#11485=CARTESIAN_POINT('',(1.25E0,-4.497377748805E-2,-3.1115E0));
#11486=DIRECTION('',(0.E0,0.E0,1.E0));
#11487=DIRECTION('',(1.E0,0.E0,0.E0));
#11488=AXIS2_PLACEMENT_3D('',#11485,#11486,#11487);
#11491=PLANE_ANGLE_MEASURE_WITH_UNIT(PLANE_ANGLE_MEASURE(1.745329251994E-2),
#11490);
#11492=(CONVERSION_BASED_UNIT('DEGREE',#11491)NAMED_UNIT(*)PLANE_ANGLE_UNIT());
#11494=UNCERTAINTY_MEASURE_WITH_UNIT(LENGTH_MEASURE(1.E-3),#11489,
'distance_accuracy_value',
'Maximum model space distance between geometric entities at asserted connectivities');
#11497=APPLICATION_CONTEXT('automotive_design');
#11498=APPLICATION_PROTOCOL_DEFINITION('international standard',
'automotive_design',2001,#11497);
#11499=PRODUCT_DEFINITION_CONTEXT('part definition',#11497,'design');
#11500=PRODUCT_CONTEXT('',#11497,'mechanical');
#11501=PRODUCT('C-2492104-6','C-2492104-6','NOT SPECIFIED',(#11500));
#11502=PRODUCT_DEFINITION_FORMATION('1','LAST_VERSION',#11501);
#11510=DERIVED_UNIT_ELEMENT(#11509,2.E0);
#11511=DERIVED_UNIT((#11510));
#11512=MEASURE_REPRESENTATION_ITEM('surface area measure',AREA_MEASURE(
1.583043411720E2),#11511);
#11517=DERIVED_UNIT_ELEMENT(#11516,3.E0);
#11518=DERIVED_UNIT((#11517));
#11519=MEASURE_REPRESENTATION_ITEM('volume measure',VOLUME_MEASURE(
5.747589543063E1),#11518);
#11523=CARTESIAN_POINT('centre point',(1.073033030415E-7,4.100752329204E-3,
-2.143306245595E0));
#11528=DERIVED_UNIT_ELEMENT(#11527,2.E0);
#11529=DERIVED_UNIT((#11528));
#11530=MEASURE_REPRESENTATION_ITEM('surface area measure',AREA_MEASURE(
1.583043411720E2),#11529);
#11535=DERIVED_UNIT_ELEMENT(#11534,3.E0);
#11536=DERIVED_UNIT((#11535));
#11537=MEASURE_REPRESENTATION_ITEM('volume measure',VOLUME_MEASURE(
5.747589543063E1),#11536);
#11541=CARTESIAN_POINT('centre point',(1.073033030415E-7,4.100752329204E-3,
-2.143306245595E0));
#11546=PRODUCT_RELATED_PRODUCT_CATEGORY('part','',(#11501));
#1=DRAUGHTING_PRE_DEFINED_COLOUR('green');
#2=COLOUR_RGB('',1.1E-2,1.2E-2,1.E0);
#3=COLOUR_RGB('',4.1E-1,2.61589E-1,1.12848E-1);
#4=COLOUR_RGB('',5.04854E-1,1.5455E-2,1.5455E-2);
#5=COLOUR_RGB('',6.35294E-1,6.86275E-1,7.4902E-1);
#6=COLOUR_RGB('',6.40777E-1,6.40777E-1,6.40777E-1);
#7=COLOUR_RGB('',6.69062E-1,6.69903E-1,6.55217E-1);
#8=COLOUR_RGB('',9.21569E-1,7.05882E-1,4.70588E-1);
#9=DRAUGHTING_PRE_DEFINED_COLOUR('red');
#10=DRAUGHTING_PRE_DEFINED_COLOUR('yellow');
#11=COLOUR_RGB('',1.E0,1.E0,5.3E-1);
#12=COLOUR_RGB('',1.E0,1.E0,9.49E-1);
#13=DRAUGHTING_PRE_DEFINED_COLOUR('white');
#46=CIRCLE('',#45,1.E-1);
#55=CIRCLE('',#54,2.E-1);
#60=CIRCLE('',#59,2.E-1);
#65=CIRCLE('',#64,2.E-1);
#74=CIRCLE('',#73,2.E-1);
#79=CIRCLE('',#78,2.E-1);
#84=CIRCLE('',#83,2.E-1);
#93=CIRCLE('',#92,1.E-1);
#182=CIRCLE('',#181,1.E-1);
#191=CIRCLE('',#190,2.E-1);
#196=CIRCLE('',#195,2.E-1);
#201=CIRCLE('',#200,2.E-1);
#210=CIRCLE('',#209,2.E-1);
#215=CIRCLE('',#214,2.E-1);
#220=CIRCLE('',#219,2.E-1);
#229=CIRCLE('',#228,1.E-1);
#282=CIRCLE('',#281,2.E-1);
#307=CIRCLE('',#306,2.E-1);
#408=CIRCLE('',#407,2.E-1);
#433=CIRCLE('',#432,2.E-1);
#478=CIRCLE('',#477,2.5E-1);
#487=CIRCLE('',#486,2.5E-1);
#564=CIRCLE('',#563,2.5E-1);
#573=CIRCLE('',#572,2.5E-1);
#842=CIRCLE('',#841,2.E-1);
#867=CIRCLE('',#866,2.E-1);
#988=CIRCLE('',#987,2.E-1);
#1013=CIRCLE('',#1012,2.E-1);
#1050=CIRCLE('',#1049,1.E-1);
#1063=CIRCLE('',#1062,1.E-1);
#1140=CIRCLE('',#1139,1.E-1);
#1161=CIRCLE('',#1160,1.E-1);
#1174=CIRCLE('',#1173,1.E-1);
#1227=CIRCLE('',#1226,1.E-1);
#1232=CIRCLE('',#1231,1.E-1);
#1249=CIRCLE('',#1248,2.E-1);
#1262=CIRCLE('',#1261,2.E-1);
#1271=CIRCLE('',#1270,1.E-1);
#1280=CIRCLE('',#1279,2.E-1);
#1289=CIRCLE('',#1288,2.E-1);
#1310=CIRCLE('',#1309,2.2E-1);
#1319=CIRCLE('',#1318,2.2E-1);
#1384=CIRCLE('',#1383,2.2E-1);
#1393=CIRCLE('',#1392,2.2E-1);
#1428=B_SPLINE_CURVE_WITH_KNOTS('',3,(#1414,#1415,#1416,#1417,#1418,#1419,#1420,
#1421,#1422,#1423,#1424,#1425,#1426,#1427),.UNSPECIFIED.,.F.,.F.,(4,1,1,1,1,1,1,
1,1,1,1,4),(0.E0,9.090909090909E-2,1.818181818182E-1,2.727272727273E-1,
3.636363636364E-1,4.545454545455E-1,5.454545454545E-1,6.363636363636E-1,
7.272727272727E-1,8.181818181818E-1,9.090909090909E-1,1.E0),.UNSPECIFIED.);
#1449=CIRCLE('',#1448,1.E-1);
#1458=CIRCLE('',#1457,1.E-1);
#1467=CIRCLE('',#1466,2.E-1);
#1472=CIRCLE('',#1471,2.E-1);
#1477=CIRCLE('',#1476,2.E-1);
#1486=CIRCLE('',#1485,2.E-1);
#1491=CIRCLE('',#1490,2.E-1);
#1496=CIRCLE('',#1495,2.E-1);
#1505=CIRCLE('',#1504,1.E-1);
#1514=CIRCLE('',#1513,1.E-1);
#1531=CIRCLE('',#1530,1.E-1);
#1540=CIRCLE('',#1539,1.E-1);
#1549=CIRCLE('',#1548,2.E-1);
#1554=CIRCLE('',#1553,2.E-1);
#1559=CIRCLE('',#1558,2.E-1);
#1568=CIRCLE('',#1567,2.E-1);
#1573=CIRCLE('',#1572,2.E-1);
#1578=CIRCLE('',#1577,2.E-1);
#1587=CIRCLE('',#1586,1.E-1);
#1596=CIRCLE('',#1595,1.E-1);
#1613=B_SPLINE_CURVE_WITH_KNOTS('',3,(#1601,#1602,#1603,#1604,#1605,#1606,#1607,
#1608,#1609,#1610,#1611,#1612),.UNSPECIFIED.,.F.,.F.,(4,1,1,1,1,1,1,1,1,4),
(0.E0,1.111111111111E-1,2.222222222222E-1,3.333333333333E-1,4.444444444444E-1,
5.555555555556E-1,6.666666666667E-1,7.777777777778E-1,8.888888888889E-1,1.E0),
.UNSPECIFIED.);
#1634=CIRCLE('',#1633,1.E-1);
#1656=B_SPLINE_CURVE_WITH_KNOTS('',3,(#1639,#1640,#1641,#1642,#1643,#1644,#1645,
#1646,#1647,#1648,#1649,#1650,#1651,#1652,#1653,#1654,#1655),.UNSPECIFIED.,.F.,
.F.,(4,1,1,1,1,1,1,1,1,1,1,1,1,1,4),(0.E0,8.201878356015E-2,1.741046825196E-1,
2.730123052991E-1,3.738501806835E-1,4.695217044535E-1,5.569596512475E-1,
6.359074356114E-1,7.069092728084E-1,7.704773068866E-1,8.269954616501E-1,
8.770572210466E-1,9.216058819324E-1,9.621386971941E-1,1.E0),.UNSPECIFIED.);
#1669=CIRCLE('',#1668,2.5E-1);
#1690=CIRCLE('',#1689,2.5E-1);
#1716=B_SPLINE_CURVE_WITH_KNOTS('',3,(#1699,#1700,#1701,#1702,#1703,#1704,#1705,
#1706,#1707,#1708,#1709,#1710,#1711,#1712,#1713,#1714,#1715),.UNSPECIFIED.,.F.,
.F.,(4,1,1,1,1,1,1,1,1,1,1,1,1,1,4),(0.E0,3.783361063660E-2,7.833117574627E-2,
1.228808247653E-1,1.729376387979E-1,2.294826828028E-1,2.930600740955E-1,
3.640701651894E-1,4.430353693528E-1,5.304793830096E-1,6.261513147115E-1,
7.269806108045E-1,8.258900882912E-1,9.179848161209E-1,1.E0),.UNSPECIFIED.);
#1725=CIRCLE('',#1724,1.E-1);
#1751=B_SPLINE_CURVE_WITH_KNOTS('',3,(#1734,#1735,#1736,#1737,#1738,#1739,#1740,
#1741,#1742,#1743,#1744,#1745,#1746,#1747,#1748,#1749,#1750),.UNSPECIFIED.,.F.,
.F.,(4,1,1,1,1,1,1,1,1,1,1,1,1,1,4),(0.E0,8.201878356015E-2,1.741046825196E-1,
2.730123052991E-1,3.738501806835E-1,4.695217044535E-1,5.569596512475E-1,
6.359074356114E-1,7.069092728084E-1,7.704773068866E-1,8.269954616501E-1,
8.770572210466E-1,9.216058819324E-1,9.621386971941E-1,1.E0),.UNSPECIFIED.);
#1760=CIRCLE('',#1759,1.E-1);
#1777=CIRCLE('',#1776,2.5E-1);
#1790=CIRCLE('',#1789,1.E-1);
#1812=B_SPLINE_CURVE_WITH_KNOTS('',3,(#1795,#1796,#1797,#1798,#1799,#1800,#1801,
#1802,#1803,#1804,#1805,#1806,#1807,#1808,#1809,#1810,#1811),.UNSPECIFIED.,.F.,
.F.,(4,1,1,1,1,1,1,1,1,1,1,1,1,1,4),(0.E0,3.783361063660E-2,7.833117574627E-2,
1.228808247653E-1,1.729376387979E-1,2.294826828028E-1,2.930600740955E-1,
3.640701651894E-1,4.430353693528E-1,5.304793830096E-1,6.261513147115E-1,
7.269806108045E-1,8.258900882912E-1,9.179848161209E-1,1.E0),.UNSPECIFIED.);
#1825=CIRCLE('',#1824,2.5E-1);
#1910=B_SPLINE_CURVE_WITH_KNOTS('',3,(#1898,#1899,#1900,#1901,#1902,#1903,#1904,
#1905,#1906,#1907,#1908,#1909),.UNSPECIFIED.,.F.,.F.,(4,1,1,1,1,1,1,1,1,4),
(0.E0,1.111111111111E-1,2.222222222222E-1,3.333333333333E-1,4.444444444444E-1,
5.555555555556E-1,6.666666666667E-1,7.777777777778E-1,8.888888888889E-1,1.E0),
.UNSPECIFIED.);
#1919=CIRCLE('',#1918,2.5E-1);
#1932=CIRCLE('',#1931,1.E-1);
#1941=CIRCLE('',#1940,2.E-1);
#1950=CIRCLE('',#1949,2.E-1);
#1975=CIRCLE('',#1974,1.E-1);
#1996=CIRCLE('',#1995,2.E-1);
#2009=CIRCLE('',#2008,2.E-1);
#2018=CIRCLE('',#2017,1.E-1);
#2099=CIRCLE('',#2098,2.2E-1);
#2108=CIRCLE('',#2107,2.2E-1);
#2121=CIRCLE('',#2120,2.2E-1);
#2130=CIRCLE('',#2129,2.2E-1);
#2163=CIRCLE('',#2162,1.E-1);
#2168=CIRCLE('',#2167,1.E-1);
#2189=CIRCLE('',#2188,1.E-1);
#2230=CIRCLE('',#2229,1.E-1);
#2243=CIRCLE('',#2242,1.E-1);
#2272=CIRCLE('',#2271,2.5E-1);
#2285=CIRCLE('',#2284,2.5E-1);
#2302=B_SPLINE_CURVE_WITH_KNOTS('',3,(#2290,#2291,#2292,#2293,#2294,#2295,#2296,
#2297,#2298,#2299,#2300,#2301),.UNSPECIFIED.,.F.,.F.,(4,1,1,1,1,1,1,1,1,4),
(0.E0,1.111111111111E-1,2.222222222222E-1,3.333333333333E-1,4.444444444444E-1,
5.555555555556E-1,6.666666666667E-1,7.777777777778E-1,8.888888888889E-1,1.E0),
.UNSPECIFIED.);
#2403=CIRCLE('',#2402,2.5E-1);
#2420=CIRCLE('',#2419,1.E-1);
#2437=CIRCLE('',#2436,1.2E-1);
#2450=CIRCLE('',#2449,1.E-1);
#2535=CIRCLE('',#2534,1.E-1);
#2552=CIRCLE('',#2551,1.2E-1);
#2565=CIRCLE('',#2564,1.E-1);
#2570=CIRCLE('',#2569,1.E-1);
#2575=CIRCLE('',#2574,1.E-1);
#2588=CIRCLE('',#2587,1.2E-1);
#2605=CIRCLE('',#2604,1.E-1);
#2614=CIRCLE('',#2613,1.E-1);
#2647=CIRCLE('',#2646,1.E-1);
#2652=CIRCLE('',#2651,1.E-1);
#2841=CIRCLE('',#2840,4.E-1);
#2854=CIRCLE('',#2853,4.E-1);
#2871=CIRCLE('',#2870,4.E-1);
#2880=CIRCLE('',#2879,4.E-1);
#3061=CIRCLE('',#3060,1.E-1);
#3066=CIRCLE('',#3065,1.E-1);
#3079=CIRCLE('',#3078,1.2E-1);
#3096=CIRCLE('',#3095,1.E-1);
#3105=CIRCLE('',#3104,1.E-1);
#3138=CIRCLE('',#3137,1.E-1);
#3143=CIRCLE('',#3142,1.E-1);
#3152=CIRCLE('',#3151,1.E-1);
#3157=CIRCLE('',#3156,1.E-1);
#3170=CIRCLE('',#3169,1.E-1);
#3187=CIRCLE('',#3186,1.2E-1);
#3200=CIRCLE('',#3199,1.E-1);
#3205=CIRCLE('',#3204,1.E-1);
#3210=CIRCLE('',#3209,1.E-1);
#3223=CIRCLE('',#3222,1.2E-1);
#3240=CIRCLE('',#3239,1.E-1);
#3249=CIRCLE('',#3248,1.E-1);
#3282=CIRCLE('',#3281,1.E-1);
#3287=CIRCLE('',#3286,1.E-1);
#3296=CIRCLE('',#3295,1.E-1);
#3301=CIRCLE('',#3300,1.E-1);
#3314=CIRCLE('',#3313,1.E-1);
#3331=CIRCLE('',#3330,1.2E-1);
#3344=CIRCLE('',#3343,1.E-1);
#3349=CIRCLE('',#3348,1.E-1);
#3354=CIRCLE('',#3353,1.E-1);
#3367=CIRCLE('',#3366,1.2E-1);
#3384=CIRCLE('',#3383,1.E-1);
#3393=CIRCLE('',#3392,1.E-1);
#3426=CIRCLE('',#3425,1.E-1);
#3431=CIRCLE('',#3430,1.E-1);
#3440=CIRCLE('',#3439,1.E-1);
#3445=CIRCLE('',#3444,1.E-1);
#3458=CIRCLE('',#3457,1.E-1);
#3475=CIRCLE('',#3474,1.2E-1);
#3488=CIRCLE('',#3487,1.E-1);
#3493=CIRCLE('',#3492,1.E-1);
#3498=CIRCLE('',#3497,1.E-1);
#3511=CIRCLE('',#3510,1.2E-1);
#3528=CIRCLE('',#3527,1.E-1);
#3537=CIRCLE('',#3536,1.E-1);
#3570=CIRCLE('',#3569,1.E-1);
#3575=CIRCLE('',#3574,1.E-1);
#3584=CIRCLE('',#3583,1.E-1);
#3589=CIRCLE('',#3588,1.E-1);
#3602=CIRCLE('',#3601,1.E-1);
#3619=CIRCLE('',#3618,1.2E-1);
#3632=CIRCLE('',#3631,1.E-1);
#3637=CIRCLE('',#3636,1.E-1);
#3642=CIRCLE('',#3641,1.E-1);
#3655=CIRCLE('',#3654,1.2E-1);
#3672=CIRCLE('',#3671,1.E-1);
#3681=CIRCLE('',#3680,1.E-1);
#3714=CIRCLE('',#3713,1.E-1);
#3719=CIRCLE('',#3718,1.E-1);
#3728=CIRCLE('',#3727,1.E-1);
#3733=CIRCLE('',#3732,1.E-1);
#3742=CIRCLE('',#3741,1.E-1);
#3747=CIRCLE('',#3746,1.E-1);
#4895=EDGE_CURVE('',#4445,#4443,#105,.T.);
#4897=EDGE_CURVE('',#4443,#4575,#2441,.T.);
#4899=EDGE_CURVE('',#4575,#4589,#3113,.T.);
#4901=EDGE_CURVE('',#4445,#4589,#3074,.T.);
#4905=ADVANCED_FACE('',(#4904),#4894,.T.);
#4911=EDGE_CURVE('',#4884,#3867,#391,.T.);
#4913=EDGE_CURVE('',#4857,#4884,#2618,.T.);
#4915=EDGE_CURVE('',#4856,#4857,#17,.T.);
#4917=EDGE_CURVE('',#4856,#4880,#2560,.T.);
#4919=EDGE_CURVE('',#4816,#4880,#383,.T.);
#4921=EDGE_CURVE('',#4789,#4816,#3685,.T.);
#4923=EDGE_CURVE('',#4788,#4789,#21,.T.);
#4925=EDGE_CURVE('',#4788,#4812,#3627,.T.);
#4927=EDGE_CURVE('',#4512,#4812,#371,.T.);
#4929=EDGE_CURVE('',#4745,#4512,#3541,.T.);
#4931=EDGE_CURVE('',#4744,#4745,#25,.T.);
#4933=EDGE_CURVE('',#4744,#4508,#3483,.T.);
#4935=EDGE_CURVE('',#4492,#4508,#359,.T.);
#4937=EDGE_CURVE('',#4733,#4492,#3397,.T.);
#4939=EDGE_CURVE('',#4732,#4733,#29,.T.);
#4941=EDGE_CURVE('',#4732,#4488,#3339,.T.);
#4943=EDGE_CURVE('',#4472,#4488,#347,.T.);
#4945=EDGE_CURVE('',#4721,#4472,#3253,.T.);
#4947=EDGE_CURVE('',#4720,#4721,#33,.T.);
#4949=EDGE_CURVE('',#4720,#4468,#3195,.T.);
#4951=EDGE_CURVE('',#4452,#4468,#335,.T.);
#4953=EDGE_CURVE('',#4709,#4452,#3109,.T.);
#4955=EDGE_CURVE('',#4708,#4709,#37,.T.);
#4957=EDGE_CURVE('',#4708,#4448,#2445,.T.);
#4959=EDGE_CURVE('',#3814,#4448,#323,.T.);
#4961=EDGE_CURVE('',#3814,#4141,#781,.T.);
#4963=EDGE_CURVE('',#4141,#4185,#41,.T.);
#4965=EDGE_CURVE('',#4185,#4187,#46,.T.);
#4967=EDGE_CURVE('',#4187,#4189,#50,.T.);
#4969=EDGE_CURVE('',#4189,#4191,#55,.T.);
#4971=EDGE_CURVE('',#4193,#4191,#60,.T.);
#4973=EDGE_CURVE('',#4193,#4195,#65,.T.);
#4975=EDGE_CURVE('',#4195,#4197,#69,.T.);
#4977=EDGE_CURVE('',#4197,#4199,#74,.T.);
#4979=EDGE_CURVE('',#4201,#4199,#79,.T.);
#4981=EDGE_CURVE('',#4201,#4203,#84,.T.);
#4983=EDGE_CURVE('',#4203,#4205,#88,.T.);
#4985=EDGE_CURVE('',#4205,#4207,#93,.T.);
#4987=EDGE_CURVE('',#4143,#4207,#97,.T.);
#4989=EDGE_CURVE('',#4143,#3822,#793,.T.);
#4991=EDGE_CURVE('',#4437,#3822,#825,.T.);
#4993=EDGE_CURVE('',#4437,#4443,#101,.T.);
#4996=EDGE_CURVE('',#4441,#4445,#109,.T.);
#4998=EDGE_CURVE('',#4457,#4441,#891,.T.);
#5000=EDGE_CURVE('',#4457,#4463,#113,.T.);
#5002=EDGE_CURVE('',#4465,#4463,#117,.T.);
#5004=EDGE_CURVE('',#4461,#4465,#121,.T.);
#5006=EDGE_CURVE('',#4477,#4461,#907,.T.);
#5008=EDGE_CURVE('',#4477,#4483,#125,.T.);
#5010=EDGE_CURVE('',#4485,#4483,#129,.T.);
#5012=EDGE_CURVE('',#4481,#4485,#133,.T.);
#5014=EDGE_CURVE('',#4497,#4481,#923,.T.);
#5016=EDGE_CURVE('',#4497,#4503,#137,.T.);
#5018=EDGE_CURVE('',#4505,#4503,#141,.T.);
#5020=EDGE_CURVE('',#4501,#4505,#145,.T.);
#5022=EDGE_CURVE('',#4803,#4501,#939,.T.);
#5024=EDGE_CURVE('',#4803,#4807,#149,.T.);
#5026=EDGE_CURVE('',#4809,#4807,#153,.T.);
#5028=EDGE_CURVE('',#4805,#4809,#157,.T.);
#5030=EDGE_CURVE('',#4871,#4805,#955,.T.);
#5032=EDGE_CURVE('',#4871,#4875,#161,.T.);
#5034=EDGE_CURVE('',#4877,#4875,#165,.T.);
#5036=EDGE_CURVE('',#4873,#4877,#169,.T.);
#5038=EDGE_CURVE('',#3875,#4873,#1029,.T.);
#5040=EDGE_CURVE('',#4256,#3875,#173,.T.);
#5042=EDGE_CURVE('',#4256,#4257,#177,.T.);
#5044=EDGE_CURVE('',#4257,#4259,#182,.T.);
#5046=EDGE_CURVE('',#4259,#4261,#186,.T.);
#5048=EDGE_CURVE('',#4261,#4263,#191,.T.);
#5050=EDGE_CURVE('',#4265,#4263,#196,.T.);
#5052=EDGE_CURVE('',#4265,#4267,#201,.T.);
#5054=EDGE_CURVE('',#4267,#4269,#205,.T.);
#5056=EDGE_CURVE('',#4269,#4271,#210,.T.);
#5058=EDGE_CURVE('',#4273,#4271,#215,.T.);
#5060=EDGE_CURVE('',#4273,#4275,#220,.T.);
#5062=EDGE_CURVE('',#4275,#4277,#224,.T.);
#5064=EDGE_CURVE('',#4277,#4279,#229,.T.);
#5066=EDGE_CURVE('',#4281,#4279,#233,.T.);
#5068=EDGE_CURVE('',#3867,#4281,#237,.T.);
#5072=ADVANCED_FACE('',(#5071),#4910,.T.);
#5078=EDGE_CURVE('',#3958,#3959,#241,.T.);
#5080=EDGE_CURVE('',#3959,#3819,#245,.T.);
#5082=EDGE_CURVE('',#3818,#3819,#249,.T.);
#5084=EDGE_CURVE('',#3958,#3818,#511,.T.);
#5088=ADVANCED_FACE('',(#5087),#5077,.T.);
#5094=EDGE_CURVE('',#3989,#3999,#253,.T.);
#5096=EDGE_CURVE('',#3863,#3999,#535,.T.);
#5098=EDGE_CURVE('',#3862,#3863,#257,.T.);
#5100=EDGE_CURVE('',#3862,#3989,#261,.T.);
#5104=ADVANCED_FACE('',(#5103),#5093,.T.);
#5110=EDGE_CURVE('',#4448,#4449,#265,.T.);
#5112=EDGE_CURVE('',#4449,#3803,#2676,.T.);
#5114=EDGE_CURVE('',#3803,#3811,#269,.T.);
#5116=EDGE_CURVE('',#3811,#3962,#273,.T.);
#5118=EDGE_CURVE('',#3962,#3963,#277,.T.);
#5120=EDGE_CURVE('',#3916,#3963,#495,.T.);
#5122=EDGE_CURVE('',#3916,#3917,#282,.T.);
#5124=EDGE_CURVE('',#3917,#3919,#286,.T.);
#5126=EDGE_CURVE('',#3919,#3905,#1347,.T.);
#5128=EDGE_CURVE('',#3905,#3885,#290,.T.);
#5130=EDGE_CURVE('',#3885,#3974,#1087,.T.);
#5132=EDGE_CURVE('',#3974,#3975,#294,.T.);
#5134=EDGE_CURVE('',#3975,#3977,#298,.T.);
#5136=EDGE_CURVE('',#4387,#3977,#1194,.T.);
#5138=EDGE_CURVE('',#4391,#4387,#1227,.T.);
#5140=EDGE_CURVE('',#4391,#4128,#302,.T.);
#5142=EDGE_CURVE('',#4128,#4129,#307,.T.);
#5144=EDGE_CURVE('',#4129,#4103,#311,.T.);
#5146=EDGE_CURVE('',#3815,#4103,#315,.T.);
#5148=EDGE_CURVE('',#3814,#3815,#319,.T.);
#5153=ADVANCED_FACE('',(#5152),#5109,.T.);
#5159=EDGE_CURVE('',#4468,#4469,#327,.T.);
#5161=EDGE_CURVE('',#4469,#4453,#2692,.T.);
#5163=EDGE_CURVE('',#4452,#4453,#331,.T.);
#5168=ADVANCED_FACE('',(#5167),#5158,.T.);
#5174=EDGE_CURVE('',#4488,#4489,#339,.T.);
#5176=EDGE_CURVE('',#4489,#4473,#2708,.T.);
#5178=EDGE_CURVE('',#4472,#4473,#343,.T.);
#5183=ADVANCED_FACE('',(#5182),#5173,.T.);
#5189=EDGE_CURVE('',#4508,#4509,#351,.T.);
#5191=EDGE_CURVE('',#4509,#4493,#2724,.T.);
#5193=EDGE_CURVE('',#4492,#4493,#355,.T.);
#5198=ADVANCED_FACE('',(#5197),#5188,.T.);
#5204=EDGE_CURVE('',#4812,#4813,#363,.T.);
#5206=EDGE_CURVE('',#4813,#4513,#2740,.T.);
#5208=EDGE_CURVE('',#4512,#4513,#367,.T.);
#5213=ADVANCED_FACE('',(#5212),#5203,.T.);
#5219=EDGE_CURVE('',#4880,#4881,#375,.T.);
#5221=EDGE_CURVE('',#4881,#4817,#2756,.T.);
#5223=EDGE_CURVE('',#4816,#4817,#379,.T.);
#5228=ADVANCED_FACE('',(#5227),#5218,.T.);
#5234=EDGE_CURVE('',#4884,#4885,#387,.T.);
#5237=EDGE_CURVE('',#3866,#3867,#395,.T.);
#5239=EDGE_CURVE('',#4132,#3866,#399,.T.);
#5241=EDGE_CURVE('',#4132,#4133,#403,.T.);
#5243=EDGE_CURVE('',#4133,#4135,#408,.T.);
#5245=EDGE_CURVE('',#4135,#4395,#412,.T.);
#5247=EDGE_CURVE('',#4399,#4395,#2189,.T.);
#5249=EDGE_CURVE('',#3992,#4399,#2209,.T.);
#5251=EDGE_CURVE('',#3992,#3993,#416,.T.);
#5253=EDGE_CURVE('',#3997,#3993,#420,.T.);
#5255=EDGE_CURVE('',#3997,#3903,#1095,.T.);
#5257=EDGE_CURVE('',#3907,#3903,#424,.T.);
#5259=EDGE_CURVE('',#3907,#3937,#1355,.T.);
#5261=EDGE_CURVE('',#3937,#3934,#428,.T.);
#5263=EDGE_CURVE('',#3934,#3935,#433,.T.);
#5265=EDGE_CURVE('',#3995,#3935,#551,.T.);
#5267=EDGE_CURVE('',#3987,#3995,#437,.T.);
#5269=EDGE_CURVE('',#3987,#3809,#441,.T.);
#5271=EDGE_CURVE('',#3809,#3799,#445,.T.);
#5273=EDGE_CURVE('',#3799,#4885,#2672,.T.);
#5277=ADVANCED_FACE('',(#5276),#5233,.T.);
#5284=EDGE_CURVE('',#3958,#3966,#507,.T.);
#5286=EDGE_CURVE('',#3966,#3969,#1148,.T.);
#5288=EDGE_CURVE('',#3959,#3969,#629,.T.);
#5292=ADVANCED_FACE('',(#5291),#5282,.T.);
#5298=EDGE_CURVE('',#4073,#4069,#449,.T.);
#5300=EDGE_CURVE('',#3826,#4069,#769,.T.);
#5302=EDGE_CURVE('',#3826,#4045,#453,.T.);
#5304=EDGE_CURVE('',#4045,#4010,#457,.T.);
#5306=EDGE_CURVE('',#4010,#4015,#461,.T.);
#5308=EDGE_CURVE('',#4047,#4015,#465,.T.);
#5310=EDGE_CURVE('',#4047,#4535,#469,.T.);
#5312=EDGE_CURVE('',#4528,#4535,#2046,.T.);
#5314=EDGE_CURVE('',#4528,#3830,#473,.T.);
#5316=EDGE_CURVE('',#3830,#3831,#478,.T.);
#5318=EDGE_CURVE('',#3831,#3833,#482,.T.);
#5320=EDGE_CURVE('',#3833,#3835,#487,.T.);
#5322=EDGE_CURVE('',#3835,#3910,#491,.T.);
#5324=EDGE_CURVE('',#3910,#3916,#1363,.T.);
#5327=EDGE_CURVE('',#3963,#3967,#499,.T.);
#5329=EDGE_CURVE('',#3966,#3967,#503,.T.);
#5333=EDGE_CURVE('',#4071,#3818,#777,.T.);
#5335=EDGE_CURVE('',#4075,#4071,#515,.T.);
#5337=EDGE_CURVE('',#4073,#4075,#519,.T.);
#5341=ADVANCED_FACE('',(#5340),#5297,.F.);
#5347=EDGE_CURVE('',#4085,#4089,#523,.T.);
#5349=EDGE_CURVE('',#4089,#4091,#527,.T.);
#5351=EDGE_CURVE('',#4087,#4091,#531,.T.);
#5353=EDGE_CURVE('',#4087,#3863,#2382,.T.);
#5356=EDGE_CURVE('',#3999,#4003,#539,.T.);
#5358=EDGE_CURVE('',#4002,#4003,#543,.T.);
#5360=EDGE_CURVE('',#3995,#4002,#547,.T.);
#5363=EDGE_CURVE('',#3929,#3935,#555,.T.);
#5365=EDGE_CURVE('',#3929,#3850,#559,.T.);
#5367=EDGE_CURVE('',#3850,#3851,#564,.T.);
#5369=EDGE_CURVE('',#3851,#3846,#568,.T.);
#5371=EDGE_CURVE('',#3846,#3847,#573,.T.);
#5373=EDGE_CURVE('',#3847,#4543,#577,.T.);
#5375=EDGE_CURVE('',#4543,#4551,#581,.T.);
#5377=EDGE_CURVE('',#4551,#4055,#585,.T.);
#5379=EDGE_CURVE('',#4055,#4028,#589,.T.);
#5381=EDGE_CURVE('',#4028,#4033,#593,.T.);
#5383=EDGE_CURVE('',#4059,#4033,#597,.T.);
#5385=EDGE_CURVE('',#4059,#3871,#601,.T.);
#5387=EDGE_CURVE('',#3871,#4085,#2374,.T.);
#5391=ADVANCED_FACE('',(#5390),#5346,.F.);
#5397=EDGE_CURVE('',#4062,#4063,#613,.T.);
#5399=EDGE_CURVE('',#4063,#4069,#765,.T.);
#5402=EDGE_CURVE('',#4073,#4062,#605,.T.);
#5406=ADVANCED_FACE('',(#5405),#5396,.F.);
#5412=EDGE_CURVE('',#4078,#4079,#685,.T.);
#5414=EDGE_CURVE('',#4079,#4089,#609,.T.);
#5417=EDGE_CURVE('',#4078,#4085,#2370,.T.);
#5421=ADVANCED_FACE('',(#5420),#5411,.F.);
#5428=EDGE_CURVE('',#4062,#4066,#617,.T.);
#5430=EDGE_CURVE('',#4066,#4067,#621,.T.);
#5432=EDGE_CURVE('',#4067,#3819,#625,.T.);
#5436=EDGE_CURVE('',#3969,#3971,#633,.T.);
#5438=EDGE_CURVE('',#3962,#3971,#637,.T.);
#5441=EDGE_CURVE('',#3811,#3790,#641,.T.);
#5443=EDGE_CURVE('',#3755,#3790,#645,.T.);
#5445=EDGE_CURVE('',#3754,#3755,#649,.T.);
#5447=EDGE_CURVE('',#3763,#3754,#653,.T.);
#5449=EDGE_CURVE('',#3763,#3793,#657,.T.);
#5451=EDGE_CURVE('',#4039,#3793,#661,.T.);
#5453=EDGE_CURVE('',#4039,#4014,#665,.T.);
#5455=EDGE_CURVE('',#4011,#4014,#669,.T.);
#5457=EDGE_CURVE('',#4037,#4011,#673,.T.);
#5459=EDGE_CURVE('',#3827,#4037,#677,.T.);
#5461=EDGE_CURVE('',#3827,#4063,#681,.T.);
#5465=ADVANCED_FACE('',(#5464),#5426,.F.);
#5472=EDGE_CURVE('',#3870,#4078,#689,.T.);
#5474=EDGE_CURVE('',#4043,#3870,#693,.T.);
#5476=EDGE_CURVE('',#4043,#4032,#697,.T.);
#5478=EDGE_CURVE('',#4029,#4032,#701,.T.);
#5480=EDGE_CURVE('',#4041,#4029,#705,.T.);
#5482=EDGE_CURVE('',#3795,#4041,#709,.T.);
#5484=EDGE_CURVE('',#3761,#3795,#713,.T.);
#5486=EDGE_CURVE('',#3759,#3761,#717,.T.);
#5488=EDGE_CURVE('',#3758,#3759,#721,.T.);
#5490=EDGE_CURVE('',#3791,#3758,#725,.T.);
#5492=EDGE_CURVE('',#3809,#3791,#729,.T.);
#5495=EDGE_CURVE('',#3987,#3984,#733,.T.);
#5497=EDGE_CURVE('',#3984,#3985,#737,.T.);
#5499=EDGE_CURVE('',#3989,#3985,#741,.T.);
#5502=EDGE_CURVE('',#4082,#3862,#745,.T.);
#5504=EDGE_CURVE('',#4082,#4083,#749,.T.);
#5506=EDGE_CURVE('',#4079,#4083,#753,.T.);
#5510=ADVANCED_FACE('',(#5509),#5470,.F.);
#5519=EDGE_CURVE('',#4075,#4066,#757,.T.);
#5523=ADVANCED_FACE('',(#5522),#5515,.T.);
#5532=EDGE_CURVE('',#4067,#4071,#773,.T.);
#5536=ADVANCED_FACE('',(#5535),#5528,.T.);
#5543=EDGE_CURVE('',#4082,#4087,#2378,.T.);
#5546=EDGE_CURVE('',#4083,#4091,#761,.T.);
#5550=ADVANCED_FACE('',(#5549),#5541,.T.);
#5558=EDGE_CURVE('',#3826,#3827,#809,.T.);
#5563=ADVANCED_FACE('',(#5562),#5555,.T.);
#5575=ADVANCED_FACE('',(#5574),#5568,.T.);
#5583=EDGE_CURVE('',#4147,#3815,#785,.T.);
#5585=EDGE_CURVE('',#4141,#4147,#789,.T.);
#5589=ADVANCED_FACE('',(#5588),#5580,.T.);
#5596=EDGE_CURVE('',#4143,#4145,#797,.T.);
#5598=EDGE_CURVE('',#3823,#4145,#801,.T.);
#5600=EDGE_CURVE('',#3822,#3823,#829,.T.);
#5604=ADVANCED_FACE('',(#5603),#5594,.T.);
#5610=EDGE_CURVE('',#4037,#4045,#805,.T.);
#5617=ADVANCED_FACE('',(#5616),#5609,.T.);
#5623=EDGE_CURVE('',#4043,#4059,#813,.T.);
#5626=EDGE_CURVE('',#3870,#3871,#817,.T.);
#5631=ADVANCED_FACE('',(#5630),#5622,.T.);
#5637=EDGE_CURVE('',#4436,#4437,#821,.T.);
#5641=EDGE_CURVE('',#3823,#4119,#833,.T.);
#5643=EDGE_CURVE('',#4117,#4119,#837,.T.);
#5645=EDGE_CURVE('',#4116,#4117,#842,.T.);
#5647=EDGE_CURVE('',#4407,#4116,#846,.T.);
#5649=EDGE_CURVE('',#4405,#4407,#2018,.T.);
#5651=EDGE_CURVE('',#4051,#4405,#1222,.T.);
#5653=EDGE_CURVE('',#4021,#4051,#850,.T.);
#5655=EDGE_CURVE('',#4049,#4021,#854,.T.);
#5657=EDGE_CURVE('',#4049,#3888,#1111,.T.);
#5659=EDGE_CURVE('',#4521,#3888,#858,.T.);
#5661=EDGE_CURVE('',#4555,#4521,#2058,.T.);
#5663=EDGE_CURVE('',#4537,#4555,#862,.T.);
#5665=EDGE_CURVE('',#4535,#4537,#867,.T.);
#5668=EDGE_CURVE('',#4039,#4047,#871,.T.);
#5671=EDGE_CURVE('',#3793,#4517,#875,.T.);
#5673=EDGE_CURVE('',#4517,#3801,#879,.T.);
#5675=EDGE_CURVE('',#4436,#3801,#883,.T.);
#5679=ADVANCED_FACE('',(#5678),#5636,.T.);
#5685=EDGE_CURVE('',#4456,#4457,#887,.T.);
#5688=EDGE_CURVE('',#4440,#4441,#895,.T.);
#5690=EDGE_CURVE('',#4456,#4440,#899,.T.);
#5694=ADVANCED_FACE('',(#5693),#5684,.T.);
#5700=EDGE_CURVE('',#4476,#4477,#903,.T.);
#5703=EDGE_CURVE('',#4460,#4461,#911,.T.);
#5705=EDGE_CURVE('',#4476,#4460,#915,.T.);
#5709=ADVANCED_FACE('',(#5708),#5699,.T.);
#5715=EDGE_CURVE('',#4496,#4497,#919,.T.);
#5718=EDGE_CURVE('',#4480,#4481,#927,.T.);
#5720=EDGE_CURVE('',#4496,#4480,#931,.T.);
#5724=ADVANCED_FACE('',(#5723),#5714,.T.);
#5730=EDGE_CURVE('',#4797,#4803,#935,.T.);
#5733=EDGE_CURVE('',#4500,#4501,#943,.T.);
#5735=EDGE_CURVE('',#4797,#4500,#947,.T.);
#5739=ADVANCED_FACE('',(#5738),#5729,.T.);
#5745=EDGE_CURVE('',#4865,#4871,#951,.T.);
#5748=EDGE_CURVE('',#4801,#4805,#959,.T.);
#5750=EDGE_CURVE('',#4865,#4801,#963,.T.);
#5754=ADVANCED_FACE('',(#5753),#5744,.T.);
#5760=EDGE_CURVE('',#4869,#4873,#967,.T.);
#5762=EDGE_CURVE('',#3797,#4869,#971,.T.);
#5764=EDGE_CURVE('',#3797,#4515,#975,.T.);
#5766=EDGE_CURVE('',#4515,#3795,#979,.T.);
#5769=EDGE_CURVE('',#4041,#4055,#983,.T.);
#5772=EDGE_CURVE('',#4549,#4551,#988,.T.);
#5774=EDGE_CURVE('',#4557,#4549,#992,.T.);
#5776=EDGE_CURVE('',#4525,#4557,#2066,.T.);
#5778=EDGE_CURVE('',#4525,#3901,#996,.T.);
#5780=EDGE_CURVE('',#3901,#4057,#1135,.T.);
#5782=EDGE_CURVE('',#4057,#4035,#1000,.T.);
#5784=EDGE_CURVE('',#4053,#4035,#1004,.T.);
#5786=EDGE_CURVE('',#4415,#4053,#2217,.T.);
#5788=EDGE_CURVE('',#4413,#4415,#2168,.T.);
#5790=EDGE_CURVE('',#4125,#4413,#1008,.T.);
#5792=EDGE_CURVE('',#4123,#4125,#1013,.T.);
#5794=EDGE_CURVE('',#4122,#4123,#1017,.T.);
#5796=EDGE_CURVE('',#4122,#3874,#1021,.T.);
#5798=EDGE_CURVE('',#3874,#3875,#1025,.T.);
#5803=ADVANCED_FACE('',(#5802),#5759,.T.);
#5809=EDGE_CURVE('',#4010,#4011,#1033,.T.);
#5816=ADVANCED_FACE('',(#5815),#5808,.F.);
#5824=EDGE_CURVE('',#4014,#4015,#1037,.T.);
#5829=ADVANCED_FACE('',(#5828),#5821,.F.);
#5835=EDGE_CURVE('',#4028,#4029,#1041,.T.);
#5838=EDGE_CURVE('',#4032,#4033,#1045,.T.);
#5843=ADVANCED_FACE('',(#5842),#5834,.F.);
#5849=EDGE_CURVE('',#4370,#4373,#1050,.T.);
#5851=EDGE_CURVE('',#4018,#4370,#1119,.T.);
#5853=EDGE_CURVE('',#4018,#4019,#1054,.T.);
#5855=EDGE_CURVE('',#4019,#4373,#1058,.T.);
#5859=ADVANCED_FACE('',(#5858),#5848,.F.);
#5865=EDGE_CURVE('',#4378,#4379,#1063,.T.);
#5867=EDGE_CURVE('',#4378,#4024,#1067,.T.);
#5869=EDGE_CURVE('',#4024,#4025,#1071,.T.);
#5871=EDGE_CURVE('',#4379,#4025,#1127,.T.);
#5875=ADVANCED_FACE('',(#5874),#5864,.F.);
#5887=ADVANCED_FACE('',(#5886),#5880,.F.);
#5894=EDGE_CURVE('',#4049,#4018,#1115,.T.);
#5897=EDGE_CURVE('',#4021,#4019,#2411,.T.);
#5901=ADVANCED_FACE('',(#5900),#5892,.F.);
#5907=EDGE_CURVE('',#4357,#4355,#1075,.T.);
#5909=EDGE_CURVE('',#3979,#4355,#1079,.T.);
#5911=EDGE_CURVE('',#3974,#3979,#1083,.T.);
#5914=EDGE_CURVE('',#3883,#3885,#1335,.T.);
#5916=EDGE_CURVE('',#3882,#3883,#1319,.T.);
#5918=EDGE_CURVE('',#3882,#4357,#1236,.T.);
#5922=ADVANCED_FACE('',(#5921),#5906,.T.);
#5928=EDGE_CURVE('',#4362,#4363,#1091,.T.);
#5930=EDGE_CURVE('',#3879,#4363,#1305,.T.);
#5932=EDGE_CURVE('',#3878,#3879,#1393,.T.);
#5934=EDGE_CURVE('',#3903,#3878,#1379,.T.);
#5937=EDGE_CURVE('',#3997,#4005,#1099,.T.);
#5939=EDGE_CURVE('',#4005,#4362,#1103,.T.);
#5943=ADVANCED_FACE('',(#5942),#5927,.T.);
#5949=EDGE_CURVE('',#4370,#4371,#1107,.T.);
#5951=EDGE_CURVE('',#3893,#4371,#1966,.T.);
#5953=EDGE_CURVE('',#3891,#3893,#2108,.T.);
#5955=EDGE_CURVE('',#3889,#3891,#2090,.T.);
#5957=EDGE_CURVE('',#3888,#3889,#2074,.T.);
#5964=ADVANCED_FACE('',(#5963),#5948,.T.);
#5970=EDGE_CURVE('',#4381,#4379,#1123,.T.);
#5973=EDGE_CURVE('',#4057,#4025,#1131,.T.);
#5976=EDGE_CURVE('',#3899,#3901,#2158,.T.);
#5978=EDGE_CURVE('',#3897,#3899,#2142,.T.);
#5980=EDGE_CURVE('',#3896,#3897,#2130,.T.);
#5982=EDGE_CURVE('',#3896,#4381,#1983,.T.);
#5986=ADVANCED_FACE('',(#5985),#5969,.T.);
#5992=EDGE_CURVE('',#4354,#4355,#1161,.T.);
#5995=EDGE_CURVE('',#4357,#4359,#1140,.T.);
#5997=EDGE_CURVE('',#4359,#4354,#1202,.T.);
#6001=ADVANCED_FACE('',(#6000),#5991,.F.);
#6008=EDGE_CURVE('',#3971,#3967,#1144,.T.);
#6014=ADVANCED_FACE('',(#6013),#6006,.T.);
#6021=EDGE_CURVE('',#4002,#3984,#1152,.T.);
#6024=EDGE_CURVE('',#3985,#4003,#1156,.T.);
#6028=ADVANCED_FACE('',(#6027),#6019,.T.);
#6035=EDGE_CURVE('',#3981,#4354,#1165,.T.);
#6037=EDGE_CURVE('',#3979,#3981,#1169,.T.);
#6042=ADVANCED_FACE('',(#6041),#6033,.T.);
#6048=EDGE_CURVE('',#4362,#4365,#1174,.T.);
#6051=EDGE_CURVE('',#4007,#4005,#1178,.T.);
#6053=EDGE_CURVE('',#4365,#4007,#1182,.T.);
#6057=ADVANCED_FACE('',(#6056),#6047,.T.);
#6069=ADVANCED_FACE('',(#6068),#6062,.T.);
#6078=EDGE_CURVE('',#3975,#3981,#1186,.T.);
#6082=ADVANCED_FACE('',(#6081),#6074,.T.);
#6088=EDGE_CURVE('',#3977,#4354,#1198,.T.);
#6095=ADVANCED_FACE('',(#6094),#6087,.T.);
#6101=EDGE_CURVE('',#4386,#4387,#1190,.T.);
#6106=EDGE_CURVE('',#4359,#4386,#1206,.T.);
#6110=ADVANCED_FACE('',(#6109),#6100,.F.);
#6116=EDGE_CURVE('',#4405,#4403,#1210,.T.);
#6118=EDGE_CURVE('',#4375,#4403,#1970,.T.);
#6120=EDGE_CURVE('',#4373,#4375,#1214,.T.);
#6122=EDGE_CURVE('',#4051,#4373,#1218,.T.);
#6127=ADVANCED_FACE('',(#6126),#6115,.F.);
#6134=EDGE_CURVE('',#4386,#4389,#1232,.T.);
#6136=EDGE_CURVE('',#4389,#4391,#2022,.T.);
#6141=ADVANCED_FACE('',(#6140),#6132,.T.);
#6151=EDGE_CURVE('',#3922,#3882,#1314,.T.);
#6153=EDGE_CURVE('',#3913,#3922,#1240,.T.);
#6155=EDGE_CURVE('',#3911,#3913,#1244,.T.);
#6157=EDGE_CURVE('',#3910,#3911,#1249,.T.);
#6160=EDGE_CURVE('',#3835,#3843,#1253,.T.);
#6162=EDGE_CURVE('',#3843,#4093,#1685,.T.);
#6164=EDGE_CURVE('',#4097,#4093,#1257,.T.);
#6166=EDGE_CURVE('',#4096,#4097,#1262,.T.);
#6168=EDGE_CURVE('',#4389,#4096,#1266,.T.);
#6172=ADVANCED_FACE('',(#6171),#6146,.T.);
#6178=EDGE_CURVE('',#4394,#4397,#1271,.T.);
#6180=EDGE_CURVE('',#4109,#4394,#1275,.T.);
#6182=EDGE_CURVE('',#4108,#4109,#1280,.T.);
#6184=EDGE_CURVE('',#4137,#4108,#1284,.T.);
#6186=EDGE_CURVE('',#4137,#3858,#1829,.T.);
#6188=EDGE_CURVE('',#3850,#3858,#2280,.T.);
#6191=EDGE_CURVE('',#3928,#3929,#1289,.T.);
#6193=EDGE_CURVE('',#3931,#3928,#1293,.T.);
#6195=EDGE_CURVE('',#3943,#3931,#1297,.T.);
#6197=EDGE_CURVE('',#3943,#3879,#1301,.T.);
#6200=EDGE_CURVE('',#4367,#4363,#2230,.T.);
#6202=EDGE_CURVE('',#4397,#4367,#2197,.T.);
#6206=ADVANCED_FACE('',(#6205),#6177,.T.);
#6212=EDGE_CURVE('',#3922,#3923,#1310,.T.);
#6216=EDGE_CURVE('',#3923,#3883,#1331,.T.);
#6220=ADVANCED_FACE('',(#6219),#6211,.T.);
#6227=EDGE_CURVE('',#3923,#3925,#1327,.T.);
#6229=EDGE_CURVE('',#3913,#3925,#1323,.T.);
#6234=ADVANCED_FACE('',(#6233),#6225,.T.);
#6244=EDGE_CURVE('',#3925,#3905,#1339,.T.);
#6248=ADVANCED_FACE('',(#6247),#6239,.T.);
#6254=EDGE_CURVE('',#3919,#3925,#1343,.T.);
#6260=ADVANCED_FACE('',(#6259),#6253,.T.);
#6266=EDGE_CURVE('',#3937,#3940,#1351,.T.);
#6269=EDGE_CURVE('',#3907,#3940,#1375,.T.);
#6273=ADVANCED_FACE('',(#6272),#6265,.T.);
#6280=EDGE_CURVE('',#3911,#3917,#1359,.T.);
#6287=ADVANCED_FACE('',(#6286),#6278,.T.);
#6299=ADVANCED_FACE('',(#6298),#6292,.T.);
#6307=EDGE_CURVE('',#3931,#3940,#1367,.T.);
#6310=EDGE_CURVE('',#3928,#3934,#1397,.T.);
#6314=ADVANCED_FACE('',(#6313),#6304,.T.);
#6320=EDGE_CURVE('',#3940,#3941,#1371,.T.);
#6322=EDGE_CURVE('',#3941,#3943,#1384,.T.);
#6328=ADVANCED_FACE('',(#6327),#6319,.T.);
#6338=EDGE_CURVE('',#3941,#3878,#1388,.T.);
#6342=ADVANCED_FACE('',(#6341),#6333,.T.);
#6354=ADVANCED_FACE('',(#6353),#6347,.T.);
#6366=ADVANCED_FACE('',(#6365),#6359,.T.);
#6373=EDGE_CURVE('',#3833,#3842,#1401,.T.);
#6375=EDGE_CURVE('',#3842,#3843,#1690,.T.);
#6380=ADVANCED_FACE('',(#6379),#6371,.T.);
#6386=EDGE_CURVE('',#4430,#4428,#1405,.T.);
#6388=EDGE_CURVE('',#4151,#4428,#2407,.T.);
#6390=EDGE_CURVE('',#4151,#3842,#1694,.T.);
#6394=EDGE_CURVE('',#3831,#3839,#1409,.T.);
#6396=EDGE_CURVE('',#3839,#4149,#1664,.T.);
#6398=EDGE_CURVE('',#4149,#4430,#1413,.T.);
#6402=ADVANCED_FACE('',(#6401),#6385,.T.);
#6408=EDGE_CURVE('',#4425,#4426,#1428,.T.);
#6410=EDGE_CURVE('',#4426,#4428,#2403,.T.);
#6413=EDGE_CURVE('',#4430,#4432,#1919,.T.);
#6415=EDGE_CURVE('',#4432,#4433,#1910,.T.);
#6417=EDGE_CURVE('',#4433,#4425,#1522,.T.);
#6421=ADVANCED_FACE('',(#6420),#6407,.T.);
#6441=B_SPLINE_CURVE_WITH_KNOTS('',3,(#6422,#6423,#6424,#6425,#6426,#6427,#6428,
#6429,#6430,#6431,#6432,#6433,#6434,#6435,#6436,#6437,#6438,#6439,#6440),
.UNSPECIFIED.,.F.,.F.,(4,1,1,1,1,1,1,1,1,1,1,1,1,1,1,1,4),(0.E0,
2.451809579107E-2,6.049809259294E-2,9.901152651087E-2,1.413785171908E-1,
1.889828557273E-1,2.427575409404E-1,3.032200317493E-1,3.707510658608E-1,
4.458474615114E-1,5.290072572268E-1,6.199918536938E-1,7.158811354705E-1,
8.099446579249E-1,8.975273114708E-1,9.755242566215E-1,1.E0),.UNSPECIFIED.);
#6446=EDGE_CURVE('',#4210,#4425,#1436,.T.);
#6448=EDGE_CURVE('',#4210,#4209,#1716,.T.);
#6450=EDGE_CURVE('',#4209,#4426,#1432,.T.);
#6454=ADVANCED_FACE('',(#6453),#6444,.F.);
#6460=EDGE_CURVE('',#4425,#4154,#1600,.T.);
#6462=EDGE_CURVE('',#4212,#4154,#1889,.T.);
#6464=EDGE_CURVE('',#4210,#4212,#1720,.T.);
#6469=ADVANCED_FACE('',(#6468),#6459,.T.);
#6475=EDGE_CURVE('',#4424,#4416,#1440,.T.);
#6477=EDGE_CURVE('',#4253,#4424,#1444,.T.);
#6479=EDGE_CURVE('',#4251,#4253,#1449,.T.);
#6481=EDGE_CURVE('',#4249,#4251,#1453,.T.);
#6483=EDGE_CURVE('',#4247,#4249,#1458,.T.);
#6485=EDGE_CURVE('',#4245,#4247,#1462,.T.);
#6487=EDGE_CURVE('',#4243,#4245,#1467,.T.);
#6489=EDGE_CURVE('',#4241,#4243,#1472,.T.);
#6491=EDGE_CURVE('',#4239,#4241,#1477,.T.);
#6493=EDGE_CURVE('',#4237,#4239,#1481,.T.);
#6495=EDGE_CURVE('',#4235,#4237,#1486,.T.);
#6497=EDGE_CURVE('',#4233,#4235,#1491,.T.);
#6499=EDGE_CURVE('',#4231,#4233,#1496,.T.);
#6501=EDGE_CURVE('',#4229,#4231,#1500,.T.);
#6503=EDGE_CURVE('',#4227,#4229,#1505,.T.);
#6505=EDGE_CURVE('',#4225,#4227,#1509,.T.);
#6507=EDGE_CURVE('',#4224,#4225,#1514,.T.);
#6509=EDGE_CURVE('',#4416,#4224,#1518,.T.);
#6513=ADVANCED_FACE('',(#6512),#6474,.T.);
#6520=EDGE_CURVE('',#4183,#4433,#1526,.T.);
#6522=EDGE_CURVE('',#4181,#4183,#1531,.T.);
#6524=EDGE_CURVE('',#4179,#4181,#1535,.T.);
#6526=EDGE_CURVE('',#4177,#4179,#1540,.T.);
#6528=EDGE_CURVE('',#4175,#4177,#1544,.T.);
#6530=EDGE_CURVE('',#4173,#4175,#1549,.T.);
#6532=EDGE_CURVE('',#4171,#4173,#1554,.T.);
#6534=EDGE_CURVE('',#4169,#4171,#1559,.T.);
#6536=EDGE_CURVE('',#4167,#4169,#1563,.T.);
#6538=EDGE_CURVE('',#4165,#4167,#1568,.T.);
#6540=EDGE_CURVE('',#4163,#4165,#1573,.T.);
#6542=EDGE_CURVE('',#4161,#4163,#1578,.T.);
#6544=EDGE_CURVE('',#4159,#4161,#1582,.T.);
#6546=EDGE_CURVE('',#4157,#4159,#1587,.T.);
#6548=EDGE_CURVE('',#4155,#4157,#1591,.T.);
#6550=EDGE_CURVE('',#4154,#4155,#1596,.T.);
#6555=ADVANCED_FACE('',(#6554),#6518,.T.);
#6561=EDGE_CURVE('',#4416,#4417,#1613,.T.);
#6563=EDGE_CURVE('',#4417,#4419,#2272,.T.);
#6565=EDGE_CURVE('',#4421,#4419,#2259,.T.);
#6567=EDGE_CURVE('',#4421,#4423,#2285,.T.);
#6569=EDGE_CURVE('',#4423,#4424,#2302,.T.);
#6574=ADVANCED_FACE('',(#6573),#6560,.T.);
#6594=B_SPLINE_CURVE_WITH_KNOTS('',3,(#6575,#6576,#6577,#6578,#6579,#6580,#6581,
#6582,#6583,#6584,#6585,#6586,#6587,#6588,#6589,#6590,#6591,#6592,#6593),
.UNSPECIFIED.,.F.,.F.,(4,1,1,1,1,1,1,1,1,1,1,1,1,1,1,1,4),(0.E0,
2.448015725074E-2,1.024867285276E-1,1.900679499133E-1,2.841371885836E-1,
3.800422553518E-1,4.710336991917E-1,5.541943379236E-1,6.292801377955E-1,
6.968086920325E-1,7.572670915113E-1,8.110204791700E-1,8.586333067821E-1,
9.010027268079E-1,9.395527491994E-1,9.755619447491E-1,1.E0),.UNSPECIFIED.);
#6599=EDGE_CURVE('',#4290,#4416,#1621,.T.);
#6601=EDGE_CURVE('',#4289,#4290,#1751,.T.);
#6603=EDGE_CURVE('',#4289,#4417,#1617,.T.);
#6607=ADVANCED_FACE('',(#6606),#6597,.T.);
#6614=EDGE_CURVE('',#4292,#4224,#1625,.T.);
#6616=EDGE_CURVE('',#4290,#4292,#1755,.T.);
#6621=ADVANCED_FACE('',(#6620),#6612,.T.);
#6627=EDGE_CURVE('',#4292,#4294,#1760,.T.);
#6631=EDGE_CURVE('',#4294,#4225,#2366,.T.);
#6635=ADVANCED_FACE('',(#6634),#6626,.T.);
#6642=EDGE_CURVE('',#4145,#4216,#1629,.T.);
#6644=EDGE_CURVE('',#4216,#4218,#1634,.T.);
#6646=EDGE_CURVE('',#4218,#4220,#1638,.T.);
#6648=EDGE_CURVE('',#4221,#4220,#1656,.T.);
#6650=EDGE_CURVE('',#4149,#4221,#1660,.T.);
#6653=EDGE_CURVE('',#3838,#3839,#1669,.T.);
#6655=EDGE_CURVE('',#4105,#3838,#1673,.T.);
#6657=EDGE_CURVE('',#4119,#4105,#1677,.T.);
#6662=ADVANCED_FACE('',(#6661),#6640,.T.);
#6670=EDGE_CURVE('',#4093,#4103,#1681,.T.);
#6675=EDGE_CURVE('',#4151,#4209,#1698,.T.);
#6679=EDGE_CURVE('',#4212,#4214,#1725,.T.);
#6681=EDGE_CURVE('',#4214,#4147,#1729,.T.);
#6685=ADVANCED_FACE('',(#6684),#6667,.T.);
#6691=EDGE_CURVE('',#4288,#4289,#1733,.T.);
#6696=EDGE_CURVE('',#4294,#4283,#1764,.T.);
#6698=EDGE_CURVE('',#3874,#4283,#2390,.T.);
#6701=EDGE_CURVE('',#4122,#4139,#1768,.T.);
#6703=EDGE_CURVE('',#3855,#4139,#1772,.T.);
#6705=EDGE_CURVE('',#3854,#3855,#1777,.T.);
#6707=EDGE_CURVE('',#4288,#3854,#1781,.T.);
#6711=ADVANCED_FACE('',(#6710),#6690,.T.);
#6717=EDGE_CURVE('',#4285,#4296,#1785,.T.);
#6719=EDGE_CURVE('',#4296,#4298,#1790,.T.);
#6721=EDGE_CURVE('',#4298,#4300,#1794,.T.);
#6723=EDGE_CURVE('',#4300,#4301,#1812,.T.);
#6725=EDGE_CURVE('',#4303,#4301,#1816,.T.);
#6727=EDGE_CURVE('',#3859,#4303,#1820,.T.);
#6729=EDGE_CURVE('',#3858,#3859,#1825,.T.);
#6732=EDGE_CURVE('',#4137,#4132,#1833,.T.);
#6735=EDGE_CURVE('',#4285,#3866,#2398,.T.);
#6739=ADVANCED_FACE('',(#6738),#6716,.T.);
#6746=EDGE_CURVE('',#4207,#4179,#1837,.T.);
#6749=EDGE_CURVE('',#4216,#4181,#1893,.T.);
#6755=ADVANCED_FACE('',(#6754),#6744,.T.);
#6762=EDGE_CURVE('',#4205,#4177,#1841,.T.);
#6768=ADVANCED_FACE('',(#6767),#6760,.T.);
#6775=EDGE_CURVE('',#4203,#4175,#1845,.T.);
#6781=ADVANCED_FACE('',(#6780),#6773,.T.);
#6788=EDGE_CURVE('',#4201,#4173,#1849,.T.);
#6794=ADVANCED_FACE('',(#6793),#6786,.T.);
#6801=EDGE_CURVE('',#4199,#4171,#1853,.T.);
#6807=ADVANCED_FACE('',(#6806),#6799,.F.);
#6814=EDGE_CURVE('',#4197,#4169,#1857,.T.);
#6820=ADVANCED_FACE('',(#6819),#6812,.T.);
#6827=EDGE_CURVE('',#4195,#4167,#1861,.T.);
#6833=ADVANCED_FACE('',(#6832),#6825,.T.);
#6840=EDGE_CURVE('',#4193,#4165,#1865,.T.);
#6846=ADVANCED_FACE('',(#6845),#6838,.T.);
#6853=EDGE_CURVE('',#4191,#4163,#1869,.T.);
#6859=ADVANCED_FACE('',(#6858),#6851,.F.);
#6866=EDGE_CURVE('',#4189,#4161,#1873,.T.);
#6872=ADVANCED_FACE('',(#6871),#6864,.T.);
#6879=EDGE_CURVE('',#4187,#4159,#1877,.T.);
#6885=ADVANCED_FACE('',(#6884),#6877,.T.);
#6892=EDGE_CURVE('',#4185,#4157,#1881,.T.);
#6898=ADVANCED_FACE('',(#6897),#6890,.T.);
#6907=EDGE_CURVE('',#4214,#4155,#1885,.T.);
#6913=ADVANCED_FACE('',(#6912),#6903,.T.);
#6925=ADVANCED_FACE('',(#6924),#6918,.T.);
#6934=EDGE_CURVE('',#4218,#4183,#1897,.T.);
#6938=ADVANCED_FACE('',(#6937),#6930,.T.);
#6945=EDGE_CURVE('',#4220,#4433,#1914,.T.);
#6951=ADVANCED_FACE('',(#6950),#6943,.T.);
#6971=B_SPLINE_CURVE_WITH_KNOTS('',3,(#6952,#6953,#6954,#6955,#6956,#6957,#6958,
#6959,#6960,#6961,#6962,#6963,#6964,#6965,#6966,#6967,#6968,#6969,#6970),
.UNSPECIFIED.,.F.,.F.,(4,1,1,1,1,1,1,1,1,1,1,1,1,1,1,1,4),(0.E0,
2.448015725075E-2,1.024867285276E-1,1.900679499133E-1,2.841371885836E-1,
3.800422553518E-1,4.710336991917E-1,5.541943379236E-1,6.292801377955E-1,
6.968086920325E-1,7.572670915113E-1,8.110204791700E-1,8.586333067821E-1,
9.010027268079E-1,9.395527491994E-1,9.755619447491E-1,1.E0),.UNSPECIFIED.);
#6976=EDGE_CURVE('',#4221,#4432,#1923,.T.);
#6982=ADVANCED_FACE('',(#6981),#6974,.F.);
#6994=ADVANCED_FACE('',(#6993),#6987,.T.);
#7001=EDGE_CURVE('',#3830,#3838,#1927,.T.);
#7007=ADVANCED_FACE('',(#7006),#6999,.T.);
#7013=EDGE_CURVE('',#4402,#4403,#1932,.T.);
#7015=EDGE_CURVE('',#4402,#4100,#1936,.T.);
#7017=EDGE_CURVE('',#4100,#4101,#1941,.T.);
#7019=EDGE_CURVE('',#4101,#4105,#1945,.T.);
#7024=EDGE_CURVE('',#4528,#4529,#1950,.T.);
#7026=EDGE_CURVE('',#4529,#4531,#1954,.T.);
#7028=EDGE_CURVE('',#4531,#4533,#1958,.T.);
#7030=EDGE_CURVE('',#4533,#3893,#1962,.T.);
#7033=EDGE_CURVE('',#4375,#4371,#2163,.T.);
#7038=ADVANCED_FACE('',(#7037),#7012,.T.);
#7044=EDGE_CURVE('',#4410,#4411,#1975,.T.);
#7046=EDGE_CURVE('',#4410,#4383,#1979,.T.);
#7048=EDGE_CURVE('',#4381,#4383,#2243,.T.);
#7051=EDGE_CURVE('',#4547,#3896,#2125,.T.);
#7053=EDGE_CURVE('',#4547,#4545,#1987,.T.);
#7055=EDGE_CURVE('',#4545,#4542,#1991,.T.);
#7057=EDGE_CURVE('',#4542,#4543,#1996,.T.);
#7060=EDGE_CURVE('',#3847,#3855,#2000,.T.);
#7063=EDGE_CURVE('',#4139,#4112,#2004,.T.);
#7065=EDGE_CURVE('',#4112,#4113,#2009,.T.);
#7067=EDGE_CURVE('',#4113,#4411,#2013,.T.);
#7071=ADVANCED_FACE('',(#7070),#7043,.T.);
#7080=EDGE_CURVE('',#4407,#4402,#2026,.T.);
#7084=ADVANCED_FACE('',(#7083),#7076,.T.);
#7092=EDGE_CURVE('',#4096,#4128,#2034,.T.);
#7097=ADVANCED_FACE('',(#7096),#7089,.T.);
#7105=EDGE_CURVE('',#4116,#4100,#2030,.T.);
#7110=ADVANCED_FACE('',(#7109),#7102,.T.);
#7117=EDGE_CURVE('',#4117,#4101,#2042,.T.);
#7123=ADVANCED_FACE('',(#7122),#7115,.T.);
#7132=EDGE_CURVE('',#4097,#4129,#2038,.T.);
#7136=ADVANCED_FACE('',(#7135),#7128,.T.);
#7148=ADVANCED_FACE('',(#7147),#7141,.T.);
#7160=ADVANCED_FACE('',(#7159),#7153,.T.);
#7168=EDGE_CURVE('',#4529,#4537,#2050,.T.);
#7173=ADVANCED_FACE('',(#7172),#7165,.T.);
#7181=EDGE_CURVE('',#4555,#4539,#2054,.T.);
#7183=EDGE_CURVE('',#4531,#4539,#2094,.T.);
#7188=ADVANCED_FACE('',(#7187),#7178,.F.);
#7196=EDGE_CURVE('',#4520,#4521,#2070,.T.);
#7198=EDGE_CURVE('',#4520,#4539,#2082,.T.);
#7202=ADVANCED_FACE('',(#7201),#7193,.F.);
#7208=EDGE_CURVE('',#4557,#4553,#2062,.T.);
#7210=EDGE_CURVE('',#4553,#4524,#2146,.T.);
#7212=EDGE_CURVE('',#4524,#4525,#2150,.T.);
#7217=ADVANCED_FACE('',(#7216),#7207,.F.);
#7226=EDGE_CURVE('',#4520,#3889,#2086,.T.);
#7230=ADVANCED_FACE('',(#7229),#7222,.T.);
#7236=EDGE_CURVE('',#4539,#4559,#2078,.T.);
#7241=EDGE_CURVE('',#4559,#3891,#2103,.T.);
#7245=ADVANCED_FACE('',(#7244),#7235,.T.);
#7254=EDGE_CURVE('',#4559,#4533,#2099,.T.);
#7258=ADVANCED_FACE('',(#7257),#7250,.F.);
#7270=ADVANCED_FACE('',(#7269),#7263,.T.);
#7276=EDGE_CURVE('',#4542,#4549,#2116,.T.);
#7279=EDGE_CURVE('',#4545,#4553,#2112,.T.);
#7285=ADVANCED_FACE('',(#7284),#7275,.F.);
#7297=ADVANCED_FACE('',(#7296),#7290,.T.);
#7304=EDGE_CURVE('',#4547,#4561,#2121,.T.);
#7306=EDGE_CURVE('',#4561,#4553,#2134,.T.);
#7311=ADVANCED_FACE('',(#7310),#7302,.F.);
#7320=EDGE_CURVE('',#4561,#3897,#2138,.T.);
#7324=ADVANCED_FACE('',(#7323),#7316,.T.);
#7333=EDGE_CURVE('',#4524,#3899,#2154,.T.);
#7338=ADVANCED_FACE('',(#7337),#7329,.T.);
#7350=ADVANCED_FACE('',(#7349),#7343,.T.);
#7362=ADVANCED_FACE('',(#7361),#7355,.F.);
#7369=EDGE_CURVE('',#4413,#4411,#2180,.T.);
#7372=EDGE_CURVE('',#4415,#4410,#2213,.T.);
#7376=ADVANCED_FACE('',(#7375),#7367,.T.);
#7382=EDGE_CURVE('',#4394,#4395,#2172,.T.);
#7385=EDGE_CURVE('',#4109,#4135,#2176,.T.);
#7390=ADVANCED_FACE('',(#7389),#7381,.T.);
#7398=EDGE_CURVE('',#4125,#4113,#2184,.T.);
#7403=ADVANCED_FACE('',(#7402),#7395,.T.);
#7411=EDGE_CURVE('',#4397,#4399,#2193,.T.);
#7416=ADVANCED_FACE('',(#7415),#7408,.T.);
#7424=EDGE_CURVE('',#4365,#4367,#2201,.T.);
#7426=EDGE_CURVE('',#3992,#4365,#2205,.T.);
#7431=ADVANCED_FACE('',(#7430),#7421,.F.);
#7439=EDGE_CURVE('',#4053,#4378,#2221,.T.);
#7441=EDGE_CURVE('',#4383,#4378,#2225,.T.);
#7446=ADVANCED_FACE('',(#7445),#7436,.F.);
#7458=ADVANCED_FACE('',(#7457),#7451,.F.);
#7466=EDGE_CURVE('',#3993,#4007,#2234,.T.);
#7471=ADVANCED_FACE('',(#7470),#7463,.T.);
#7483=ADVANCED_FACE('',(#7482),#7476,.T.);
#7495=ADVANCED_FACE('',(#7494),#7488,.T.);
#7504=EDGE_CURVE('',#4035,#4024,#2238,.T.);
#7508=ADVANCED_FACE('',(#7507),#7500,.F.);
#7520=ADVANCED_FACE('',(#7519),#7513,.F.);
#7532=ADVANCED_FACE('',(#7531),#7525,.F.);
#7544=ADVANCED_FACE('',(#7543),#7537,.F.);
#7553=EDGE_CURVE('',#4123,#4112,#2247,.T.);
#7557=ADVANCED_FACE('',(#7556),#7549,.T.);
#7564=EDGE_CURVE('',#4108,#4133,#2251,.T.);
#7570=ADVANCED_FACE('',(#7569),#7562,.T.);
#7582=ADVANCED_FACE('',(#7581),#7575,.T.);
#7594=ADVANCED_FACE('',(#7593),#7587,.T.);
#7601=EDGE_CURVE('',#3846,#3854,#2255,.T.);
#7607=ADVANCED_FACE('',(#7606),#7599,.T.);
#7614=EDGE_CURVE('',#4288,#4419,#2276,.T.);
#7619=EDGE_CURVE('',#3851,#3859,#2263,.T.);
#7622=EDGE_CURVE('',#4303,#4421,#2267,.T.);
#7626=ADVANCED_FACE('',(#7625),#7612,.T.);
#7638=ADVANCED_FACE('',(#7637),#7631,.T.);
#7650=ADVANCED_FACE('',(#7649),#7643,.T.);
#7659=EDGE_CURVE('',#4301,#4423,#2289,.T.);
#7663=ADVANCED_FACE('',(#7662),#7655,.T.);
#7683=B_SPLINE_CURVE_WITH_KNOTS('',3,(#7664,#7665,#7666,#7667,#7668,#7669,#7670,
#7671,#7672,#7673,#7674,#7675,#7676,#7677,#7678,#7679,#7680,#7681,#7682),
.UNSPECIFIED.,.F.,.F.,(4,1,1,1,1,1,1,1,1,1,1,1,1,1,1,1,4),(0.E0,
2.451809579107E-2,6.049809259294E-2,9.901152651086E-2,1.413785171908E-1,
1.889828557273E-1,2.427575409404E-1,3.032200317493E-1,3.707510658608E-1,
4.458474615114E-1,5.290072572268E-1,6.199918536938E-1,7.158811354705E-1,
8.099446579249E-1,8.975273114708E-1,9.755242566215E-1,1.E0),.UNSPECIFIED.);
#7690=EDGE_CURVE('',#4300,#4424,#2306,.T.);
#7694=ADVANCED_FACE('',(#7693),#7686,.T.);
#7703=EDGE_CURVE('',#4298,#4253,#2310,.T.);
#7707=ADVANCED_FACE('',(#7706),#7699,.T.);
#7714=EDGE_CURVE('',#4296,#4251,#2314,.T.);
#7720=ADVANCED_FACE('',(#7719),#7712,.T.);
#7727=EDGE_CURVE('',#4279,#4249,#2318,.T.);
#7732=EDGE_CURVE('',#4281,#4285,#2394,.T.);
#7736=ADVANCED_FACE('',(#7735),#7725,.T.);
#7743=EDGE_CURVE('',#4277,#4247,#2322,.T.);
#7749=ADVANCED_FACE('',(#7748),#7741,.T.);
#7756=EDGE_CURVE('',#4275,#4245,#2326,.T.);
#7762=ADVANCED_FACE('',(#7761),#7754,.T.);
#7769=EDGE_CURVE('',#4273,#4243,#2330,.T.);
#7775=ADVANCED_FACE('',(#7774),#7767,.T.);
#7782=EDGE_CURVE('',#4271,#4241,#2334,.T.);
#7788=ADVANCED_FACE('',(#7787),#7780,.F.);
#7795=EDGE_CURVE('',#4269,#4239,#2338,.T.);
#7801=ADVANCED_FACE('',(#7800),#7793,.T.);
#7808=EDGE_CURVE('',#4267,#4237,#2342,.T.);
#7814=ADVANCED_FACE('',(#7813),#7806,.T.);
#7821=EDGE_CURVE('',#4265,#4235,#2346,.T.);
#7827=ADVANCED_FACE('',(#7826),#7819,.T.);
#7834=EDGE_CURVE('',#4263,#4233,#2350,.T.);
#7840=ADVANCED_FACE('',(#7839),#7832,.F.);
#7847=EDGE_CURVE('',#4261,#4231,#2354,.T.);
#7853=ADVANCED_FACE('',(#7852),#7845,.T.);
#7860=EDGE_CURVE('',#4259,#4229,#2358,.T.);
#7866=ADVANCED_FACE('',(#7865),#7858,.T.);
#7873=EDGE_CURVE('',#4257,#4227,#2362,.T.);
#7879=ADVANCED_FACE('',(#7878),#7871,.T.);
#7886=EDGE_CURVE('',#4256,#4283,#2386,.T.);
#7894=ADVANCED_FACE('',(#7893),#7884,.T.);
#7906=ADVANCED_FACE('',(#7905),#7899,.T.);
#7918=ADVANCED_FACE('',(#7917),#7911,.T.);
#7930=ADVANCED_FACE('',(#7929),#7923,.T.);
#7942=ADVANCED_FACE('',(#7941),#7935,.T.);
#7954=ADVANCED_FACE('',(#7953),#7947,.T.);
#7966=ADVANCED_FACE('',(#7965),#7959,.F.);
#7978=ADVANCED_FACE('',(#7977),#7971,.T.);
#7990=ADVANCED_FACE('',(#7989),#7983,.F.);
#7997=EDGE_CURVE('',#4595,#4436,#2514,.T.);
#7999=EDGE_CURVE('',#4592,#4595,#3152,.T.);
#8001=EDGE_CURVE('',#4573,#4592,#3138,.T.);
#8003=EDGE_CURVE('',#4571,#4573,#2415,.T.);
#8005=EDGE_CURVE('',#4569,#4571,#2420,.T.);
#8007=EDGE_CURVE('',#4567,#4569,#2424,.T.);
#8009=EDGE_CURVE('',#4565,#4567,#2428,.T.);
#8011=EDGE_CURVE('',#4564,#4565,#2432,.T.);
#8013=EDGE_CURVE('',#4575,#4564,#2437,.T.);
#8019=ADVANCED_FACE('',(#8018),#7995,.T.);
#8026=EDGE_CURVE('',#4712,#4708,#3061,.T.);
#8028=EDGE_CURVE('',#4715,#4712,#2450,.T.);
#8030=EDGE_CURVE('',#4449,#4715,#2680,.T.);
#8035=ADVANCED_FACE('',(#8034),#8024,.T.);
#8041=EDGE_CURVE('',#4864,#4865,#2454,.T.);
#8044=EDGE_CURVE('',#4800,#4801,#2458,.T.);
#8046=EDGE_CURVE('',#4800,#4796,#2462,.T.);
#8048=EDGE_CURVE('',#4796,#4797,#2466,.T.);
#8051=EDGE_CURVE('',#4705,#4500,#2470,.T.);
#8053=EDGE_CURVE('',#4705,#4703,#2474,.T.);
#8055=EDGE_CURVE('',#4703,#4496,#2478,.T.);
#8058=EDGE_CURVE('',#4669,#4480,#2482,.T.);
#8060=EDGE_CURVE('',#4669,#4667,#2486,.T.);
#8062=EDGE_CURVE('',#4667,#4476,#2490,.T.);
#8065=EDGE_CURVE('',#4633,#4460,#2494,.T.);
#8067=EDGE_CURVE('',#4633,#4631,#2498,.T.);
#8069=EDGE_CURVE('',#4631,#4456,#2502,.T.);
#8072=EDGE_CURVE('',#4597,#4440,#2506,.T.);
#8074=EDGE_CURVE('',#4597,#4595,#2510,.T.);
#8078=EDGE_CURVE('',#3783,#3801,#2820,.T.);
#8080=EDGE_CURVE('',#3771,#3783,#2518,.T.);
#8082=EDGE_CURVE('',#3771,#3797,#2760,.T.);
#8085=EDGE_CURVE('',#4868,#4869,#2522,.T.);
#8087=EDGE_CURVE('',#4868,#4864,#2526,.T.);
#8091=ADVANCED_FACE('',(#8090),#8040,.T.);
#8097=EDGE_CURVE('',#4852,#4864,#2570,.T.);
#8099=EDGE_CURVE('',#4833,#4852,#2647,.T.);
#8101=EDGE_CURVE('',#4831,#4833,#2530,.T.);
#8103=EDGE_CURVE('',#4829,#4831,#2535,.T.);
#8105=EDGE_CURVE('',#4827,#4829,#2539,.T.);
#8107=EDGE_CURVE('',#4825,#4827,#2543,.T.);
#8109=EDGE_CURVE('',#4824,#4825,#2547,.T.);
#8111=EDGE_CURVE('',#4835,#4824,#2552,.T.);
#8113=EDGE_CURVE('',#4875,#4835,#2556,.T.);
#8120=ADVANCED_FACE('',(#8119),#8096,.T.);
#8127=EDGE_CURVE('',#4860,#4856,#3742,.T.);
#8129=EDGE_CURVE('',#4887,#4860,#2565,.T.);
#8131=EDGE_CURVE('',#4881,#4887,#2660,.T.);
#8136=ADVANCED_FACE('',(#8135),#8125,.T.);
#8144=EDGE_CURVE('',#4868,#4853,#2575,.T.);
#8146=EDGE_CURVE('',#4852,#4853,#2579,.T.);
#8150=ADVANCED_FACE('',(#8149),#8141,.T.);
#8158=EDGE_CURVE('',#4877,#4849,#2583,.T.);
#8160=EDGE_CURVE('',#4849,#4838,#2588,.T.);
#8162=EDGE_CURVE('',#4838,#4839,#2592,.T.);
#8164=EDGE_CURVE('',#4839,#4841,#2596,.T.);
#8166=EDGE_CURVE('',#4841,#4843,#2600,.T.);
#8168=EDGE_CURVE('',#4843,#4845,#2605,.T.);
#8170=EDGE_CURVE('',#4845,#4847,#2609,.T.);
#8172=EDGE_CURVE('',#4853,#4847,#2652,.T.);
#8178=ADVANCED_FACE('',(#8177),#8155,.F.);
#8184=EDGE_CURVE('',#4889,#4861,#2614,.T.);
#8186=EDGE_CURVE('',#4857,#4861,#3747,.T.);
#8190=EDGE_CURVE('',#4885,#4889,#2668,.T.);
#8194=ADVANCED_FACE('',(#8193),#8183,.F.);
#8202=EDGE_CURVE('',#4835,#4849,#2622,.T.);
#8207=ADVANCED_FACE('',(#8206),#8199,.T.);
#8214=EDGE_CURVE('',#4824,#4838,#2626,.T.);
#8220=ADVANCED_FACE('',(#8219),#8212,.F.);
#8227=EDGE_CURVE('',#4825,#4839,#2630,.T.);
#8233=ADVANCED_FACE('',(#8232),#8225,.T.);
#8240=EDGE_CURVE('',#4827,#4841,#2634,.T.);
#8246=ADVANCED_FACE('',(#8245),#8238,.T.);
#8253=EDGE_CURVE('',#4829,#4843,#2638,.T.);
#8259=ADVANCED_FACE('',(#8258),#8251,.T.);
#8266=EDGE_CURVE('',#4831,#4845,#2642,.T.);
#8272=ADVANCED_FACE('',(#8271),#8264,.T.);
#8279=EDGE_CURVE('',#4833,#4847,#2656,.T.);
#8285=ADVANCED_FACE('',(#8284),#8277,.T.);
#8297=ADVANCED_FACE('',(#8296),#8290,.F.);
#8303=EDGE_CURVE('',#4889,#4887,#2664,.T.);
#8306=EDGE_CURVE('',#4860,#4861,#3751,.T.);
#8311=ADVANCED_FACE('',(#8310),#8302,.T.);
#8321=EDGE_CURVE('',#3799,#3774,#2792,.T.);
#8323=EDGE_CURVE('',#3774,#3786,#3056,.T.);
#8325=EDGE_CURVE('',#3803,#3786,#2824,.T.);
#8329=EDGE_CURVE('',#4717,#4715,#2684,.T.);
#8331=EDGE_CURVE('',#4453,#4717,#2688,.T.);
#8334=EDGE_CURVE('',#4469,#4727,#2696,.T.);
#8336=EDGE_CURVE('',#4729,#4727,#2700,.T.);
#8338=EDGE_CURVE('',#4473,#4729,#2704,.T.);
#8341=EDGE_CURVE('',#4489,#4739,#2712,.T.);
#8343=EDGE_CURVE('',#4741,#4739,#2716,.T.);
#8345=EDGE_CURVE('',#4493,#4741,#2720,.T.);
#8348=EDGE_CURVE('',#4509,#4751,#2728,.T.);
#8350=EDGE_CURVE('',#4753,#4751,#2732,.T.);
#8352=EDGE_CURVE('',#4513,#4753,#2736,.T.);
#8355=EDGE_CURVE('',#4813,#4819,#2744,.T.);
#8357=EDGE_CURVE('',#4821,#4819,#2748,.T.);
#8359=EDGE_CURVE('',#4817,#4821,#2752,.T.);
#8364=ADVANCED_FACE('',(#8363),#8316,.T.);
#8372=EDGE_CURVE('',#3769,#3771,#2764,.T.);
#8374=EDGE_CURVE('',#3767,#3769,#2768,.T.);
#8376=EDGE_CURVE('',#3766,#3767,#2772,.T.);
#8378=EDGE_CURVE('',#3805,#3766,#2776,.T.);
#8380=EDGE_CURVE('',#3805,#4515,#2780,.T.);
#8384=ADVANCED_FACE('',(#8383),#8369,.T.);
#8391=EDGE_CURVE('',#3775,#3791,#2784,.T.);
#8393=EDGE_CURVE('',#3774,#3775,#2788,.T.);
#8399=ADVANCED_FACE('',(#8398),#8389,.T.);
#8407=EDGE_CURVE('',#3781,#3783,#2816,.T.);
#8409=EDGE_CURVE('',#3769,#3781,#2796,.T.);
#8413=ADVANCED_FACE('',(#8412),#8404,.T.);
#8420=EDGE_CURVE('',#3807,#4517,#2800,.T.);
#8422=EDGE_CURVE('',#3807,#3778,#2804,.T.);
#8424=EDGE_CURVE('',#3778,#3779,#2808,.T.);
#8426=EDGE_CURVE('',#3779,#3781,#2812,.T.);
#8432=ADVANCED_FACE('',(#8431),#8418,.T.);
#8441=EDGE_CURVE('',#3786,#3787,#2828,.T.);
#8443=EDGE_CURVE('',#3787,#3790,#2832,.T.);
#8447=ADVANCED_FACE('',(#8446),#8437,.T.);
#8453=EDGE_CURVE('',#3790,#3791,#2845,.T.);
#8456=EDGE_CURVE('',#3775,#3787,#2836,.T.);
#8461=ADVANCED_FACE('',(#8460),#8452,.T.);
#8467=EDGE_CURVE('',#3945,#3793,#2896,.T.);
#8469=EDGE_CURVE('',#3807,#3945,#2972,.T.);
#8475=ADVANCED_FACE('',(#8474),#8466,.T.);
#8481=EDGE_CURVE('',#3947,#3795,#2944,.T.);
#8485=EDGE_CURVE('',#3947,#3805,#2968,.T.);
#8489=ADVANCED_FACE('',(#8488),#8480,.T.);
#8495=EDGE_CURVE('',#4309,#4311,#2841,.T.);
#8497=EDGE_CURVE('',#3755,#4309,#3052,.T.);
#8502=EDGE_CURVE('',#3758,#4315,#2849,.T.);
#8504=EDGE_CURVE('',#4314,#4315,#2854,.T.);
#8506=EDGE_CURVE('',#4311,#4314,#3024,.T.);
#8510=ADVANCED_FACE('',(#8509),#8494,.T.);
#8516=EDGE_CURVE('',#4306,#4307,#2871,.T.);
#8518=EDGE_CURVE('',#4309,#4307,#3048,.T.);
#8521=EDGE_CURVE('',#4311,#4306,#3020,.T.);
#8525=ADVANCED_FACE('',(#8524),#8515,.T.);
#8531=EDGE_CURVE('',#4322,#4325,#2858,.T.);
#8533=EDGE_CURVE('',#4322,#3763,#2862,.T.);
#8536=EDGE_CURVE('',#3754,#4307,#2866,.T.);
#8539=EDGE_CURVE('',#4325,#4306,#3016,.T.);
#8543=ADVANCED_FACE('',(#8542),#8530,.T.);
#8549=EDGE_CURVE('',#4330,#4331,#2875,.T.);
#8551=EDGE_CURVE('',#4319,#4330,#3032,.T.);
#8553=EDGE_CURVE('',#4317,#4319,#2880,.T.);
#8555=EDGE_CURVE('',#3759,#4317,#3044,.T.);
#8558=EDGE_CURVE('',#4331,#3761,#2884,.T.);
#8562=ADVANCED_FACE('',(#8561),#8548,.T.);
#8568=EDGE_CURVE('',#4322,#4323,#2900,.T.);
#8571=EDGE_CURVE('',#4325,#4327,#3012,.T.);
#8573=EDGE_CURVE('',#4327,#4323,#2888,.T.);
#8577=ADVANCED_FACE('',(#8576),#8567,.T.);
#8583=EDGE_CURVE('',#4342,#4343,#2892,.T.);
#8585=EDGE_CURVE('',#3945,#4342,#2976,.T.);
#8591=EDGE_CURVE('',#4323,#4343,#2904,.T.);
#8595=ADVANCED_FACE('',(#8594),#8582,.F.);
#8601=EDGE_CURVE('',#4338,#4339,#2916,.T.);
#8603=EDGE_CURVE('',#4338,#4342,#2908,.T.);
#8606=EDGE_CURVE('',#4343,#4339,#2912,.T.);
#8610=ADVANCED_FACE('',(#8609),#8600,.T.);
#8617=EDGE_CURVE('',#4339,#3950,#2920,.T.);
#8619=EDGE_CURVE('',#3950,#3951,#2996,.T.);
#8621=EDGE_CURVE('',#4338,#3951,#2980,.T.);
#8625=ADVANCED_FACE('',(#8624),#8615,.F.);
#8631=EDGE_CURVE('',#4350,#4333,#2936,.T.);
#8633=EDGE_CURVE('',#4346,#4350,#2952,.T.);
#8635=EDGE_CURVE('',#4346,#3955,#2924,.T.);
#8637=EDGE_CURVE('',#3955,#3950,#3000,.T.);
#8643=EDGE_CURVE('',#4327,#4335,#2928,.T.);
#8645=EDGE_CURVE('',#4333,#4335,#3008,.T.);
#8649=ADVANCED_FACE('',(#8648),#8630,.F.);
#8655=EDGE_CURVE('',#4350,#4351,#2932,.T.);
#8658=EDGE_CURVE('',#4333,#4331,#2940,.T.);
#8663=EDGE_CURVE('',#3947,#4351,#2948,.T.);
#8667=ADVANCED_FACE('',(#8666),#8654,.F.);
#8673=EDGE_CURVE('',#4346,#4347,#2960,.T.);
#8677=EDGE_CURVE('',#4351,#4347,#2956,.T.);
#8681=ADVANCED_FACE('',(#8680),#8672,.T.);
#8688=EDGE_CURVE('',#4347,#3954,#2964,.T.);
#8690=EDGE_CURVE('',#3954,#3955,#3004,.T.);
#8695=ADVANCED_FACE('',(#8694),#8686,.F.);
#8706=EDGE_CURVE('',#3766,#3778,#2984,.T.);
#8713=EDGE_CURVE('',#3954,#3951,#2992,.T.);
#8717=ADVANCED_FACE('',(#8716),#8700,.T.);
#8724=EDGE_CURVE('',#3767,#3779,#2988,.T.);
#8730=ADVANCED_FACE('',(#8729),#8722,.T.);
#8742=ADVANCED_FACE('',(#8741),#8735,.T.);
#8754=ADVANCED_FACE('',(#8753),#8747,.T.);
#8763=EDGE_CURVE('',#4335,#4330,#3036,.T.);
#8767=ADVANCED_FACE('',(#8766),#8759,.T.);
#8777=EDGE_CURVE('',#4319,#4314,#3028,.T.);
#8784=ADVANCED_FACE('',(#8783),#8772,.T.);
#8791=EDGE_CURVE('',#4317,#4315,#3040,.T.);
#8797=ADVANCED_FACE('',(#8796),#8789,.T.);
#8809=ADVANCED_FACE('',(#8808),#8802,.T.);
#8821=ADVANCED_FACE('',(#8820),#8814,.T.);
#8833=ADVANCED_FACE('',(#8832),#8826,.T.);
#8841=EDGE_CURVE('',#4712,#4713,#3070,.T.);
#8843=EDGE_CURVE('',#4717,#4713,#3105,.T.);
#8847=ADVANCED_FACE('',(#8846),#8838,.T.);
#8855=EDGE_CURVE('',#4709,#4713,#3066,.T.);
#8860=ADVANCED_FACE('',(#8859),#8852,.F.);
#8869=EDGE_CURVE('',#4589,#4578,#3079,.T.);
#8871=EDGE_CURVE('',#4578,#4579,#3083,.T.);
#8873=EDGE_CURVE('',#4579,#4581,#3087,.T.);
#8875=EDGE_CURVE('',#4581,#4583,#3091,.T.);
#8877=EDGE_CURVE('',#4583,#4585,#3096,.T.);
#8879=EDGE_CURVE('',#4585,#4587,#3100,.T.);
#8881=EDGE_CURVE('',#4593,#4587,#3143,.T.);
#8883=EDGE_CURVE('',#4597,#4593,#3157,.T.);
#8888=ADVANCED_FACE('',(#8887),#8865,.F.);
#8901=ADVANCED_FACE('',(#8900),#8893,.F.);
#8908=EDGE_CURVE('',#4564,#4578,#3117,.T.);
#8914=ADVANCED_FACE('',(#8913),#8906,.F.);
#8921=EDGE_CURVE('',#4565,#4579,#3121,.T.);
#8927=ADVANCED_FACE('',(#8926),#8919,.T.);
#8934=EDGE_CURVE('',#4567,#4581,#3125,.T.);
#8940=ADVANCED_FACE('',(#8939),#8932,.T.);
#8947=EDGE_CURVE('',#4569,#4583,#3129,.T.);
#8953=ADVANCED_FACE('',(#8952),#8945,.T.);
#8960=EDGE_CURVE('',#4571,#4585,#3133,.T.);
#8966=ADVANCED_FACE('',(#8965),#8958,.T.);
#8973=EDGE_CURVE('',#4573,#4587,#3147,.T.);
#8979=ADVANCED_FACE('',(#8978),#8971,.T.);
#8986=EDGE_CURVE('',#4592,#4593,#3161,.T.);
#8992=ADVANCED_FACE('',(#8991),#8984,.F.);
#9004=ADVANCED_FACE('',(#9003),#8997,.T.);
#9012=EDGE_CURVE('',#4628,#4631,#3205,.T.);
#9014=EDGE_CURVE('',#4609,#4628,#3282,.T.);
#9016=EDGE_CURVE('',#4607,#4609,#3165,.T.);
#9018=EDGE_CURVE('',#4605,#4607,#3170,.T.);
#9020=EDGE_CURVE('',#4603,#4605,#3174,.T.);
#9022=EDGE_CURVE('',#4601,#4603,#3178,.T.);
#9024=EDGE_CURVE('',#4600,#4601,#3182,.T.);
#9026=EDGE_CURVE('',#4611,#4600,#3187,.T.);
#9028=EDGE_CURVE('',#4463,#4611,#3191,.T.);
#9033=ADVANCED_FACE('',(#9032),#9009,.T.);
#9040=EDGE_CURVE('',#4724,#4720,#3296,.T.);
#9042=EDGE_CURVE('',#4727,#4724,#3200,.T.);
#9048=ADVANCED_FACE('',(#9047),#9038,.T.);
#9056=EDGE_CURVE('',#4633,#4629,#3210,.T.);
#9058=EDGE_CURVE('',#4628,#4629,#3214,.T.);
#9062=ADVANCED_FACE('',(#9061),#9053,.T.);
#9070=EDGE_CURVE('',#4465,#4625,#3218,.T.);
#9072=EDGE_CURVE('',#4625,#4614,#3223,.T.);
#9074=EDGE_CURVE('',#4614,#4615,#3227,.T.);
#9076=EDGE_CURVE('',#4615,#4617,#3231,.T.);
#9078=EDGE_CURVE('',#4617,#4619,#3235,.T.);
#9080=EDGE_CURVE('',#4619,#4621,#3240,.T.);
#9082=EDGE_CURVE('',#4621,#4623,#3244,.T.);
#9084=EDGE_CURVE('',#4629,#4623,#3287,.T.);
#9090=ADVANCED_FACE('',(#9089),#9067,.F.);
#9096=EDGE_CURVE('',#4729,#4725,#3249,.T.);
#9098=EDGE_CURVE('',#4721,#4725,#3301,.T.);
#9105=ADVANCED_FACE('',(#9104),#9095,.F.);
#9113=EDGE_CURVE('',#4611,#4625,#3257,.T.);
#9118=ADVANCED_FACE('',(#9117),#9110,.T.);
#9125=EDGE_CURVE('',#4600,#4614,#3261,.T.);
#9131=ADVANCED_FACE('',(#9130),#9123,.F.);
#9138=EDGE_CURVE('',#4601,#4615,#3265,.T.);
#9144=ADVANCED_FACE('',(#9143),#9136,.T.);
#9151=EDGE_CURVE('',#4603,#4617,#3269,.T.);
#9157=ADVANCED_FACE('',(#9156),#9149,.T.);
#9164=EDGE_CURVE('',#4605,#4619,#3273,.T.);
#9170=ADVANCED_FACE('',(#9169),#9162,.T.);
#9177=EDGE_CURVE('',#4607,#4621,#3277,.T.);
#9183=ADVANCED_FACE('',(#9182),#9175,.T.);
#9190=EDGE_CURVE('',#4609,#4623,#3291,.T.);
#9196=ADVANCED_FACE('',(#9195),#9188,.T.);
#9208=ADVANCED_FACE('',(#9207),#9201,.F.);
#9216=EDGE_CURVE('',#4724,#4725,#3305,.T.);
#9221=ADVANCED_FACE('',(#9220),#9213,.T.);
#9233=ADVANCED_FACE('',(#9232),#9226,.F.);
#9241=EDGE_CURVE('',#4664,#4667,#3349,.T.);
#9243=EDGE_CURVE('',#4645,#4664,#3426,.T.);
#9245=EDGE_CURVE('',#4643,#4645,#3309,.T.);
#9247=EDGE_CURVE('',#4641,#4643,#3314,.T.);
#9249=EDGE_CURVE('',#4639,#4641,#3318,.T.);
#9251=EDGE_CURVE('',#4637,#4639,#3322,.T.);
#9253=EDGE_CURVE('',#4636,#4637,#3326,.T.);
#9255=EDGE_CURVE('',#4647,#4636,#3331,.T.);
#9257=EDGE_CURVE('',#4483,#4647,#3335,.T.);
#9262=ADVANCED_FACE('',(#9261),#9238,.T.);
#9269=EDGE_CURVE('',#4736,#4732,#3440,.T.);
#9271=EDGE_CURVE('',#4739,#4736,#3344,.T.);
#9277=ADVANCED_FACE('',(#9276),#9267,.T.);
#9285=EDGE_CURVE('',#4669,#4665,#3354,.T.);
#9287=EDGE_CURVE('',#4664,#4665,#3358,.T.);
#9291=ADVANCED_FACE('',(#9290),#9282,.T.);
#9299=EDGE_CURVE('',#4485,#4661,#3362,.T.);
#9301=EDGE_CURVE('',#4661,#4650,#3367,.T.);
#9303=EDGE_CURVE('',#4650,#4651,#3371,.T.);
#9305=EDGE_CURVE('',#4651,#4653,#3375,.T.);
#9307=EDGE_CURVE('',#4653,#4655,#3379,.T.);
#9309=EDGE_CURVE('',#4655,#4657,#3384,.T.);
#9311=EDGE_CURVE('',#4657,#4659,#3388,.T.);
#9313=EDGE_CURVE('',#4665,#4659,#3431,.T.);
#9319=ADVANCED_FACE('',(#9318),#9296,.F.);
#9325=EDGE_CURVE('',#4741,#4737,#3393,.T.);
#9327=EDGE_CURVE('',#4733,#4737,#3445,.T.);
#9334=ADVANCED_FACE('',(#9333),#9324,.F.);
#9342=EDGE_CURVE('',#4647,#4661,#3401,.T.);
#9347=ADVANCED_FACE('',(#9346),#9339,.T.);
#9354=EDGE_CURVE('',#4636,#4650,#3405,.T.);
#9360=ADVANCED_FACE('',(#9359),#9352,.F.);
#9367=EDGE_CURVE('',#4637,#4651,#3409,.T.);
#9373=ADVANCED_FACE('',(#9372),#9365,.T.);
#9380=EDGE_CURVE('',#4639,#4653,#3413,.T.);
#9386=ADVANCED_FACE('',(#9385),#9378,.T.);
#9393=EDGE_CURVE('',#4641,#4655,#3417,.T.);
#9399=ADVANCED_FACE('',(#9398),#9391,.T.);
#9406=EDGE_CURVE('',#4643,#4657,#3421,.T.);
#9412=ADVANCED_FACE('',(#9411),#9404,.T.);
#9419=EDGE_CURVE('',#4645,#4659,#3435,.T.);
#9425=ADVANCED_FACE('',(#9424),#9417,.T.);
#9437=ADVANCED_FACE('',(#9436),#9430,.F.);
#9445=EDGE_CURVE('',#4736,#4737,#3449,.T.);
#9450=ADVANCED_FACE('',(#9449),#9442,.T.);
#9462=ADVANCED_FACE('',(#9461),#9455,.F.);
#9470=EDGE_CURVE('',#4700,#4703,#3493,.T.);
#9472=EDGE_CURVE('',#4681,#4700,#3570,.T.);
#9474=EDGE_CURVE('',#4679,#4681,#3453,.T.);
#9476=EDGE_CURVE('',#4677,#4679,#3458,.T.);
#9478=EDGE_CURVE('',#4675,#4677,#3462,.T.);
#9480=EDGE_CURVE('',#4673,#4675,#3466,.T.);
#9482=EDGE_CURVE('',#4672,#4673,#3470,.T.);
#9484=EDGE_CURVE('',#4683,#4672,#3475,.T.);
#9486=EDGE_CURVE('',#4503,#4683,#3479,.T.);
#9491=ADVANCED_FACE('',(#9490),#9467,.T.);
#9498=EDGE_CURVE('',#4748,#4744,#3584,.T.);
#9500=EDGE_CURVE('',#4751,#4748,#3488,.T.);
#9506=ADVANCED_FACE('',(#9505),#9496,.T.);
#9514=EDGE_CURVE('',#4705,#4701,#3498,.T.);
#9516=EDGE_CURVE('',#4700,#4701,#3502,.T.);
#9520=ADVANCED_FACE('',(#9519),#9511,.T.);
#9528=EDGE_CURVE('',#4505,#4697,#3506,.T.);
#9530=EDGE_CURVE('',#4697,#4686,#3511,.T.);
#9532=EDGE_CURVE('',#4686,#4687,#3515,.T.);
#9534=EDGE_CURVE('',#4687,#4689,#3519,.T.);
#9536=EDGE_CURVE('',#4689,#4691,#3523,.T.);
#9538=EDGE_CURVE('',#4691,#4693,#3528,.T.);
#9540=EDGE_CURVE('',#4693,#4695,#3532,.T.);
#9542=EDGE_CURVE('',#4701,#4695,#3575,.T.);
#9548=ADVANCED_FACE('',(#9547),#9525,.F.);
#9554=EDGE_CURVE('',#4753,#4749,#3537,.T.);
#9556=EDGE_CURVE('',#4745,#4749,#3589,.T.);
#9563=ADVANCED_FACE('',(#9562),#9553,.F.);
#9571=EDGE_CURVE('',#4683,#4697,#3545,.T.);
#9576=ADVANCED_FACE('',(#9575),#9568,.T.);
#9583=EDGE_CURVE('',#4672,#4686,#3549,.T.);
#9589=ADVANCED_FACE('',(#9588),#9581,.F.);
#9596=EDGE_CURVE('',#4673,#4687,#3553,.T.);
#9602=ADVANCED_FACE('',(#9601),#9594,.T.);
#9609=EDGE_CURVE('',#4675,#4689,#3557,.T.);
#9615=ADVANCED_FACE('',(#9614),#9607,.T.);
#9622=EDGE_CURVE('',#4677,#4691,#3561,.T.);
#9628=ADVANCED_FACE('',(#9627),#9620,.T.);
#9635=EDGE_CURVE('',#4679,#4693,#3565,.T.);
#9641=ADVANCED_FACE('',(#9640),#9633,.T.);
#9648=EDGE_CURVE('',#4681,#4695,#3579,.T.);
#9654=ADVANCED_FACE('',(#9653),#9646,.T.);
#9666=ADVANCED_FACE('',(#9665),#9659,.F.);
#9674=EDGE_CURVE('',#4748,#4749,#3593,.T.);
#9679=ADVANCED_FACE('',(#9678),#9671,.T.);
#9691=ADVANCED_FACE('',(#9690),#9684,.F.);
#9697=EDGE_CURVE('',#4784,#4796,#3637,.T.);
#9699=EDGE_CURVE('',#4765,#4784,#3714,.T.);
#9701=EDGE_CURVE('',#4763,#4765,#3597,.T.);
#9703=EDGE_CURVE('',#4761,#4763,#3602,.T.);
#9705=EDGE_CURVE('',#4759,#4761,#3606,.T.);
#9707=EDGE_CURVE('',#4757,#4759,#3610,.T.);
#9709=EDGE_CURVE('',#4756,#4757,#3614,.T.);
#9711=EDGE_CURVE('',#4767,#4756,#3619,.T.);
#9713=EDGE_CURVE('',#4807,#4767,#3623,.T.);
#9720=ADVANCED_FACE('',(#9719),#9696,.T.);
#9727=EDGE_CURVE('',#4792,#4788,#3728,.T.);
#9729=EDGE_CURVE('',#4819,#4792,#3632,.T.);
#9735=ADVANCED_FACE('',(#9734),#9725,.T.);
#9743=EDGE_CURVE('',#4800,#4785,#3642,.T.);
#9745=EDGE_CURVE('',#4784,#4785,#3646,.T.);
#9749=ADVANCED_FACE('',(#9748),#9740,.T.);
#9757=EDGE_CURVE('',#4809,#4781,#3650,.T.);
#9759=EDGE_CURVE('',#4781,#4770,#3655,.T.);
#9761=EDGE_CURVE('',#4770,#4771,#3659,.T.);
#9763=EDGE_CURVE('',#4771,#4773,#3663,.T.);
#9765=EDGE_CURVE('',#4773,#4775,#3667,.T.);
#9767=EDGE_CURVE('',#4775,#4777,#3672,.T.);
#9769=EDGE_CURVE('',#4777,#4779,#3676,.T.);
#9771=EDGE_CURVE('',#4785,#4779,#3719,.T.);
#9777=ADVANCED_FACE('',(#9776),#9754,.F.);
#9783=EDGE_CURVE('',#4821,#4793,#3681,.T.);
#9785=EDGE_CURVE('',#4789,#4793,#3733,.T.);
#9792=ADVANCED_FACE('',(#9791),#9782,.F.);
#9800=EDGE_CURVE('',#4767,#4781,#3689,.T.);
#9805=ADVANCED_FACE('',(#9804),#9797,.T.);
#9812=EDGE_CURVE('',#4756,#4770,#3693,.T.);
#9818=ADVANCED_FACE('',(#9817),#9810,.F.);
#9825=EDGE_CURVE('',#4757,#4771,#3697,.T.);
#9831=ADVANCED_FACE('',(#9830),#9823,.T.);
#9838=EDGE_CURVE('',#4759,#4773,#3701,.T.);
#9844=ADVANCED_FACE('',(#9843),#9836,.T.);
#9851=EDGE_CURVE('',#4761,#4775,#3705,.T.);
#9857=ADVANCED_FACE('',(#9856),#9849,.T.);
#9864=EDGE_CURVE('',#4763,#4777,#3709,.T.);
#9870=ADVANCED_FACE('',(#9869),#9862,.T.);
#9877=EDGE_CURVE('',#4765,#4779,#3723,.T.);
#9883=ADVANCED_FACE('',(#9882),#9875,.T.);
#9895=ADVANCED_FACE('',(#9894),#9888,.F.);
#9903=EDGE_CURVE('',#4792,#4793,#3737,.T.);
#9908=ADVANCED_FACE('',(#9907),#9900,.T.);
#9920=ADVANCED_FACE('',(#9919),#9913,.F.);
#9932=ADVANCED_FACE('',(#9931),#9925,.F.);
#9944=ADVANCED_FACE('',(#9943),#9937,.T.);
#9945=CLOSED_SHELL('',(#4905,#5072,#5088,#5104,#5153,#5168,#5183,#5198,#5213,
#5228,#5277,#5292,#5341,#5391,#5406,#5421,#5465,#5510,#5523,#5536,#5550,#5563,
#5575,#5589,#5604,#5617,#5631,#5679,#5694,#5709,#5724,#5739,#5754,#5803,#5816,
#5829,#5843,#5859,#5875,#5887,#5901,#5922,#5943,#5964,#5986,#6001,#6014,#6028,
#6042,#6057,#6069,#6082,#6095,#6110,#6127,#6141,#6172,#6206,#6220,#6234,#6248,
#6260,#6273,#6287,#6299,#6314,#6328,#6342,#6354,#6366,#6380,#6402,#6421,#6454,
#6469,#6513,#6555,#6574,#6607,#6621,#6635,#6662,#6685,#6711,#6739,#6755,#6768,
#6781,#6794,#6807,#6820,#6833,#6846,#6859,#6872,#6885,#6898,#6913,#6925,#6938,
#6951,#6982,#6994,#7007,#7038,#7071,#7084,#7097,#7110,#7123,#7136,#7148,#7160,
#7173,#7188,#7202,#7217,#7230,#7245,#7258,#7270,#7285,#7297,#7311,#7324,#7338,
#7350,#7362,#7376,#7390,#7403,#7416,#7431,#7446,#7458,#7471,#7483,#7495,#7508,
#7520,#7532,#7544,#7557,#7570,#7582,#7594,#7607,#7626,#7638,#7650,#7663,#7694,
#7707,#7720,#7736,#7749,#7762,#7775,#7788,#7801,#7814,#7827,#7840,#7853,#7866,
#7879,#7894,#7906,#7918,#7930,#7942,#7954,#7966,#7978,#7990,#8019,#8035,#8091,
#8120,#8136,#8150,#8178,#8194,#8207,#8220,#8233,#8246,#8259,#8272,#8285,#8297,
#8311,#8364,#8384,#8399,#8413,#8432,#8447,#8461,#8475,#8489,#8510,#8525,#8543,
#8562,#8577,#8595,#8610,#8625,#8649,#8667,#8681,#8695,#8717,#8730,#8742,#8754,
#8767,#8784,#8797,#8809,#8821,#8833,#8847,#8860,#8888,#8901,#8914,#8927,#8940,
#8953,#8966,#8979,#8992,#9004,#9033,#9048,#9062,#9090,#9105,#9118,#9131,#9144,
#9157,#9170,#9183,#9196,#9208,#9221,#9233,#9262,#9277,#9291,#9319,#9334,#9347,
#9360,#9373,#9386,#9399,#9412,#9425,#9437,#9450,#9462,#9491,#9506,#9520,#9548,
#9563,#9576,#9589,#9602,#9615,#9628,#9641,#9654,#9666,#9679,#9691,#9720,#9735,
#9749,#9777,#9792,#9805,#9818,#9831,#9844,#9857,#9870,#9883,#9895,#9908,#9920,
#9932,#9944));
#9946=MANIFOLD_SOLID_BREP('',#9945);
#9959=CIRCLE('',#9958,1.E-1);
#9972=CIRCLE('',#9971,1.5E-1);
#10017=CIRCLE('',#10016,1.5E-1);
#10030=CIRCLE('',#10029,1.E-1);
#10068=EDGE_CURVE('',#10037,#10038,#9950,.T.);
#10070=EDGE_CURVE('',#10048,#10037,#9954,.T.);
#10072=EDGE_CURVE('',#10046,#10048,#9959,.T.);
#10074=EDGE_CURVE('',#10044,#10046,#9963,.T.);
#10076=EDGE_CURVE('',#10042,#10044,#9967,.T.);
#10078=EDGE_CURVE('',#10040,#10042,#9972,.T.);
#10080=EDGE_CURVE('',#10038,#10040,#9976,.T.);
#10084=ADVANCED_FACE('',(#10083),#10067,.T.);
#10091=EDGE_CURVE('',#10038,#10052,#9984,.T.);
#10093=EDGE_CURVE('',#10051,#10052,#10008,.T.);
#10095=EDGE_CURVE('',#10037,#10051,#9980,.T.);
#10099=ADVANCED_FACE('',(#10098),#10089,.T.);
#10106=EDGE_CURVE('',#10040,#10054,#9988,.T.);
#10108=EDGE_CURVE('',#10052,#10054,#10012,.T.);
#10113=ADVANCED_FACE('',(#10112),#10104,.T.);
#10120=EDGE_CURVE('',#10042,#10056,#9992,.T.);
#10122=EDGE_CURVE('',#10054,#10056,#10017,.T.);
#10127=ADVANCED_FACE('',(#10126),#10118,.T.);
#10134=EDGE_CURVE('',#10044,#10058,#9996,.T.);
#10136=EDGE_CURVE('',#10056,#10058,#10021,.T.);
#10141=ADVANCED_FACE('',(#10140),#10132,.T.);
#10148=EDGE_CURVE('',#10046,#10060,#10000,.T.);
#10150=EDGE_CURVE('',#10058,#10060,#10025,.T.);
#10155=ADVANCED_FACE('',(#10154),#10146,.T.);
#10162=EDGE_CURVE('',#10048,#10062,#10004,.T.);
#10164=EDGE_CURVE('',#10060,#10062,#10030,.T.);
#10169=ADVANCED_FACE('',(#10168),#10160,.F.);
#10177=EDGE_CURVE('',#10062,#10051,#10034,.T.);
#10182=ADVANCED_FACE('',(#10181),#10174,.T.);
#10197=ADVANCED_FACE('',(#10196),#10187,.F.);
#10198=CLOSED_SHELL('',(#10084,#10099,#10113,#10127,#10141,#10155,#10169,#10182,
#10197));
#10199=MANIFOLD_SOLID_BREP('',#10198);
#10212=CIRCLE('',#10211,1.E-1);
#10225=CIRCLE('',#10224,1.5E-1);
#10270=CIRCLE('',#10269,1.5E-1);
#10283=CIRCLE('',#10282,1.E-1);
#10321=EDGE_CURVE('',#10290,#10291,#10203,.T.);
#10323=EDGE_CURVE('',#10301,#10290,#10207,.T.);
#10325=EDGE_CURVE('',#10299,#10301,#10212,.T.);
#10327=EDGE_CURVE('',#10297,#10299,#10216,.T.);
#10329=EDGE_CURVE('',#10295,#10297,#10220,.T.);
#10331=EDGE_CURVE('',#10293,#10295,#10225,.T.);
#10333=EDGE_CURVE('',#10291,#10293,#10229,.T.);
#10337=ADVANCED_FACE('',(#10336),#10320,.T.);
#10344=EDGE_CURVE('',#10291,#10305,#10237,.T.);
#10346=EDGE_CURVE('',#10304,#10305,#10261,.T.);
#10348=EDGE_CURVE('',#10290,#10304,#10233,.T.);
#10352=ADVANCED_FACE('',(#10351),#10342,.T.);
#10359=EDGE_CURVE('',#10293,#10307,#10241,.T.);
#10361=EDGE_CURVE('',#10305,#10307,#10265,.T.);
#10366=ADVANCED_FACE('',(#10365),#10357,.T.);
#10373=EDGE_CURVE('',#10295,#10309,#10245,.T.);
#10375=EDGE_CURVE('',#10307,#10309,#10270,.T.);
#10380=ADVANCED_FACE('',(#10379),#10371,.T.);
#10387=EDGE_CURVE('',#10297,#10311,#10249,.T.);
#10389=EDGE_CURVE('',#10309,#10311,#10274,.T.);
#10394=ADVANCED_FACE('',(#10393),#10385,.T.);
#10401=EDGE_CURVE('',#10299,#10313,#10253,.T.);
#10403=EDGE_CURVE('',#10311,#10313,#10278,.T.);
#10408=ADVANCED_FACE('',(#10407),#10399,.T.);
#10415=EDGE_CURVE('',#10301,#10315,#10257,.T.);
#10417=EDGE_CURVE('',#10313,#10315,#10283,.T.);
#10422=ADVANCED_FACE('',(#10421),#10413,.F.);
#10430=EDGE_CURVE('',#10315,#10304,#10287,.T.);
#10435=ADVANCED_FACE('',(#10434),#10427,.T.);
#10450=ADVANCED_FACE('',(#10449),#10440,.F.);
#10451=CLOSED_SHELL('',(#10337,#10352,#10366,#10380,#10394,#10408,#10422,#10435,
#10450));
#10452=MANIFOLD_SOLID_BREP('',#10451);
#10465=CIRCLE('',#10464,1.E-1);
#10478=CIRCLE('',#10477,1.5E-1);
#10523=CIRCLE('',#10522,1.5E-1);
#10536=CIRCLE('',#10535,1.E-1);
#10574=EDGE_CURVE('',#10543,#10544,#10456,.T.);
#10576=EDGE_CURVE('',#10554,#10543,#10460,.T.);
#10578=EDGE_CURVE('',#10552,#10554,#10465,.T.);
#10580=EDGE_CURVE('',#10550,#10552,#10469,.T.);
#10582=EDGE_CURVE('',#10548,#10550,#10473,.T.);
#10584=EDGE_CURVE('',#10546,#10548,#10478,.T.);
#10586=EDGE_CURVE('',#10544,#10546,#10482,.T.);
#10590=ADVANCED_FACE('',(#10589),#10573,.T.);
#10597=EDGE_CURVE('',#10544,#10558,#10490,.T.);
#10599=EDGE_CURVE('',#10557,#10558,#10514,.T.);
#10601=EDGE_CURVE('',#10543,#10557,#10486,.T.);
#10605=ADVANCED_FACE('',(#10604),#10595,.T.);
#10612=EDGE_CURVE('',#10546,#10560,#10494,.T.);
#10614=EDGE_CURVE('',#10558,#10560,#10518,.T.);
#10619=ADVANCED_FACE('',(#10618),#10610,.T.);
#10626=EDGE_CURVE('',#10548,#10562,#10498,.T.);
#10628=EDGE_CURVE('',#10560,#10562,#10523,.T.);
#10633=ADVANCED_FACE('',(#10632),#10624,.T.);
#10640=EDGE_CURVE('',#10550,#10564,#10502,.T.);
#10642=EDGE_CURVE('',#10562,#10564,#10527,.T.);
#10647=ADVANCED_FACE('',(#10646),#10638,.T.);
#10654=EDGE_CURVE('',#10552,#10566,#10506,.T.);
#10656=EDGE_CURVE('',#10564,#10566,#10531,.T.);
#10661=ADVANCED_FACE('',(#10660),#10652,.T.);
#10668=EDGE_CURVE('',#10554,#10568,#10510,.T.);
#10670=EDGE_CURVE('',#10566,#10568,#10536,.T.);
#10675=ADVANCED_FACE('',(#10674),#10666,.F.);
#10683=EDGE_CURVE('',#10568,#10557,#10540,.T.);
#10688=ADVANCED_FACE('',(#10687),#10680,.T.);
#10703=ADVANCED_FACE('',(#10702),#10693,.F.);
#10704=CLOSED_SHELL('',(#10590,#10605,#10619,#10633,#10647,#10661,#10675,#10688,
#10703));
#10705=MANIFOLD_SOLID_BREP('',#10704);
#10718=CIRCLE('',#10717,1.E-1);
#10731=CIRCLE('',#10730,1.5E-1);
#10776=CIRCLE('',#10775,1.5E-1);
#10789=CIRCLE('',#10788,1.E-1);
#10827=EDGE_CURVE('',#10796,#10797,#10709,.T.);
#10829=EDGE_CURVE('',#10807,#10796,#10713,.T.);
#10831=EDGE_CURVE('',#10805,#10807,#10718,.T.);
#10833=EDGE_CURVE('',#10803,#10805,#10722,.T.);
#10835=EDGE_CURVE('',#10801,#10803,#10726,.T.);
#10837=EDGE_CURVE('',#10799,#10801,#10731,.T.);
#10839=EDGE_CURVE('',#10797,#10799,#10735,.T.);
#10843=ADVANCED_FACE('',(#10842),#10826,.T.);
#10850=EDGE_CURVE('',#10797,#10811,#10743,.T.);
#10852=EDGE_CURVE('',#10810,#10811,#10767,.T.);
#10854=EDGE_CURVE('',#10796,#10810,#10739,.T.);
#10858=ADVANCED_FACE('',(#10857),#10848,.T.);
#10865=EDGE_CURVE('',#10799,#10813,#10747,.T.);
#10867=EDGE_CURVE('',#10811,#10813,#10771,.T.);
#10872=ADVANCED_FACE('',(#10871),#10863,.T.);
#10879=EDGE_CURVE('',#10801,#10815,#10751,.T.);
#10881=EDGE_CURVE('',#10813,#10815,#10776,.T.);
#10886=ADVANCED_FACE('',(#10885),#10877,.T.);
#10893=EDGE_CURVE('',#10803,#10817,#10755,.T.);
#10895=EDGE_CURVE('',#10815,#10817,#10780,.T.);
#10900=ADVANCED_FACE('',(#10899),#10891,.T.);
#10907=EDGE_CURVE('',#10805,#10819,#10759,.T.);
#10909=EDGE_CURVE('',#10817,#10819,#10784,.T.);
#10914=ADVANCED_FACE('',(#10913),#10905,.T.);
#10921=EDGE_CURVE('',#10807,#10821,#10763,.T.);
#10923=EDGE_CURVE('',#10819,#10821,#10789,.T.);
#10928=ADVANCED_FACE('',(#10927),#10919,.F.);
#10936=EDGE_CURVE('',#10821,#10810,#10793,.T.);
#10941=ADVANCED_FACE('',(#10940),#10933,.T.);
#10956=ADVANCED_FACE('',(#10955),#10946,.F.);
#10957=CLOSED_SHELL('',(#10843,#10858,#10872,#10886,#10900,#10914,#10928,#10941,
#10956));
#10958=MANIFOLD_SOLID_BREP('',#10957);
#10971=CIRCLE('',#10970,1.E-1);
#10984=CIRCLE('',#10983,1.5E-1);
#11029=CIRCLE('',#11028,1.5E-1);
#11042=CIRCLE('',#11041,1.E-1);
#11080=EDGE_CURVE('',#11049,#11050,#10962,.T.);
#11082=EDGE_CURVE('',#11060,#11049,#10966,.T.);
#11084=EDGE_CURVE('',#11058,#11060,#10971,.T.);
#11086=EDGE_CURVE('',#11056,#11058,#10975,.T.);
#11088=EDGE_CURVE('',#11054,#11056,#10979,.T.);
#11090=EDGE_CURVE('',#11052,#11054,#10984,.T.);
#11092=EDGE_CURVE('',#11050,#11052,#10988,.T.);
#11096=ADVANCED_FACE('',(#11095),#11079,.T.);
#11103=EDGE_CURVE('',#11050,#11064,#10996,.T.);
#11105=EDGE_CURVE('',#11063,#11064,#11020,.T.);
#11107=EDGE_CURVE('',#11049,#11063,#10992,.T.);
#11111=ADVANCED_FACE('',(#11110),#11101,.T.);
#11118=EDGE_CURVE('',#11052,#11066,#11000,.T.);
#11120=EDGE_CURVE('',#11064,#11066,#11024,.T.);
#11125=ADVANCED_FACE('',(#11124),#11116,.T.);
#11132=EDGE_CURVE('',#11054,#11068,#11004,.T.);
#11134=EDGE_CURVE('',#11066,#11068,#11029,.T.);
#11139=ADVANCED_FACE('',(#11138),#11130,.T.);
#11146=EDGE_CURVE('',#11056,#11070,#11008,.T.);
#11148=EDGE_CURVE('',#11068,#11070,#11033,.T.);
#11153=ADVANCED_FACE('',(#11152),#11144,.T.);
#11160=EDGE_CURVE('',#11058,#11072,#11012,.T.);
#11162=EDGE_CURVE('',#11070,#11072,#11037,.T.);
#11167=ADVANCED_FACE('',(#11166),#11158,.T.);
#11174=EDGE_CURVE('',#11060,#11074,#11016,.T.);
#11176=EDGE_CURVE('',#11072,#11074,#11042,.T.);
#11181=ADVANCED_FACE('',(#11180),#11172,.F.);
#11189=EDGE_CURVE('',#11074,#11063,#11046,.T.);
#11194=ADVANCED_FACE('',(#11193),#11186,.T.);
#11209=ADVANCED_FACE('',(#11208),#11199,.F.);
#11210=CLOSED_SHELL('',(#11096,#11111,#11125,#11139,#11153,#11167,#11181,#11194,
#11209));
#11211=MANIFOLD_SOLID_BREP('',#11210);
#11224=CIRCLE('',#11223,1.E-1);
#11237=CIRCLE('',#11236,1.5E-1);
#11282=CIRCLE('',#11281,1.5E-1);
#11295=CIRCLE('',#11294,1.E-1);
#11333=EDGE_CURVE('',#11302,#11303,#11215,.T.);
#11335=EDGE_CURVE('',#11313,#11302,#11219,.T.);
#11337=EDGE_CURVE('',#11311,#11313,#11224,.T.);
#11339=EDGE_CURVE('',#11309,#11311,#11228,.T.);
#11341=EDGE_CURVE('',#11307,#11309,#11232,.T.);
#11343=EDGE_CURVE('',#11305,#11307,#11237,.T.);
#11345=EDGE_CURVE('',#11303,#11305,#11241,.T.);
#11349=ADVANCED_FACE('',(#11348),#11332,.T.);
#11356=EDGE_CURVE('',#11303,#11317,#11249,.T.);
#11358=EDGE_CURVE('',#11316,#11317,#11273,.T.);
#11360=EDGE_CURVE('',#11302,#11316,#11245,.T.);
#11364=ADVANCED_FACE('',(#11363),#11354,.T.);
#11371=EDGE_CURVE('',#11305,#11319,#11253,.T.);
#11373=EDGE_CURVE('',#11317,#11319,#11277,.T.);
#11378=ADVANCED_FACE('',(#11377),#11369,.T.);
#11385=EDGE_CURVE('',#11307,#11321,#11257,.T.);
#11387=EDGE_CURVE('',#11319,#11321,#11282,.T.);
#11392=ADVANCED_FACE('',(#11391),#11383,.T.);
#11399=EDGE_CURVE('',#11309,#11323,#11261,.T.);
#11401=EDGE_CURVE('',#11321,#11323,#11286,.T.);
#11406=ADVANCED_FACE('',(#11405),#11397,.T.);
#11413=EDGE_CURVE('',#11311,#11325,#11265,.T.);
#11415=EDGE_CURVE('',#11323,#11325,#11290,.T.);
#11420=ADVANCED_FACE('',(#11419),#11411,.T.);
#11427=EDGE_CURVE('',#11313,#11327,#11269,.T.);
#11429=EDGE_CURVE('',#11325,#11327,#11295,.T.);
#11434=ADVANCED_FACE('',(#11433),#11425,.F.);
#11442=EDGE_CURVE('',#11327,#11316,#11299,.T.);
#11447=ADVANCED_FACE('',(#11446),#11439,.T.);
#11462=ADVANCED_FACE('',(#11461),#11452,.F.);
#11463=CLOSED_SHELL('',(#11349,#11364,#11378,#11392,#11406,#11420,#11434,#11447,
#11462));
#11464=MANIFOLD_SOLID_BREP('',#11463);
#11489=(LENGTH_UNIT()NAMED_UNIT(*)SI_UNIT(.MILLI.,.METRE.));
#11490=(NAMED_UNIT(*)PLANE_ANGLE_UNIT()SI_UNIT($,.RADIAN.));
#11493=(NAMED_UNIT(*)SI_UNIT($,.STERADIAN.)SOLID_ANGLE_UNIT());
#11495=(GEOMETRIC_REPRESENTATION_CONTEXT(3)GLOBAL_UNCERTAINTY_ASSIGNED_CONTEXT((
#11494))GLOBAL_UNIT_ASSIGNED_CONTEXT((#11489,#11492,#11493))REPRESENTATION_CONTEXT('ID1','3'));
#11496=ADVANCED_BREP_SHAPE_REPRESENTATION('',(#9946,#10199,#10452,#10705,#10958,
#11211,#11464),#11495);
#11503=PRODUCT_DEFINITION('part definition','',#11502,#11499);
#11504=PRODUCT_DEFINITION_SHAPE('','SHAPE FOR C-2492104-6.',#11503);
#11505=SHAPE_ASPECT('','solid data associated with C-2492104-6',#11504,.F.);
#11506=PROPERTY_DEFINITION('',
'shape for solid data with which properties are associated',#11505);
#11507=SHAPE_REPRESENTATION('',(#9946,#10199,#10452,#10705,#10958,#11211,
#11464),#11495);
#11508=SHAPE_DEFINITION_REPRESENTATION(#11506,#11507);
#11509=(LENGTH_UNIT()NAMED_UNIT(*)SI_UNIT(.MILLI.,.METRE.));
#11513=PROPERTY_DEFINITION('geometric validation property',
'area of C-2492104-6',#11505);
#11514=REPRESENTATION('surface area',(#11512),#11495);
#11515=PROPERTY_DEFINITION_REPRESENTATION(#11513,#11514);
#11516=(LENGTH_UNIT()NAMED_UNIT(*)SI_UNIT(.MILLI.,.METRE.));
#11520=PROPERTY_DEFINITION('geometric validation property',
'volume of C-2492104-6',#11505);
#11521=REPRESENTATION('volume',(#11519),#11495);
#11522=PROPERTY_DEFINITION_REPRESENTATION(#11520,#11521);
#11524=PROPERTY_DEFINITION('geometric validation property',
'centroid of C-2492104-6',#11505);
#11525=REPRESENTATION('centroid',(#11523),#11495);
#11526=PROPERTY_DEFINITION_REPRESENTATION(#11524,#11525);
#11527=(LENGTH_UNIT()NAMED_UNIT(*)SI_UNIT(.MILLI.,.METRE.));
#11531=PROPERTY_DEFINITION('geometric validation property',
'area of C-2492104-6',#11504);
#11532=REPRESENTATION('surface area',(#11530),#11495);
#11533=PROPERTY_DEFINITION_REPRESENTATION(#11531,#11532);
#11534=(LENGTH_UNIT()NAMED_UNIT(*)SI_UNIT(.MILLI.,.METRE.));
#11538=PROPERTY_DEFINITION('geometric validation property',
'volume of C-2492104-6',#11504);
#11539=REPRESENTATION('volume',(#11537),#11495);
#11540=PROPERTY_DEFINITION_REPRESENTATION(#11538,#11539);
#11542=PROPERTY_DEFINITION('geometric validation property',
'centroid of C-2492104-6',#11504);
#11543=REPRESENTATION('centroid',(#11541),#11495);
#11544=PROPERTY_DEFINITION_REPRESENTATION(#11542,#11543);
#11545=SHAPE_DEFINITION_REPRESENTATION(#11504,#11496);
ENDSEC;
END-ISO-10303-21;
