ISO-10303-21;
HEADER;
FILE_DESCRIPTION(('Open CASCADE Model'),'2;1');
FILE_NAME('Open CASCADE Shape Model','2026-08-04T12:00:31',('Author'),(
    'Open CASCADE'),'Open CASCADE STEP processor 7.5','Open CASCADE 7.5'
  ,'Unknown');
FILE_SCHEMA(('AUTOMOTIVE_DESIGN { 1 0 10303 214 1 1 1 1 }'));
ENDSEC;
DATA;
#1 = APPLICATION_PROTOCOL_DEFINITION('international standard',
  'automotive_design',2000,#2);
#2 = APPLICATION_CONTEXT(
  'core data for automotive mechanical design processes');
#3 = SHAPE_DEFINITION_REPRESENTATION(#4,#10);
#4 = PRODUCT_DEFINITION_SHAPE('','',#5);
#5 = PRODUCT_DEFINITION('design','',#6,#9);
#6 = PRODUCT_DEFINITION_FORMATION('','',#7);
#7 = PRODUCT('PCB','PCB','',(#8));
#8 = PRODUCT_CONTEXT('',#2,'mechanical');
#9 = PRODUCT_DEFINITION_CONTEXT('part definition',#2,'design');
#10 = SHAPE_REPRESENTATION('',(#11,#15,#19,#23,#27,#31,#35,#39,#43,#47,
    #51,#55,#59,#63,#67,#71,#75,#79,#83,#87,#91,#95,#99,#103,#107,#111,
    #115,#119,#123,#127,#131,#135,#139,#143),#147);
#11 = AXIS2_PLACEMENT_3D('',#12,#13,#14);
#12 = CARTESIAN_POINT('',(0.,0.,0.));
#13 = DIRECTION('',(0.,0.,1.));
#14 = DIRECTION('',(1.,0.,-0.));
#15 = AXIS2_PLACEMENT_3D('',#16,#17,#18);
#16 = CARTESIAN_POINT('',(0.,0.,0.));
#17 = DIRECTION('',(0.,0.,1.));
#18 = DIRECTION('',(1.,0.,-0.));
#19 = AXIS2_PLACEMENT_3D('',#20,#21,#22);
#20 = CARTESIAN_POINT('',(0.,0.,0.));
#21 = DIRECTION('',(0.,0.,1.));
#22 = DIRECTION('',(1.,0.,-0.));
#23 = AXIS2_PLACEMENT_3D('',#24,#25,#26);
#24 = CARTESIAN_POINT('',(0.,0.,0.));
#25 = DIRECTION('',(0.,0.,1.));
#26 = DIRECTION('',(1.,0.,-0.));
#27 = AXIS2_PLACEMENT_3D('',#28,#29,#30);
#28 = CARTESIAN_POINT('',(0.,0.,0.));
#29 = DIRECTION('',(0.,0.,1.));
#30 = DIRECTION('',(1.,0.,-0.));
#31 = AXIS2_PLACEMENT_3D('',#32,#33,#34);
#32 = CARTESIAN_POINT('',(0.,0.,0.));
#33 = DIRECTION('',(0.,0.,1.));
#34 = DIRECTION('',(1.,0.,-0.));
#35 = AXIS2_PLACEMENT_3D('',#36,#37,#38);
#36 = CARTESIAN_POINT('',(0.,0.,0.));
#37 = DIRECTION('',(0.,0.,1.));
#38 = DIRECTION('',(1.,0.,-0.));
#39 = AXIS2_PLACEMENT_3D('',#40,#41,#42);
#40 = CARTESIAN_POINT('',(0.,0.,0.));
#41 = DIRECTION('',(0.,0.,1.));
#42 = DIRECTION('',(1.,0.,-0.));
#43 = AXIS2_PLACEMENT_3D('',#44,#45,#46);
#44 = CARTESIAN_POINT('',(0.,0.,0.));
#45 = DIRECTION('',(0.,0.,1.));
#46 = DIRECTION('',(1.,0.,-0.));
#47 = AXIS2_PLACEMENT_3D('',#48,#49,#50);
#48 = CARTESIAN_POINT('',(0.,0.,0.));
#49 = DIRECTION('',(0.,0.,1.));
#50 = DIRECTION('',(1.,0.,-0.));
#51 = AXIS2_PLACEMENT_3D('',#52,#53,#54);
#52 = CARTESIAN_POINT('',(0.,0.,0.));
#53 = DIRECTION('',(0.,0.,1.));
#54 = DIRECTION('',(1.,0.,-0.));
#55 = AXIS2_PLACEMENT_3D('',#56,#57,#58);
#56 = CARTESIAN_POINT('',(0.,0.,0.));
#57 = DIRECTION('',(0.,0.,1.));
#58 = DIRECTION('',(1.,0.,-0.));
#59 = AXIS2_PLACEMENT_3D('',#60,#61,#62);
#60 = CARTESIAN_POINT('',(0.,0.,0.));
#61 = DIRECTION('',(0.,0.,1.));
#62 = DIRECTION('',(1.,0.,-0.));
#63 = AXIS2_PLACEMENT_3D('',#64,#65,#66);
#64 = CARTESIAN_POINT('',(0.,0.,0.));
#65 = DIRECTION('',(0.,0.,1.));
#66 = DIRECTION('',(1.,0.,-0.));
#67 = AXIS2_PLACEMENT_3D('',#68,#69,#70);
#68 = CARTESIAN_POINT('',(0.,0.,0.));
#69 = DIRECTION('',(0.,0.,1.));
#70 = DIRECTION('',(1.,0.,-0.));
#71 = AXIS2_PLACEMENT_3D('',#72,#73,#74);
#72 = CARTESIAN_POINT('',(0.,0.,0.));
#73 = DIRECTION('',(0.,0.,1.));
#74 = DIRECTION('',(1.,0.,-0.));
#75 = AXIS2_PLACEMENT_3D('',#76,#77,#78);
#76 = CARTESIAN_POINT('',(0.,0.,0.));
#77 = DIRECTION('',(0.,0.,1.));
#78 = DIRECTION('',(1.,0.,-0.));
#79 = AXIS2_PLACEMENT_3D('',#80,#81,#82);
#80 = CARTESIAN_POINT('',(0.,0.,0.));
#81 = DIRECTION('',(0.,0.,1.));
#82 = DIRECTION('',(1.,0.,-0.));
#83 = AXIS2_PLACEMENT_3D('',#84,#85,#86);
#84 = CARTESIAN_POINT('',(0.,0.,0.));
#85 = DIRECTION('',(0.,0.,1.));
#86 = DIRECTION('',(1.,0.,-0.));
#87 = AXIS2_PLACEMENT_3D('',#88,#89,#90);
#88 = CARTESIAN_POINT('',(0.,0.,0.));
#89 = DIRECTION('',(0.,0.,1.));
#90 = DIRECTION('',(1.,0.,-0.));
#91 = AXIS2_PLACEMENT_3D('',#92,#93,#94);
#92 = CARTESIAN_POINT('',(0.,0.,0.));
#93 = DIRECTION('',(0.,0.,1.));
#94 = DIRECTION('',(1.,0.,-0.));
#95 = AXIS2_PLACEMENT_3D('',#96,#97,#98);
#96 = CARTESIAN_POINT('',(0.,0.,0.));
#97 = DIRECTION('',(0.,0.,1.));
#98 = DIRECTION('',(1.,0.,-0.));
#99 = AXIS2_PLACEMENT_3D('',#100,#101,#102);
#100 = CARTESIAN_POINT('',(0.,0.,0.));
#101 = DIRECTION('',(0.,0.,1.));
#102 = DIRECTION('',(1.,0.,-0.));
#103 = AXIS2_PLACEMENT_3D('',#104,#105,#106);
#104 = CARTESIAN_POINT('',(0.,0.,0.));
#105 = DIRECTION('',(0.,0.,1.));
#106 = DIRECTION('',(1.,0.,-0.));
#107 = AXIS2_PLACEMENT_3D('',#108,#109,#110);
#108 = CARTESIAN_POINT('',(0.,0.,0.));
#109 = DIRECTION('',(0.,0.,1.));
#110 = DIRECTION('',(1.,0.,-0.));
#111 = AXIS2_PLACEMENT_3D('',#112,#113,#114);
#112 = CARTESIAN_POINT('',(0.,0.,0.));
#113 = DIRECTION('',(0.,0.,1.));
#114 = DIRECTION('',(1.,0.,-0.));
#115 = AXIS2_PLACEMENT_3D('',#116,#117,#118);
#116 = CARTESIAN_POINT('',(0.,0.,0.));
#117 = DIRECTION('',(0.,0.,1.));
#118 = DIRECTION('',(1.,0.,-0.));
#119 = AXIS2_PLACEMENT_3D('',#120,#121,#122);
#120 = CARTESIAN_POINT('',(0.,0.,0.));
#121 = DIRECTION('',(0.,0.,1.));
#122 = DIRECTION('',(1.,0.,-0.));
#123 = AXIS2_PLACEMENT_3D('',#124,#125,#126);
#124 = CARTESIAN_POINT('',(0.,0.,0.));
#125 = DIRECTION('',(0.,0.,1.));
#126 = DIRECTION('',(1.,0.,-0.));
#127 = AXIS2_PLACEMENT_3D('',#128,#129,#130);
#128 = CARTESIAN_POINT('',(0.,0.,0.));
#129 = DIRECTION('',(0.,0.,1.));
#130 = DIRECTION('',(1.,0.,-0.));
#131 = AXIS2_PLACEMENT_3D('',#132,#133,#134);
#132 = CARTESIAN_POINT('',(0.,0.,0.));
#133 = DIRECTION('',(0.,0.,1.));
#134 = DIRECTION('',(1.,0.,-0.));
#135 = AXIS2_PLACEMENT_3D('',#136,#137,#138);
#136 = CARTESIAN_POINT('',(0.,0.,0.));
#137 = DIRECTION('',(0.,0.,1.));
#138 = DIRECTION('',(1.,0.,-0.));
#139 = AXIS2_PLACEMENT_3D('',#140,#141,#142);
#140 = CARTESIAN_POINT('',(0.,0.,0.));
#141 = DIRECTION('',(0.,0.,1.));
#142 = DIRECTION('',(1.,0.,-0.));
#143 = AXIS2_PLACEMENT_3D('',#144,#145,#146);
#144 = CARTESIAN_POINT('',(0.,0.,0.));
#145 = DIRECTION('',(0.,0.,1.));
#146 = DIRECTION('',(1.,0.,-0.));
#147 = ( GEOMETRIC_REPRESENTATION_CONTEXT(3) 
GLOBAL_UNCERTAINTY_ASSIGNED_CONTEXT((#151)) GLOBAL_UNIT_ASSIGNED_CONTEXT
((#148,#149,#150)) REPRESENTATION_CONTEXT('Context #1',
  '3D Context with UNIT and UNCERTAINTY') );
#148 = ( LENGTH_UNIT() NAMED_UNIT(*) SI_UNIT(.MILLI.,.METRE.) );
#149 = ( NAMED_UNIT(*) PLANE_ANGLE_UNIT() SI_UNIT($,.RADIAN.) );
#150 = ( NAMED_UNIT(*) SI_UNIT($,.STERADIAN.) SOLID_ANGLE_UNIT() );
#151 = UNCERTAINTY_MEASURE_WITH_UNIT(LENGTH_MEASURE(1.E-07),#148,
  'distance_accuracy_value','confusion accuracy');
#152 = PRODUCT_RELATED_PRODUCT_CATEGORY('part',$,(#7));
#153 = SHAPE_DEFINITION_REPRESENTATION(#154,#160);
#154 = PRODUCT_DEFINITION_SHAPE('','',#155);
#155 = PRODUCT_DEFINITION('design','',#156,#159);
#156 = PRODUCT_DEFINITION_FORMATION('','',#157);
#157 = PRODUCT('Board','Board','',(#158));
#158 = PRODUCT_CONTEXT('',#2,'mechanical');
#159 = PRODUCT_DEFINITION_CONTEXT('part definition',#2,'design');
#160 = SHAPE_REPRESENTATION('',(#11,#161),#165);
#161 = AXIS2_PLACEMENT_3D('',#162,#163,#164);
#162 = CARTESIAN_POINT('',(0.,0.,-0.1870075));
#163 = DIRECTION('',(0.,0.,1.));
#164 = DIRECTION('',(1.,0.,-0.));
#165 = ( GEOMETRIC_REPRESENTATION_CONTEXT(3) 
GLOBAL_UNCERTAINTY_ASSIGNED_CONTEXT((#169)) GLOBAL_UNIT_ASSIGNED_CONTEXT
((#166,#167,#168)) REPRESENTATION_CONTEXT('Context #1',
  '3D Context with UNIT and UNCERTAINTY') );
#166 = ( LENGTH_UNIT() NAMED_UNIT(*) SI_UNIT(.MILLI.,.METRE.) );
#167 = ( NAMED_UNIT(*) PLANE_ANGLE_UNIT() SI_UNIT($,.RADIAN.) );
#168 = ( NAMED_UNIT(*) SI_UNIT($,.STERADIAN.) SOLID_ANGLE_UNIT() );
#169 = UNCERTAINTY_MEASURE_WITH_UNIT(LENGTH_MEASURE(1.E-07),#166,
  'distance_accuracy_value','confusion accuracy');
#170 = ADVANCED_BREP_SHAPE_REPRESENTATION('',(#11,#171),#1145);
#171 = MANIFOLD_SOLID_BREP('',#172);
#172 = CLOSED_SHELL('',(#173,#215,#248,#279,#312,#343,#376,#407,#440,
    #473,#504,#537,#568,#601,#632,#665,#698,#729,#762,#793,#826,#857,
    #890,#923,#954,#987,#1018,#1051,#1073,#1109));
#173 = ADVANCED_FACE('',(#174),#210,.T.);
#174 = FACE_BOUND('',#175,.T.);
#175 = EDGE_LOOP('',(#176,#186,#195,#203));
#176 = ORIENTED_EDGE('',*,*,#177,.T.);
#177 = EDGE_CURVE('',#178,#180,#182,.T.);
#178 = VERTEX_POINT('',#179);
#179 = CARTESIAN_POINT('',(-4.440892098501E-16,41.,0.));
#180 = VERTEX_POINT('',#181);
#181 = CARTESIAN_POINT('',(-4.440892098501E-16,41.,0.1870075));
#182 = LINE('',#183,#184);
#183 = CARTESIAN_POINT('',(-4.440892098501E-16,41.,0.));
#184 = VECTOR('',#185,1.);
#185 = DIRECTION('',(0.,0.,1.));
#186 = ORIENTED_EDGE('',*,*,#187,.T.);
#187 = EDGE_CURVE('',#180,#188,#190,.T.);
#188 = VERTEX_POINT('',#189);
#189 = CARTESIAN_POINT('',(2.,43.,0.1870075));
#190 = CIRCLE('',#191,2.000729601582);
#191 = AXIS2_PLACEMENT_3D('',#192,#193,#194);
#192 = CARTESIAN_POINT('',(2.000729468599,40.999270531401,0.1870075));
#193 = DIRECTION('',(0.,0.,-1.));
#194 = DIRECTION('',(-0.999999933533,3.646012926767E-04,0.));
#195 = ORIENTED_EDGE('',*,*,#196,.F.);
#196 = EDGE_CURVE('',#197,#188,#199,.T.);
#197 = VERTEX_POINT('',#198);
#198 = CARTESIAN_POINT('',(2.,43.,0.));
#199 = LINE('',#200,#201);
#200 = CARTESIAN_POINT('',(2.,43.,0.));
#201 = VECTOR('',#202,1.);
#202 = DIRECTION('',(0.,0.,1.));
#203 = ORIENTED_EDGE('',*,*,#204,.F.);
#204 = EDGE_CURVE('',#178,#197,#205,.T.);
#205 = CIRCLE('',#206,2.000729601582);
#206 = AXIS2_PLACEMENT_3D('',#207,#208,#209);
#207 = CARTESIAN_POINT('',(2.000729468599,40.999270531401,0.));
#208 = DIRECTION('',(0.,0.,-1.));
#209 = DIRECTION('',(-0.999999933533,3.646012926767E-04,0.));
#210 = CYLINDRICAL_SURFACE('',#211,2.000729601582);
#211 = AXIS2_PLACEMENT_3D('',#212,#213,#214);
#212 = CARTESIAN_POINT('',(2.000729468599,40.999270531401,0.));
#213 = DIRECTION('',(0.,0.,-1.));
#214 = DIRECTION('',(-0.999999933533,3.646012926767E-04,0.));
#215 = ADVANCED_FACE('',(#216),#243,.F.);
#216 = FACE_BOUND('',#217,.T.);
#217 = EDGE_LOOP('',(#218,#219,#228,#236));
#218 = ORIENTED_EDGE('',*,*,#196,.T.);
#219 = ORIENTED_EDGE('',*,*,#220,.T.);
#220 = EDGE_CURVE('',#188,#221,#223,.T.);
#221 = VERTEX_POINT('',#222);
#222 = CARTESIAN_POINT('',(4.25,45.25,0.1870075));
#223 = CIRCLE('',#224,2.249966738443);
#224 = AXIS2_PLACEMENT_3D('',#225,#226,#227);
#225 = CARTESIAN_POINT('',(2.000033261803,45.249966738197,0.1870075));
#226 = DIRECTION('',(0.,0.,1.));
#227 = DIRECTION('',(-1.478324190701E-05,-0.999999999891,0.));
#228 = ORIENTED_EDGE('',*,*,#229,.F.);
#229 = EDGE_CURVE('',#230,#221,#232,.T.);
#230 = VERTEX_POINT('',#231);
#231 = CARTESIAN_POINT('',(4.25,45.25,0.));
#232 = LINE('',#233,#234);
#233 = CARTESIAN_POINT('',(4.25,45.25,0.));
#234 = VECTOR('',#235,1.);
#235 = DIRECTION('',(0.,0.,1.));
#236 = ORIENTED_EDGE('',*,*,#237,.F.);
#237 = EDGE_CURVE('',#197,#230,#238,.T.);
#238 = CIRCLE('',#239,2.249966738443);
#239 = AXIS2_PLACEMENT_3D('',#240,#241,#242);
#240 = CARTESIAN_POINT('',(2.000033261803,45.249966738197,0.));
#241 = DIRECTION('',(0.,0.,1.));
#242 = DIRECTION('',(-1.478324190701E-05,-0.999999999891,0.));
#243 = CYLINDRICAL_SURFACE('',#244,2.249966738443);
#244 = AXIS2_PLACEMENT_3D('',#245,#246,#247);
#245 = CARTESIAN_POINT('',(2.000033261803,45.249966738197,0.));
#246 = DIRECTION('',(-0.,-0.,-1.));
#247 = DIRECTION('',(-1.478324190701E-05,-0.999999999891,0.));
#248 = ADVANCED_FACE('',(#249),#274,.T.);
#249 = FACE_BOUND('',#250,.T.);
#250 = EDGE_LOOP('',(#251,#252,#260,#268));
#251 = ORIENTED_EDGE('',*,*,#229,.T.);
#252 = ORIENTED_EDGE('',*,*,#253,.T.);
#253 = EDGE_CURVE('',#221,#254,#256,.T.);
#254 = VERTEX_POINT('',#255);
#255 = CARTESIAN_POINT('',(4.25,51.856,0.1870075));
#256 = LINE('',#257,#258);
#257 = CARTESIAN_POINT('',(4.25,45.25,0.1870075));
#258 = VECTOR('',#259,1.);
#259 = DIRECTION('',(0.,1.,0.));
#260 = ORIENTED_EDGE('',*,*,#261,.F.);
#261 = EDGE_CURVE('',#262,#254,#264,.T.);
#262 = VERTEX_POINT('',#263);
#263 = CARTESIAN_POINT('',(4.25,51.856,0.));
#264 = LINE('',#265,#266);
#265 = CARTESIAN_POINT('',(4.25,51.856,0.));
#266 = VECTOR('',#267,1.);
#267 = DIRECTION('',(0.,0.,1.));
#268 = ORIENTED_EDGE('',*,*,#269,.F.);
#269 = EDGE_CURVE('',#230,#262,#270,.T.);
#270 = LINE('',#271,#272);
#271 = CARTESIAN_POINT('',(4.25,45.25,0.));
#272 = VECTOR('',#273,1.);
#273 = DIRECTION('',(0.,1.,0.));
#274 = PLANE('',#275);
#275 = AXIS2_PLACEMENT_3D('',#276,#277,#278);
#276 = CARTESIAN_POINT('',(4.25,45.25,0.));
#277 = DIRECTION('',(-1.,0.,0.));
#278 = DIRECTION('',(0.,1.,0.));
#279 = ADVANCED_FACE('',(#280),#307,.F.);
#280 = FACE_BOUND('',#281,.T.);
#281 = EDGE_LOOP('',(#282,#283,#292,#300));
#282 = ORIENTED_EDGE('',*,*,#261,.T.);
#283 = ORIENTED_EDGE('',*,*,#284,.T.);
#284 = EDGE_CURVE('',#254,#285,#287,.T.);
#285 = VERTEX_POINT('',#286);
#286 = CARTESIAN_POINT('',(1.25,54.856,0.1870075));
#287 = CIRCLE('',#288,2.999386627493);
#288 = AXIS2_PLACEMENT_3D('',#289,#290,#291);
#289 = CARTESIAN_POINT('',(1.250613435237,51.856613435237,0.1870075));
#290 = DIRECTION('',(0.,0.,1.));
#291 = DIRECTION('',(0.999999979086,-2.045202281372E-04,0.));
#292 = ORIENTED_EDGE('',*,*,#293,.F.);
#293 = EDGE_CURVE('',#294,#285,#296,.T.);
#294 = VERTEX_POINT('',#295);
#295 = CARTESIAN_POINT('',(1.25,54.856,0.));
#296 = LINE('',#297,#298);
#297 = CARTESIAN_POINT('',(1.25,54.856,0.));
#298 = VECTOR('',#299,1.);
#299 = DIRECTION('',(0.,0.,1.));
#300 = ORIENTED_EDGE('',*,*,#301,.F.);
#301 = EDGE_CURVE('',#262,#294,#302,.T.);
#302 = CIRCLE('',#303,2.999386627493);
#303 = AXIS2_PLACEMENT_3D('',#304,#305,#306);
#304 = CARTESIAN_POINT('',(1.250613435237,51.856613435237,0.));
#305 = DIRECTION('',(0.,0.,1.));
#306 = DIRECTION('',(0.999999979086,-2.045202281372E-04,0.));
#307 = CYLINDRICAL_SURFACE('',#308,2.999386627493);
#308 = AXIS2_PLACEMENT_3D('',#309,#310,#311);
#309 = CARTESIAN_POINT('',(1.250613435237,51.856613435237,0.));
#310 = DIRECTION('',(-0.,-0.,-1.));
#311 = DIRECTION('',(0.999999979086,-2.045202281372E-04,0.));
#312 = ADVANCED_FACE('',(#313),#338,.T.);
#313 = FACE_BOUND('',#314,.T.);
#314 = EDGE_LOOP('',(#315,#316,#324,#332));
#315 = ORIENTED_EDGE('',*,*,#293,.T.);
#316 = ORIENTED_EDGE('',*,*,#317,.T.);
#317 = EDGE_CURVE('',#285,#318,#320,.T.);
#318 = VERTEX_POINT('',#319);
#319 = CARTESIAN_POINT('',(-4.75,54.856,0.1870075));
#320 = LINE('',#321,#322);
#321 = CARTESIAN_POINT('',(1.25,54.856,0.1870075));
#322 = VECTOR('',#323,1.);
#323 = DIRECTION('',(-1.,0.,0.));
#324 = ORIENTED_EDGE('',*,*,#325,.F.);
#325 = EDGE_CURVE('',#326,#318,#328,.T.);
#326 = VERTEX_POINT('',#327);
#327 = CARTESIAN_POINT('',(-4.75,54.856,0.));
#328 = LINE('',#329,#330);
#329 = CARTESIAN_POINT('',(-4.75,54.856,0.));
#330 = VECTOR('',#331,1.);
#331 = DIRECTION('',(0.,0.,1.));
#332 = ORIENTED_EDGE('',*,*,#333,.F.);
#333 = EDGE_CURVE('',#294,#326,#334,.T.);
#334 = LINE('',#335,#336);
#335 = CARTESIAN_POINT('',(1.25,54.856,0.));
#336 = VECTOR('',#337,1.);
#337 = DIRECTION('',(-1.,0.,0.));
#338 = PLANE('',#339);
#339 = AXIS2_PLACEMENT_3D('',#340,#341,#342);
#340 = CARTESIAN_POINT('',(1.25,54.856,0.));
#341 = DIRECTION('',(0.,-1.,0.));
#342 = DIRECTION('',(-1.,0.,0.));
#343 = ADVANCED_FACE('',(#344),#371,.T.);
#344 = FACE_BOUND('',#345,.T.);
#345 = EDGE_LOOP('',(#346,#347,#356,#364));
#346 = ORIENTED_EDGE('',*,*,#325,.T.);
#347 = ORIENTED_EDGE('',*,*,#348,.T.);
#348 = EDGE_CURVE('',#318,#349,#351,.T.);
#349 = VERTEX_POINT('',#350);
#350 = CARTESIAN_POINT('',(-7.75,57.856,0.1870075));
#351 = CIRCLE('',#352,3.001094402372);
#352 = AXIS2_PLACEMENT_3D('',#353,#354,#355);
#353 = CARTESIAN_POINT('',(-4.748905797101,57.857094202899,0.1870075));
#354 = DIRECTION('',(0.,0.,-1.));
#355 = DIRECTION('',(-3.646012926761E-04,-0.999999933533,-0.));
#356 = ORIENTED_EDGE('',*,*,#357,.F.);
#357 = EDGE_CURVE('',#358,#349,#360,.T.);
#358 = VERTEX_POINT('',#359);
#359 = CARTESIAN_POINT('',(-7.75,57.856,0.));
#360 = LINE('',#361,#362);
#361 = CARTESIAN_POINT('',(-7.75,57.856,0.));
#362 = VECTOR('',#363,1.);
#363 = DIRECTION('',(0.,0.,1.));
#364 = ORIENTED_EDGE('',*,*,#365,.F.);
#365 = EDGE_CURVE('',#326,#358,#366,.T.);
#366 = CIRCLE('',#367,3.001094402372);
#367 = AXIS2_PLACEMENT_3D('',#368,#369,#370);
#368 = CARTESIAN_POINT('',(-4.748905797101,57.857094202899,0.));
#369 = DIRECTION('',(0.,0.,-1.));
#370 = DIRECTION('',(-3.646012926761E-04,-0.999999933533,-0.));
#371 = CYLINDRICAL_SURFACE('',#372,3.001094402372);
#372 = AXIS2_PLACEMENT_3D('',#373,#374,#375);
#373 = CARTESIAN_POINT('',(-4.748905797101,57.857094202899,0.));
#374 = DIRECTION('',(0.,0.,-1.));
#375 = DIRECTION('',(-3.646012926761E-04,-0.999999933533,-0.));
#376 = ADVANCED_FACE('',(#377),#402,.T.);
#377 = FACE_BOUND('',#378,.T.);
#378 = EDGE_LOOP('',(#379,#380,#388,#396));
#379 = ORIENTED_EDGE('',*,*,#357,.T.);
#380 = ORIENTED_EDGE('',*,*,#381,.T.);
#381 = EDGE_CURVE('',#349,#382,#384,.T.);
#382 = VERTEX_POINT('',#383);
#383 = CARTESIAN_POINT('',(-7.75,74.963,0.1870075));
#384 = LINE('',#385,#386);
#385 = CARTESIAN_POINT('',(-7.75,57.856,0.1870075));
#386 = VECTOR('',#387,1.);
#387 = DIRECTION('',(0.,1.,0.));
#388 = ORIENTED_EDGE('',*,*,#389,.F.);
#389 = EDGE_CURVE('',#390,#382,#392,.T.);
#390 = VERTEX_POINT('',#391);
#391 = CARTESIAN_POINT('',(-7.75,74.963,0.));
#392 = LINE('',#393,#394);
#393 = CARTESIAN_POINT('',(-7.75,74.963,0.));
#394 = VECTOR('',#395,1.);
#395 = DIRECTION('',(0.,0.,1.));
#396 = ORIENTED_EDGE('',*,*,#397,.F.);
#397 = EDGE_CURVE('',#358,#390,#398,.T.);
#398 = LINE('',#399,#400);
#399 = CARTESIAN_POINT('',(-7.75,57.856,0.));
#400 = VECTOR('',#401,1.);
#401 = DIRECTION('',(0.,1.,0.));
#402 = PLANE('',#403);
#403 = AXIS2_PLACEMENT_3D('',#404,#405,#406);
#404 = CARTESIAN_POINT('',(-7.75,57.856,0.));
#405 = DIRECTION('',(-1.,0.,0.));
#406 = DIRECTION('',(0.,1.,0.));
#407 = ADVANCED_FACE('',(#408),#435,.F.);
#408 = FACE_BOUND('',#409,.T.);
#409 = EDGE_LOOP('',(#410,#411,#420,#428));
#410 = ORIENTED_EDGE('',*,*,#389,.T.);
#411 = ORIENTED_EDGE('',*,*,#412,.T.);
#412 = EDGE_CURVE('',#382,#413,#415,.T.);
#413 = VERTEX_POINT('',#414);
#414 = CARTESIAN_POINT('',(-9.775,78.981,0.1870075));
#415 = CIRCLE('',#416,4.998703202064);
#416 = AXIS2_PLACEMENT_3D('',#417,#418,#419);
#417 = CARTESIAN_POINT('',(-12.748703202,74.963025016413,0.1870075));
#418 = DIRECTION('',(0.,0.,1.));
#419 = DIRECTION('',(0.999999999987,-5.004580598351E-06,0.));
#420 = ORIENTED_EDGE('',*,*,#421,.F.);
#421 = EDGE_CURVE('',#422,#413,#424,.T.);
#422 = VERTEX_POINT('',#423);
#423 = CARTESIAN_POINT('',(-9.775,78.981,0.));
#424 = LINE('',#425,#426);
#425 = CARTESIAN_POINT('',(-9.775,78.981,0.));
#426 = VECTOR('',#427,1.);
#427 = DIRECTION('',(0.,0.,1.));
#428 = ORIENTED_EDGE('',*,*,#429,.F.);
#429 = EDGE_CURVE('',#390,#422,#430,.T.);
#430 = CIRCLE('',#431,4.998703202064);
#431 = AXIS2_PLACEMENT_3D('',#432,#433,#434);
#432 = CARTESIAN_POINT('',(-12.748703202,74.963025016413,0.));
#433 = DIRECTION('',(0.,0.,1.));
#434 = DIRECTION('',(0.999999999987,-5.004580598351E-06,0.));
#435 = CYLINDRICAL_SURFACE('',#436,4.998703202064);
#436 = AXIS2_PLACEMENT_3D('',#437,#438,#439);
#437 = CARTESIAN_POINT('',(-12.748703202,74.963025016413,0.));
#438 = DIRECTION('',(-0.,-0.,-1.));
#439 = DIRECTION('',(0.999999999987,-5.004580598351E-06,0.));
#440 = ADVANCED_FACE('',(#441),#468,.T.);
#441 = FACE_BOUND('',#442,.T.);
#442 = EDGE_LOOP('',(#443,#444,#453,#461));
#443 = ORIENTED_EDGE('',*,*,#421,.T.);
#444 = ORIENTED_EDGE('',*,*,#445,.T.);
#445 = EDGE_CURVE('',#413,#446,#448,.T.);
#446 = VERTEX_POINT('',#447);
#447 = CARTESIAN_POINT('',(-11.8,83.,0.1870075));
#448 = CIRCLE('',#449,5.002461070121);
#449 = AXIS2_PLACEMENT_3D('',#450,#451,#452);
#450 = CARTESIAN_POINT('',(-6.797539005272,83.000868503191,0.1870075));
#451 = DIRECTION('',(0.,0.,-1.));
#452 = DIRECTION('',(-0.595199233536,-0.803578168194,-0.));
#453 = ORIENTED_EDGE('',*,*,#454,.F.);
#454 = EDGE_CURVE('',#455,#446,#457,.T.);
#455 = VERTEX_POINT('',#456);
#456 = CARTESIAN_POINT('',(-11.8,83.,0.));
#457 = LINE('',#458,#459);
#458 = CARTESIAN_POINT('',(-11.8,83.,0.));
#459 = VECTOR('',#460,1.);
#460 = DIRECTION('',(0.,0.,1.));
#461 = ORIENTED_EDGE('',*,*,#462,.F.);
#462 = EDGE_CURVE('',#422,#455,#463,.T.);
#463 = CIRCLE('',#464,5.002461070121);
#464 = AXIS2_PLACEMENT_3D('',#465,#466,#467);
#465 = CARTESIAN_POINT('',(-6.797539005272,83.000868503191,0.));
#466 = DIRECTION('',(0.,0.,-1.));
#467 = DIRECTION('',(-0.595199233536,-0.803578168194,-0.));
#468 = CYLINDRICAL_SURFACE('',#469,5.002461070121);
#469 = AXIS2_PLACEMENT_3D('',#470,#471,#472);
#470 = CARTESIAN_POINT('',(-6.797539005272,83.000868503191,0.));
#471 = DIRECTION('',(0.,0.,-1.));
#472 = DIRECTION('',(-0.595199233536,-0.803578168194,-0.));
#473 = ADVANCED_FACE('',(#474),#499,.T.);
#474 = FACE_BOUND('',#475,.T.);
#475 = EDGE_LOOP('',(#476,#477,#485,#493));
#476 = ORIENTED_EDGE('',*,*,#454,.T.);
#477 = ORIENTED_EDGE('',*,*,#478,.T.);
#478 = EDGE_CURVE('',#446,#479,#481,.T.);
#479 = VERTEX_POINT('',#480);
#480 = CARTESIAN_POINT('',(-11.8,92.9,0.1870075));
#481 = LINE('',#482,#483);
#482 = CARTESIAN_POINT('',(-11.8,83.,0.1870075));
#483 = VECTOR('',#484,1.);
#484 = DIRECTION('',(0.,1.,0.));
#485 = ORIENTED_EDGE('',*,*,#486,.F.);
#486 = EDGE_CURVE('',#487,#479,#489,.T.);
#487 = VERTEX_POINT('',#488);
#488 = CARTESIAN_POINT('',(-11.8,92.9,0.));
#489 = LINE('',#490,#491);
#490 = CARTESIAN_POINT('',(-11.8,92.9,0.));
#491 = VECTOR('',#492,1.);
#492 = DIRECTION('',(0.,0.,1.));
#493 = ORIENTED_EDGE('',*,*,#494,.F.);
#494 = EDGE_CURVE('',#455,#487,#495,.T.);
#495 = LINE('',#496,#497);
#496 = CARTESIAN_POINT('',(-11.8,83.,0.));
#497 = VECTOR('',#498,1.);
#498 = DIRECTION('',(0.,1.,0.));
#499 = PLANE('',#500);
#500 = AXIS2_PLACEMENT_3D('',#501,#502,#503);
#501 = CARTESIAN_POINT('',(-11.8,83.,0.));
#502 = DIRECTION('',(-1.,0.,0.));
#503 = DIRECTION('',(0.,1.,0.));
#504 = ADVANCED_FACE('',(#505),#532,.T.);
#505 = FACE_BOUND('',#506,.T.);
#506 = EDGE_LOOP('',(#507,#508,#517,#525));
#507 = ORIENTED_EDGE('',*,*,#486,.T.);
#508 = ORIENTED_EDGE('',*,*,#509,.T.);
#509 = EDGE_CURVE('',#479,#510,#512,.T.);
#510 = VERTEX_POINT('',#511);
#511 = CARTESIAN_POINT('',(-11.7,93.,0.1870075));
#512 = CIRCLE('',#513,9.902862111759E-02);
#513 = AXIS2_PLACEMENT_3D('',#514,#515,#516);
#514 = CARTESIAN_POINT('',(-11.70097619047,92.900976190476,0.1870075));
#515 = DIRECTION('',(0.,0.,-1.));
#516 = DIRECTION('',(-0.999951412089,-9.857659989381E-03,-0.));
#517 = ORIENTED_EDGE('',*,*,#518,.F.);
#518 = EDGE_CURVE('',#519,#510,#521,.T.);
#519 = VERTEX_POINT('',#520);
#520 = CARTESIAN_POINT('',(-11.7,93.,0.));
#521 = LINE('',#522,#523);
#522 = CARTESIAN_POINT('',(-11.7,93.,0.));
#523 = VECTOR('',#524,1.);
#524 = DIRECTION('',(0.,0.,1.));
#525 = ORIENTED_EDGE('',*,*,#526,.F.);
#526 = EDGE_CURVE('',#487,#519,#527,.T.);
#527 = CIRCLE('',#528,9.902862111759E-02);
#528 = AXIS2_PLACEMENT_3D('',#529,#530,#531);
#529 = CARTESIAN_POINT('',(-11.70097619047,92.900976190476,0.));
#530 = DIRECTION('',(0.,0.,-1.));
#531 = DIRECTION('',(-0.999951412089,-9.857659989381E-03,-0.));
#532 = CYLINDRICAL_SURFACE('',#533,9.902862111759E-02);
#533 = AXIS2_PLACEMENT_3D('',#534,#535,#536);
#534 = CARTESIAN_POINT('',(-11.70097619047,92.900976190476,0.));
#535 = DIRECTION('',(0.,0.,-1.));
#536 = DIRECTION('',(-0.999951412089,-9.857659989381E-03,-0.));
#537 = ADVANCED_FACE('',(#538),#563,.T.);
#538 = FACE_BOUND('',#539,.T.);
#539 = EDGE_LOOP('',(#540,#541,#549,#557));
#540 = ORIENTED_EDGE('',*,*,#518,.T.);
#541 = ORIENTED_EDGE('',*,*,#542,.T.);
#542 = EDGE_CURVE('',#510,#543,#545,.T.);
#543 = VERTEX_POINT('',#544);
#544 = CARTESIAN_POINT('',(6.7,93.,0.1870075));
#545 = LINE('',#546,#547);
#546 = CARTESIAN_POINT('',(-11.7,93.,0.1870075));
#547 = VECTOR('',#548,1.);
#548 = DIRECTION('',(1.,0.,0.));
#549 = ORIENTED_EDGE('',*,*,#550,.F.);
#550 = EDGE_CURVE('',#551,#543,#553,.T.);
#551 = VERTEX_POINT('',#552);
#552 = CARTESIAN_POINT('',(6.7,93.,0.));
#553 = LINE('',#554,#555);
#554 = CARTESIAN_POINT('',(6.7,93.,0.));
#555 = VECTOR('',#556,1.);
#556 = DIRECTION('',(0.,0.,1.));
#557 = ORIENTED_EDGE('',*,*,#558,.F.);
#558 = EDGE_CURVE('',#519,#551,#559,.T.);
#559 = LINE('',#560,#561);
#560 = CARTESIAN_POINT('',(-11.7,93.,0.));
#561 = VECTOR('',#562,1.);
#562 = DIRECTION('',(1.,0.,0.));
#563 = PLANE('',#564);
#564 = AXIS2_PLACEMENT_3D('',#565,#566,#567);
#565 = CARTESIAN_POINT('',(-11.7,93.,0.));
#566 = DIRECTION('',(0.,1.,0.));
#567 = DIRECTION('',(1.,0.,0.));
#568 = ADVANCED_FACE('',(#569),#596,.T.);
#569 = FACE_BOUND('',#570,.T.);
#570 = EDGE_LOOP('',(#571,#572,#581,#589));
#571 = ORIENTED_EDGE('',*,*,#550,.T.);
#572 = ORIENTED_EDGE('',*,*,#573,.T.);
#573 = EDGE_CURVE('',#543,#574,#576,.T.);
#574 = VERTEX_POINT('',#575);
#575 = CARTESIAN_POINT('',(6.8,92.9,0.1870075));
#576 = CIRCLE('',#577,9.902862111759E-02);
#577 = AXIS2_PLACEMENT_3D('',#578,#579,#580);
#578 = CARTESIAN_POINT('',(6.700976190476,92.900976190476,0.1870075));
#579 = DIRECTION('',(0.,0.,-1.));
#580 = DIRECTION('',(-9.857659989399E-03,0.999951412089,0.));
#581 = ORIENTED_EDGE('',*,*,#582,.F.);
#582 = EDGE_CURVE('',#583,#574,#585,.T.);
#583 = VERTEX_POINT('',#584);
#584 = CARTESIAN_POINT('',(6.8,92.9,0.));
#585 = LINE('',#586,#587);
#586 = CARTESIAN_POINT('',(6.8,92.9,0.));
#587 = VECTOR('',#588,1.);
#588 = DIRECTION('',(0.,0.,1.));
#589 = ORIENTED_EDGE('',*,*,#590,.F.);
#590 = EDGE_CURVE('',#551,#583,#591,.T.);
#591 = CIRCLE('',#592,9.902862111759E-02);
#592 = AXIS2_PLACEMENT_3D('',#593,#594,#595);
#593 = CARTESIAN_POINT('',(6.700976190476,92.900976190476,0.));
#594 = DIRECTION('',(0.,0.,-1.));
#595 = DIRECTION('',(-9.857659989399E-03,0.999951412089,0.));
#596 = CYLINDRICAL_SURFACE('',#597,9.902862111759E-02);
#597 = AXIS2_PLACEMENT_3D('',#598,#599,#600);
#598 = CARTESIAN_POINT('',(6.700976190476,92.900976190476,0.));
#599 = DIRECTION('',(0.,0.,-1.));
#600 = DIRECTION('',(-9.857659989399E-03,0.999951412089,0.));
#601 = ADVANCED_FACE('',(#602),#627,.T.);
#602 = FACE_BOUND('',#603,.T.);
#603 = EDGE_LOOP('',(#604,#605,#613,#621));
#604 = ORIENTED_EDGE('',*,*,#582,.T.);
#605 = ORIENTED_EDGE('',*,*,#606,.T.);
#606 = EDGE_CURVE('',#574,#607,#609,.T.);
#607 = VERTEX_POINT('',#608);
#608 = CARTESIAN_POINT('',(6.8,83.,0.1870075));
#609 = LINE('',#610,#611);
#610 = CARTESIAN_POINT('',(6.8,92.9,0.1870075));
#611 = VECTOR('',#612,1.);
#612 = DIRECTION('',(0.,-1.,0.));
#613 = ORIENTED_EDGE('',*,*,#614,.F.);
#614 = EDGE_CURVE('',#615,#607,#617,.T.);
#615 = VERTEX_POINT('',#616);
#616 = CARTESIAN_POINT('',(6.8,83.,0.));
#617 = LINE('',#618,#619);
#618 = CARTESIAN_POINT('',(6.8,83.,0.));
#619 = VECTOR('',#620,1.);
#620 = DIRECTION('',(0.,0.,1.));
#621 = ORIENTED_EDGE('',*,*,#622,.F.);
#622 = EDGE_CURVE('',#583,#615,#623,.T.);
#623 = LINE('',#624,#625);
#624 = CARTESIAN_POINT('',(6.8,92.9,0.));
#625 = VECTOR('',#626,1.);
#626 = DIRECTION('',(0.,-1.,0.));
#627 = PLANE('',#628);
#628 = AXIS2_PLACEMENT_3D('',#629,#630,#631);
#629 = CARTESIAN_POINT('',(6.8,92.9,0.));
#630 = DIRECTION('',(1.,0.,-0.));
#631 = DIRECTION('',(0.,-1.,0.));
#632 = ADVANCED_FACE('',(#633),#660,.T.);
#633 = FACE_BOUND('',#634,.T.);
#634 = EDGE_LOOP('',(#635,#636,#645,#653));
#635 = ORIENTED_EDGE('',*,*,#614,.T.);
#636 = ORIENTED_EDGE('',*,*,#637,.T.);
#637 = EDGE_CURVE('',#607,#638,#640,.T.);
#638 = VERTEX_POINT('',#639);
#639 = CARTESIAN_POINT('',(4.775,78.981,0.1870075));
#640 = CIRCLE('',#641,5.002461070121);
#641 = AXIS2_PLACEMENT_3D('',#642,#643,#644);
#642 = CARTESIAN_POINT('',(1.797539005272,83.000868503191,0.1870075));
#643 = DIRECTION('',(0.,0.,-1.));
#644 = DIRECTION('',(0.999999984929,-1.73615182347E-04,0.));
#645 = ORIENTED_EDGE('',*,*,#646,.F.);
#646 = EDGE_CURVE('',#647,#638,#649,.T.);
#647 = VERTEX_POINT('',#648);
#648 = CARTESIAN_POINT('',(4.775,78.981,0.));
#649 = LINE('',#650,#651);
#650 = CARTESIAN_POINT('',(4.775,78.981,0.));
#651 = VECTOR('',#652,1.);
#652 = DIRECTION('',(0.,0.,1.));
#653 = ORIENTED_EDGE('',*,*,#654,.F.);
#654 = EDGE_CURVE('',#615,#647,#655,.T.);
#655 = CIRCLE('',#656,5.002461070121);
#656 = AXIS2_PLACEMENT_3D('',#657,#658,#659);
#657 = CARTESIAN_POINT('',(1.797539005272,83.000868503191,0.));
#658 = DIRECTION('',(0.,0.,-1.));
#659 = DIRECTION('',(0.999999984929,-1.73615182347E-04,0.));
#660 = CYLINDRICAL_SURFACE('',#661,5.002461070121);
#661 = AXIS2_PLACEMENT_3D('',#662,#663,#664);
#662 = CARTESIAN_POINT('',(1.797539005272,83.000868503191,0.));
#663 = DIRECTION('',(0.,0.,-1.));
#664 = DIRECTION('',(0.999999984929,-1.73615182347E-04,0.));
#665 = ADVANCED_FACE('',(#666),#693,.F.);
#666 = FACE_BOUND('',#667,.T.);
#667 = EDGE_LOOP('',(#668,#669,#678,#686));
#668 = ORIENTED_EDGE('',*,*,#646,.T.);
#669 = ORIENTED_EDGE('',*,*,#670,.T.);
#670 = EDGE_CURVE('',#638,#671,#673,.T.);
#671 = VERTEX_POINT('',#672);
#672 = CARTESIAN_POINT('',(2.75,74.963,0.1870075));
#673 = CIRCLE('',#674,4.998703202064);
#674 = AXIS2_PLACEMENT_3D('',#675,#676,#677);
#675 = CARTESIAN_POINT('',(7.748703202001,74.963025016413,0.1870075));
#676 = DIRECTION('',(0.,0.,1.));
#677 = DIRECTION('',(-0.594894932104,0.803803470854,0.));
#678 = ORIENTED_EDGE('',*,*,#679,.F.);
#679 = EDGE_CURVE('',#680,#671,#682,.T.);
#680 = VERTEX_POINT('',#681);
#681 = CARTESIAN_POINT('',(2.75,74.963,0.));
#682 = LINE('',#683,#684);
#683 = CARTESIAN_POINT('',(2.75,74.963,0.));
#684 = VECTOR('',#685,1.);
#685 = DIRECTION('',(0.,0.,1.));
#686 = ORIENTED_EDGE('',*,*,#687,.F.);
#687 = EDGE_CURVE('',#647,#680,#688,.T.);
#688 = CIRCLE('',#689,4.998703202064);
#689 = AXIS2_PLACEMENT_3D('',#690,#691,#692);
#690 = CARTESIAN_POINT('',(7.748703202001,74.963025016413,0.));
#691 = DIRECTION('',(0.,0.,1.));
#692 = DIRECTION('',(-0.594894932104,0.803803470854,0.));
#693 = CYLINDRICAL_SURFACE('',#694,4.998703202064);
#694 = AXIS2_PLACEMENT_3D('',#695,#696,#697);
#695 = CARTESIAN_POINT('',(7.748703202001,74.963025016413,0.));
#696 = DIRECTION('',(-0.,-0.,-1.));
#697 = DIRECTION('',(-0.594894932104,0.803803470854,0.));
#698 = ADVANCED_FACE('',(#699),#724,.T.);
#699 = FACE_BOUND('',#700,.T.);
#700 = EDGE_LOOP('',(#701,#702,#710,#718));
#701 = ORIENTED_EDGE('',*,*,#679,.T.);
#702 = ORIENTED_EDGE('',*,*,#703,.T.);
#703 = EDGE_CURVE('',#671,#704,#706,.T.);
#704 = VERTEX_POINT('',#705);
#705 = CARTESIAN_POINT('',(2.75,68.356,0.1870075));
#706 = LINE('',#707,#708);
#707 = CARTESIAN_POINT('',(2.75,74.963,0.1870075));
#708 = VECTOR('',#709,1.);
#709 = DIRECTION('',(0.,-1.,0.));
#710 = ORIENTED_EDGE('',*,*,#711,.F.);
#711 = EDGE_CURVE('',#712,#704,#714,.T.);
#712 = VERTEX_POINT('',#713);
#713 = CARTESIAN_POINT('',(2.75,68.356,0.));
#714 = LINE('',#715,#716);
#715 = CARTESIAN_POINT('',(2.75,68.356,0.));
#716 = VECTOR('',#717,1.);
#717 = DIRECTION('',(0.,0.,1.));
#718 = ORIENTED_EDGE('',*,*,#719,.F.);
#719 = EDGE_CURVE('',#680,#712,#720,.T.);
#720 = LINE('',#721,#722);
#721 = CARTESIAN_POINT('',(2.75,74.963,0.));
#722 = VECTOR('',#723,1.);
#723 = DIRECTION('',(0.,-1.,0.));
#724 = PLANE('',#725);
#725 = AXIS2_PLACEMENT_3D('',#726,#727,#728);
#726 = CARTESIAN_POINT('',(2.75,74.963,0.));
#727 = DIRECTION('',(1.,0.,-0.));
#728 = DIRECTION('',(0.,-1.,0.));
#729 = ADVANCED_FACE('',(#730),#757,.F.);
#730 = FACE_BOUND('',#731,.T.);
#731 = EDGE_LOOP('',(#732,#733,#742,#750));
#732 = ORIENTED_EDGE('',*,*,#711,.T.);
#733 = ORIENTED_EDGE('',*,*,#734,.T.);
#734 = EDGE_CURVE('',#704,#735,#737,.T.);
#735 = VERTEX_POINT('',#736);
#736 = CARTESIAN_POINT('',(5.75,65.356,0.1870075));
#737 = CIRCLE('',#738,3.001094402372);
#738 = AXIS2_PLACEMENT_3D('',#739,#740,#741);
#739 = CARTESIAN_POINT('',(5.751094202899,68.357094202899,0.1870075));
#740 = DIRECTION('',(0.,0.,1.));
#741 = DIRECTION('',(-0.999999933533,-3.646012926838E-04,0.));
#742 = ORIENTED_EDGE('',*,*,#743,.F.);
#743 = EDGE_CURVE('',#744,#735,#746,.T.);
#744 = VERTEX_POINT('',#745);
#745 = CARTESIAN_POINT('',(5.75,65.356,0.));
#746 = LINE('',#747,#748);
#747 = CARTESIAN_POINT('',(5.75,65.356,0.));
#748 = VECTOR('',#749,1.);
#749 = DIRECTION('',(0.,0.,1.));
#750 = ORIENTED_EDGE('',*,*,#751,.F.);
#751 = EDGE_CURVE('',#712,#744,#752,.T.);
#752 = CIRCLE('',#753,3.001094402372);
#753 = AXIS2_PLACEMENT_3D('',#754,#755,#756);
#754 = CARTESIAN_POINT('',(5.751094202899,68.357094202899,0.));
#755 = DIRECTION('',(0.,0.,1.));
#756 = DIRECTION('',(-0.999999933533,-3.646012926838E-04,0.));
#757 = CYLINDRICAL_SURFACE('',#758,3.001094402372);
#758 = AXIS2_PLACEMENT_3D('',#759,#760,#761);
#759 = CARTESIAN_POINT('',(5.751094202899,68.357094202899,0.));
#760 = DIRECTION('',(-0.,-0.,-1.));
#761 = DIRECTION('',(-0.999999933533,-3.646012926838E-04,0.));
#762 = ADVANCED_FACE('',(#763),#788,.T.);
#763 = FACE_BOUND('',#764,.T.);
#764 = EDGE_LOOP('',(#765,#766,#774,#782));
#765 = ORIENTED_EDGE('',*,*,#743,.T.);
#766 = ORIENTED_EDGE('',*,*,#767,.T.);
#767 = EDGE_CURVE('',#735,#768,#770,.T.);
#768 = VERTEX_POINT('',#769);
#769 = CARTESIAN_POINT('',(11.75,65.356,0.1870075));
#770 = LINE('',#771,#772);
#771 = CARTESIAN_POINT('',(5.75,65.356,0.1870075));
#772 = VECTOR('',#773,1.);
#773 = DIRECTION('',(1.,0.,0.));
#774 = ORIENTED_EDGE('',*,*,#775,.F.);
#775 = EDGE_CURVE('',#776,#768,#778,.T.);
#776 = VERTEX_POINT('',#777);
#777 = CARTESIAN_POINT('',(11.75,65.356,0.));
#778 = LINE('',#779,#780);
#779 = CARTESIAN_POINT('',(11.75,65.356,0.));
#780 = VECTOR('',#781,1.);
#781 = DIRECTION('',(0.,0.,1.));
#782 = ORIENTED_EDGE('',*,*,#783,.F.);
#783 = EDGE_CURVE('',#744,#776,#784,.T.);
#784 = LINE('',#785,#786);
#785 = CARTESIAN_POINT('',(5.75,65.356,0.));
#786 = VECTOR('',#787,1.);
#787 = DIRECTION('',(1.,0.,0.));
#788 = PLANE('',#789);
#789 = AXIS2_PLACEMENT_3D('',#790,#791,#792);
#790 = CARTESIAN_POINT('',(5.75,65.356,0.));
#791 = DIRECTION('',(0.,1.,0.));
#792 = DIRECTION('',(1.,0.,0.));
#793 = ADVANCED_FACE('',(#794),#821,.T.);
#794 = FACE_BOUND('',#795,.T.);
#795 = EDGE_LOOP('',(#796,#797,#806,#814));
#796 = ORIENTED_EDGE('',*,*,#775,.T.);
#797 = ORIENTED_EDGE('',*,*,#798,.T.);
#798 = EDGE_CURVE('',#768,#799,#801,.T.);
#799 = VERTEX_POINT('',#800);
#800 = CARTESIAN_POINT('',(14.75,62.356,0.1870075));
#801 = CIRCLE('',#802,2.999386627493);
#802 = AXIS2_PLACEMENT_3D('',#803,#804,#805);
#803 = CARTESIAN_POINT('',(11.750613435237,62.356613435237,0.1870075));
#804 = DIRECTION('',(0.,0.,-1.));
#805 = DIRECTION('',(-2.045202281378E-04,0.999999979086,0.));
#806 = ORIENTED_EDGE('',*,*,#807,.F.);
#807 = EDGE_CURVE('',#808,#799,#810,.T.);
#808 = VERTEX_POINT('',#809);
#809 = CARTESIAN_POINT('',(14.75,62.356,0.));
#810 = LINE('',#811,#812);
#811 = CARTESIAN_POINT('',(14.75,62.356,0.));
#812 = VECTOR('',#813,1.);
#813 = DIRECTION('',(0.,0.,1.));
#814 = ORIENTED_EDGE('',*,*,#815,.F.);
#815 = EDGE_CURVE('',#776,#808,#816,.T.);
#816 = CIRCLE('',#817,2.999386627493);
#817 = AXIS2_PLACEMENT_3D('',#818,#819,#820);
#818 = CARTESIAN_POINT('',(11.750613435237,62.356613435237,0.));
#819 = DIRECTION('',(0.,0.,-1.));
#820 = DIRECTION('',(-2.045202281378E-04,0.999999979086,0.));
#821 = CYLINDRICAL_SURFACE('',#822,2.999386627493);
#822 = AXIS2_PLACEMENT_3D('',#823,#824,#825);
#823 = CARTESIAN_POINT('',(11.750613435237,62.356613435237,0.));
#824 = DIRECTION('',(0.,0.,-1.));
#825 = DIRECTION('',(-2.045202281378E-04,0.999999979086,0.));
#826 = ADVANCED_FACE('',(#827),#852,.T.);
#827 = FACE_BOUND('',#828,.T.);
#828 = EDGE_LOOP('',(#829,#830,#838,#846));
#829 = ORIENTED_EDGE('',*,*,#807,.T.);
#830 = ORIENTED_EDGE('',*,*,#831,.T.);
#831 = EDGE_CURVE('',#799,#832,#834,.T.);
#832 = VERTEX_POINT('',#833);
#833 = CARTESIAN_POINT('',(14.75,45.25,0.1870075));
#834 = LINE('',#835,#836);
#835 = CARTESIAN_POINT('',(14.75,62.356,0.1870075));
#836 = VECTOR('',#837,1.);
#837 = DIRECTION('',(0.,-1.,0.));
#838 = ORIENTED_EDGE('',*,*,#839,.F.);
#839 = EDGE_CURVE('',#840,#832,#842,.T.);
#840 = VERTEX_POINT('',#841);
#841 = CARTESIAN_POINT('',(14.75,45.25,0.));
#842 = LINE('',#843,#844);
#843 = CARTESIAN_POINT('',(14.75,45.25,0.));
#844 = VECTOR('',#845,1.);
#845 = DIRECTION('',(0.,0.,1.));
#846 = ORIENTED_EDGE('',*,*,#847,.F.);
#847 = EDGE_CURVE('',#808,#840,#848,.T.);
#848 = LINE('',#849,#850);
#849 = CARTESIAN_POINT('',(14.75,62.356,0.));
#850 = VECTOR('',#851,1.);
#851 = DIRECTION('',(0.,-1.,0.));
#852 = PLANE('',#853);
#853 = AXIS2_PLACEMENT_3D('',#854,#855,#856);
#854 = CARTESIAN_POINT('',(14.75,62.356,0.));
#855 = DIRECTION('',(1.,0.,-0.));
#856 = DIRECTION('',(0.,-1.,0.));
#857 = ADVANCED_FACE('',(#858),#885,.F.);
#858 = FACE_BOUND('',#859,.T.);
#859 = EDGE_LOOP('',(#860,#861,#870,#878));
#860 = ORIENTED_EDGE('',*,*,#839,.T.);
#861 = ORIENTED_EDGE('',*,*,#862,.T.);
#862 = EDGE_CURVE('',#832,#863,#865,.T.);
#863 = VERTEX_POINT('',#864);
#864 = CARTESIAN_POINT('',(17.,43.,0.1870075));
#865 = CIRCLE('',#866,2.249966738443);
#866 = AXIS2_PLACEMENT_3D('',#867,#868,#869);
#867 = CARTESIAN_POINT('',(16.999966738197,45.249966738197,0.1870075));
#868 = DIRECTION('',(0.,0.,1.));
#869 = DIRECTION('',(-0.999999999891,1.47832419074E-05,0.));
#870 = ORIENTED_EDGE('',*,*,#871,.F.);
#871 = EDGE_CURVE('',#872,#863,#874,.T.);
#872 = VERTEX_POINT('',#873);
#873 = CARTESIAN_POINT('',(17.,43.,0.));
#874 = LINE('',#875,#876);
#875 = CARTESIAN_POINT('',(17.,43.,0.));
#876 = VECTOR('',#877,1.);
#877 = DIRECTION('',(0.,0.,1.));
#878 = ORIENTED_EDGE('',*,*,#879,.F.);
#879 = EDGE_CURVE('',#840,#872,#880,.T.);
#880 = CIRCLE('',#881,2.249966738443);
#881 = AXIS2_PLACEMENT_3D('',#882,#883,#884);
#882 = CARTESIAN_POINT('',(16.999966738197,45.249966738197,0.));
#883 = DIRECTION('',(0.,0.,1.));
#884 = DIRECTION('',(-0.999999999891,1.47832419074E-05,0.));
#885 = CYLINDRICAL_SURFACE('',#886,2.249966738443);
#886 = AXIS2_PLACEMENT_3D('',#887,#888,#889);
#887 = CARTESIAN_POINT('',(16.999966738197,45.249966738197,0.));
#888 = DIRECTION('',(-0.,-0.,-1.));
#889 = DIRECTION('',(-0.999999999891,1.47832419074E-05,0.));
#890 = ADVANCED_FACE('',(#891),#918,.T.);
#891 = FACE_BOUND('',#892,.T.);
#892 = EDGE_LOOP('',(#893,#894,#903,#911));
#893 = ORIENTED_EDGE('',*,*,#871,.T.);
#894 = ORIENTED_EDGE('',*,*,#895,.T.);
#895 = EDGE_CURVE('',#863,#896,#898,.T.);
#896 = VERTEX_POINT('',#897);
#897 = CARTESIAN_POINT('',(19.,41.,0.1870075));
#898 = CIRCLE('',#899,2.000729601582);
#899 = AXIS2_PLACEMENT_3D('',#900,#901,#902);
#900 = CARTESIAN_POINT('',(16.999270531401,40.999270531401,0.1870075));
#901 = DIRECTION('',(0.,0.,-1.));
#902 = DIRECTION('',(3.646012926749E-04,0.999999933533,0.));
#903 = ORIENTED_EDGE('',*,*,#904,.F.);
#904 = EDGE_CURVE('',#905,#896,#907,.T.);
#905 = VERTEX_POINT('',#906);
#906 = CARTESIAN_POINT('',(19.,41.,0.));
#907 = LINE('',#908,#909);
#908 = CARTESIAN_POINT('',(19.,41.,0.));
#909 = VECTOR('',#910,1.);
#910 = DIRECTION('',(0.,0.,1.));
#911 = ORIENTED_EDGE('',*,*,#912,.F.);
#912 = EDGE_CURVE('',#872,#905,#913,.T.);
#913 = CIRCLE('',#914,2.000729601582);
#914 = AXIS2_PLACEMENT_3D('',#915,#916,#917);
#915 = CARTESIAN_POINT('',(16.999270531401,40.999270531401,0.));
#916 = DIRECTION('',(0.,0.,-1.));
#917 = DIRECTION('',(3.646012926749E-04,0.999999933533,0.));
#918 = CYLINDRICAL_SURFACE('',#919,2.000729601582);
#919 = AXIS2_PLACEMENT_3D('',#920,#921,#922);
#920 = CARTESIAN_POINT('',(16.999270531401,40.999270531401,0.));
#921 = DIRECTION('',(0.,0.,-1.));
#922 = DIRECTION('',(3.646012926749E-04,0.999999933533,0.));
#923 = ADVANCED_FACE('',(#924),#949,.T.);
#924 = FACE_BOUND('',#925,.T.);
#925 = EDGE_LOOP('',(#926,#927,#935,#943));
#926 = ORIENTED_EDGE('',*,*,#904,.T.);
#927 = ORIENTED_EDGE('',*,*,#928,.T.);
#928 = EDGE_CURVE('',#896,#929,#931,.T.);
#929 = VERTEX_POINT('',#930);
#930 = CARTESIAN_POINT('',(19.,2.,0.1870075));
#931 = LINE('',#932,#933);
#932 = CARTESIAN_POINT('',(19.,41.,0.1870075));
#933 = VECTOR('',#934,1.);
#934 = DIRECTION('',(0.,-1.,0.));
#935 = ORIENTED_EDGE('',*,*,#936,.F.);
#936 = EDGE_CURVE('',#937,#929,#939,.T.);
#937 = VERTEX_POINT('',#938);
#938 = CARTESIAN_POINT('',(19.,2.,0.));
#939 = LINE('',#940,#941);
#940 = CARTESIAN_POINT('',(19.,2.,0.));
#941 = VECTOR('',#942,1.);
#942 = DIRECTION('',(0.,0.,1.));
#943 = ORIENTED_EDGE('',*,*,#944,.F.);
#944 = EDGE_CURVE('',#905,#937,#945,.T.);
#945 = LINE('',#946,#947);
#946 = CARTESIAN_POINT('',(19.,41.,0.));
#947 = VECTOR('',#948,1.);
#948 = DIRECTION('',(0.,-1.,0.));
#949 = PLANE('',#950);
#950 = AXIS2_PLACEMENT_3D('',#951,#952,#953);
#951 = CARTESIAN_POINT('',(19.,41.,0.));
#952 = DIRECTION('',(1.,0.,-0.));
#953 = DIRECTION('',(0.,-1.,0.));
#954 = ADVANCED_FACE('',(#955),#982,.T.);
#955 = FACE_BOUND('',#956,.T.);
#956 = EDGE_LOOP('',(#957,#958,#967,#975));
#957 = ORIENTED_EDGE('',*,*,#936,.T.);
#958 = ORIENTED_EDGE('',*,*,#959,.T.);
#959 = EDGE_CURVE('',#929,#960,#962,.T.);
#960 = VERTEX_POINT('',#961);
#961 = CARTESIAN_POINT('',(17.,-6.661338147751E-16,0.1870075));
#962 = CIRCLE('',#963,2.000729601582);
#963 = AXIS2_PLACEMENT_3D('',#964,#965,#966);
#964 = CARTESIAN_POINT('',(16.999270531401,2.000729468599,0.1870075));
#965 = DIRECTION('',(0.,0.,-1.));
#966 = DIRECTION('',(0.999999933533,-3.646012926758E-04,0.));
#967 = ORIENTED_EDGE('',*,*,#968,.F.);
#968 = EDGE_CURVE('',#969,#960,#971,.T.);
#969 = VERTEX_POINT('',#970);
#970 = CARTESIAN_POINT('',(17.,-6.661338147751E-16,0.));
#971 = LINE('',#972,#973);
#972 = CARTESIAN_POINT('',(17.,-6.661338147751E-16,0.));
#973 = VECTOR('',#974,1.);
#974 = DIRECTION('',(0.,0.,1.));
#975 = ORIENTED_EDGE('',*,*,#976,.F.);
#976 = EDGE_CURVE('',#937,#969,#977,.T.);
#977 = CIRCLE('',#978,2.000729601582);
#978 = AXIS2_PLACEMENT_3D('',#979,#980,#981);
#979 = CARTESIAN_POINT('',(16.999270531401,2.000729468599,0.));
#980 = DIRECTION('',(0.,0.,-1.));
#981 = DIRECTION('',(0.999999933533,-3.646012926758E-04,0.));
#982 = CYLINDRICAL_SURFACE('',#983,2.000729601582);
#983 = AXIS2_PLACEMENT_3D('',#984,#985,#986);
#984 = CARTESIAN_POINT('',(16.999270531401,2.000729468599,0.));
#985 = DIRECTION('',(0.,0.,-1.));
#986 = DIRECTION('',(0.999999933533,-3.646012926758E-04,0.));
#987 = ADVANCED_FACE('',(#988),#1013,.T.);
#988 = FACE_BOUND('',#989,.T.);
#989 = EDGE_LOOP('',(#990,#991,#999,#1007));
#990 = ORIENTED_EDGE('',*,*,#968,.T.);
#991 = ORIENTED_EDGE('',*,*,#992,.T.);
#992 = EDGE_CURVE('',#960,#993,#995,.T.);
#993 = VERTEX_POINT('',#994);
#994 = CARTESIAN_POINT('',(2.,-2.22044604925E-16,0.1870075));
#995 = LINE('',#996,#997);
#996 = CARTESIAN_POINT('',(17.,0.,0.1870075));
#997 = VECTOR('',#998,1.);
#998 = DIRECTION('',(-1.,0.,0.));
#999 = ORIENTED_EDGE('',*,*,#1000,.F.);
#1000 = EDGE_CURVE('',#1001,#993,#1003,.T.);
#1001 = VERTEX_POINT('',#1002);
#1002 = CARTESIAN_POINT('',(2.,-2.22044604925E-16,0.));
#1003 = LINE('',#1004,#1005);
#1004 = CARTESIAN_POINT('',(2.,-2.22044604925E-16,0.));
#1005 = VECTOR('',#1006,1.);
#1006 = DIRECTION('',(0.,0.,1.));
#1007 = ORIENTED_EDGE('',*,*,#1008,.F.);
#1008 = EDGE_CURVE('',#969,#1001,#1009,.T.);
#1009 = LINE('',#1010,#1011);
#1010 = CARTESIAN_POINT('',(17.,0.,0.));
#1011 = VECTOR('',#1012,1.);
#1012 = DIRECTION('',(-1.,0.,0.));
#1013 = PLANE('',#1014);
#1014 = AXIS2_PLACEMENT_3D('',#1015,#1016,#1017);
#1015 = CARTESIAN_POINT('',(17.,0.,0.));
#1016 = DIRECTION('',(0.,-1.,0.));
#1017 = DIRECTION('',(-1.,0.,0.));
#1018 = ADVANCED_FACE('',(#1019),#1046,.T.);
#1019 = FACE_BOUND('',#1020,.T.);
#1020 = EDGE_LOOP('',(#1021,#1022,#1031,#1039));
#1021 = ORIENTED_EDGE('',*,*,#1000,.T.);
#1022 = ORIENTED_EDGE('',*,*,#1023,.T.);
#1023 = EDGE_CURVE('',#993,#1024,#1026,.T.);
#1024 = VERTEX_POINT('',#1025);
#1025 = CARTESIAN_POINT('',(-4.44089211957E-16,2.,0.1870075));
#1026 = CIRCLE('',#1027,2.000729601582);
#1027 = AXIS2_PLACEMENT_3D('',#1028,#1029,#1030);
#1028 = CARTESIAN_POINT('',(2.000729468599,2.000729468599,0.1870075));
#1029 = DIRECTION('',(0.,0.,-1.));
#1030 = DIRECTION('',(-3.646012926771E-04,-0.999999933533,-0.));
#1031 = ORIENTED_EDGE('',*,*,#1032,.F.);
#1032 = EDGE_CURVE('',#1033,#1024,#1035,.T.);
#1033 = VERTEX_POINT('',#1034);
#1034 = CARTESIAN_POINT('',(-4.44089211957E-16,2.,0.));
#1035 = LINE('',#1036,#1037);
#1036 = CARTESIAN_POINT('',(-4.44089211957E-16,2.,0.));
#1037 = VECTOR('',#1038,1.);
#1038 = DIRECTION('',(0.,0.,1.));
#1039 = ORIENTED_EDGE('',*,*,#1040,.F.);
#1040 = EDGE_CURVE('',#1001,#1033,#1041,.T.);
#1041 = CIRCLE('',#1042,2.000729601582);
#1042 = AXIS2_PLACEMENT_3D('',#1043,#1044,#1045);
#1043 = CARTESIAN_POINT('',(2.000729468599,2.000729468599,0.));
#1044 = DIRECTION('',(0.,0.,-1.));
#1045 = DIRECTION('',(-3.646012926771E-04,-0.999999933533,-0.));
#1046 = CYLINDRICAL_SURFACE('',#1047,2.000729601582);
#1047 = AXIS2_PLACEMENT_3D('',#1048,#1049,#1050);
#1048 = CARTESIAN_POINT('',(2.000729468599,2.000729468599,0.));
#1049 = DIRECTION('',(0.,0.,-1.));
#1050 = DIRECTION('',(-3.646012926771E-04,-0.999999933533,-0.));
#1051 = ADVANCED_FACE('',(#1052),#1068,.T.);
#1052 = FACE_BOUND('',#1053,.T.);
#1053 = EDGE_LOOP('',(#1054,#1055,#1061,#1062));
#1054 = ORIENTED_EDGE('',*,*,#1032,.T.);
#1055 = ORIENTED_EDGE('',*,*,#1056,.T.);
#1056 = EDGE_CURVE('',#1024,#180,#1057,.T.);
#1057 = LINE('',#1058,#1059);
#1058 = CARTESIAN_POINT('',(0.,2.,0.1870075));
#1059 = VECTOR('',#1060,1.);
#1060 = DIRECTION('',(0.,1.,0.));
#1061 = ORIENTED_EDGE('',*,*,#177,.F.);
#1062 = ORIENTED_EDGE('',*,*,#1063,.F.);
#1063 = EDGE_CURVE('',#1033,#178,#1064,.T.);
#1064 = LINE('',#1065,#1066);
#1065 = CARTESIAN_POINT('',(0.,2.,0.));
#1066 = VECTOR('',#1067,1.);
#1067 = DIRECTION('',(0.,1.,0.));
#1068 = PLANE('',#1069);
#1069 = AXIS2_PLACEMENT_3D('',#1070,#1071,#1072);
#1070 = CARTESIAN_POINT('',(0.,2.,0.));
#1071 = DIRECTION('',(-1.,0.,0.));
#1072 = DIRECTION('',(0.,1.,0.));
#1073 = ADVANCED_FACE('',(#1074),#1104,.T.);
#1074 = FACE_BOUND('',#1075,.T.);
#1075 = EDGE_LOOP('',(#1076,#1077,#1078,#1079,#1080,#1081,#1082,#1083,
    #1084,#1085,#1086,#1087,#1088,#1089,#1090,#1091,#1092,#1093,#1094,
    #1095,#1096,#1097,#1098,#1099,#1100,#1101,#1102,#1103));
#1076 = ORIENTED_EDGE('',*,*,#204,.T.);
#1077 = ORIENTED_EDGE('',*,*,#237,.T.);
#1078 = ORIENTED_EDGE('',*,*,#269,.T.);
#1079 = ORIENTED_EDGE('',*,*,#301,.T.);
#1080 = ORIENTED_EDGE('',*,*,#333,.T.);
#1081 = ORIENTED_EDGE('',*,*,#365,.T.);
#1082 = ORIENTED_EDGE('',*,*,#397,.T.);
#1083 = ORIENTED_EDGE('',*,*,#429,.T.);
#1084 = ORIENTED_EDGE('',*,*,#462,.T.);
#1085 = ORIENTED_EDGE('',*,*,#494,.T.);
#1086 = ORIENTED_EDGE('',*,*,#526,.T.);
#1087 = ORIENTED_EDGE('',*,*,#558,.T.);
#1088 = ORIENTED_EDGE('',*,*,#590,.T.);
#1089 = ORIENTED_EDGE('',*,*,#622,.T.);
#1090 = ORIENTED_EDGE('',*,*,#654,.T.);
#1091 = ORIENTED_EDGE('',*,*,#687,.T.);
#1092 = ORIENTED_EDGE('',*,*,#719,.T.);
#1093 = ORIENTED_EDGE('',*,*,#751,.T.);
#1094 = ORIENTED_EDGE('',*,*,#783,.T.);
#1095 = ORIENTED_EDGE('',*,*,#815,.T.);
#1096 = ORIENTED_EDGE('',*,*,#847,.T.);
#1097 = ORIENTED_EDGE('',*,*,#879,.T.);
#1098 = ORIENTED_EDGE('',*,*,#912,.T.);
#1099 = ORIENTED_EDGE('',*,*,#944,.T.);
#1100 = ORIENTED_EDGE('',*,*,#976,.T.);
#1101 = ORIENTED_EDGE('',*,*,#1008,.T.);
#1102 = ORIENTED_EDGE('',*,*,#1040,.T.);
#1103 = ORIENTED_EDGE('',*,*,#1063,.T.);
#1104 = PLANE('',#1105);
#1105 = AXIS2_PLACEMENT_3D('',#1106,#1107,#1108);
#1106 = CARTESIAN_POINT('',(4.840281155404,48.0361348963,0.));
#1107 = DIRECTION('',(-0.,-0.,-1.));
#1108 = DIRECTION('',(-1.,0.,0.));
#1109 = ADVANCED_FACE('',(#1110),#1140,.F.);
#1110 = FACE_BOUND('',#1111,.F.);
#1111 = EDGE_LOOP('',(#1112,#1113,#1114,#1115,#1116,#1117,#1118,#1119,
    #1120,#1121,#1122,#1123,#1124,#1125,#1126,#1127,#1128,#1129,#1130,
    #1131,#1132,#1133,#1134,#1135,#1136,#1137,#1138,#1139));
#1112 = ORIENTED_EDGE('',*,*,#187,.T.);
#1113 = ORIENTED_EDGE('',*,*,#220,.T.);
#1114 = ORIENTED_EDGE('',*,*,#253,.T.);
#1115 = ORIENTED_EDGE('',*,*,#284,.T.);
#1116 = ORIENTED_EDGE('',*,*,#317,.T.);
#1117 = ORIENTED_EDGE('',*,*,#348,.T.);
#1118 = ORIENTED_EDGE('',*,*,#381,.T.);
#1119 = ORIENTED_EDGE('',*,*,#412,.T.);
#1120 = ORIENTED_EDGE('',*,*,#445,.T.);
#1121 = ORIENTED_EDGE('',*,*,#478,.T.);
#1122 = ORIENTED_EDGE('',*,*,#509,.T.);
#1123 = ORIENTED_EDGE('',*,*,#542,.T.);
#1124 = ORIENTED_EDGE('',*,*,#573,.T.);
#1125 = ORIENTED_EDGE('',*,*,#606,.T.);
#1126 = ORIENTED_EDGE('',*,*,#637,.T.);
#1127 = ORIENTED_EDGE('',*,*,#670,.T.);
#1128 = ORIENTED_EDGE('',*,*,#703,.T.);
#1129 = ORIENTED_EDGE('',*,*,#734,.T.);
#1130 = ORIENTED_EDGE('',*,*,#767,.T.);
#1131 = ORIENTED_EDGE('',*,*,#798,.T.);
#1132 = ORIENTED_EDGE('',*,*,#831,.T.);
#1133 = ORIENTED_EDGE('',*,*,#862,.T.);
#1134 = ORIENTED_EDGE('',*,*,#895,.T.);
#1135 = ORIENTED_EDGE('',*,*,#928,.T.);
#1136 = ORIENTED_EDGE('',*,*,#959,.T.);
#1137 = ORIENTED_EDGE('',*,*,#992,.T.);
#1138 = ORIENTED_EDGE('',*,*,#1023,.T.);
#1139 = ORIENTED_EDGE('',*,*,#1056,.T.);
#1140 = PLANE('',#1141);
#1141 = AXIS2_PLACEMENT_3D('',#1142,#1143,#1144);
#1142 = CARTESIAN_POINT('',(4.840281155404,48.0361348963,0.1870075));
#1143 = DIRECTION('',(-0.,-0.,-1.));
#1144 = DIRECTION('',(-1.,0.,0.));
#1145 = ( GEOMETRIC_REPRESENTATION_CONTEXT(3) 
GLOBAL_UNCERTAINTY_ASSIGNED_CONTEXT((#1149)) 
GLOBAL_UNIT_ASSIGNED_CONTEXT((#1146,#1147,#1148)) REPRESENTATION_CONTEXT
('Context #1','3D Context with UNIT and UNCERTAINTY') );
#1146 = ( LENGTH_UNIT() NAMED_UNIT(*) SI_UNIT(.MILLI.,.METRE.) );
#1147 = ( NAMED_UNIT(*) PLANE_ANGLE_UNIT() SI_UNIT($,.RADIAN.) );
#1148 = ( NAMED_UNIT(*) SI_UNIT($,.STERADIAN.) SOLID_ANGLE_UNIT() );
#1149 = UNCERTAINTY_MEASURE_WITH_UNIT(LENGTH_MEASURE(1.E-07),#1146,
  'distance_accuracy_value','confusion accuracy');
#1150 = SHAPE_DEFINITION_REPRESENTATION(#1151,#170);
#1151 = PRODUCT_DEFINITION_SHAPE('','',#1152);
#1152 = PRODUCT_DEFINITION('design','',#1153,#1156);
#1153 = PRODUCT_DEFINITION_FORMATION('','',#1154);
#1154 = PRODUCT('Open CASCADE STEP translator 7.5 3.1.1',
  'Open CASCADE STEP translator 7.5 3.1.1','',(#1155));
#1155 = PRODUCT_CONTEXT('',#2,'mechanical');
#1156 = PRODUCT_DEFINITION_CONTEXT('part definition',#2,'design');
#1157 = CONTEXT_DEPENDENT_SHAPE_REPRESENTATION(#1158,#1160);
#1158 = ( REPRESENTATION_RELATIONSHIP('','',#170,#160) 
REPRESENTATION_RELATIONSHIP_WITH_TRANSFORMATION(#1159) 
SHAPE_REPRESENTATION_RELATIONSHIP() );
#1159 = ITEM_DEFINED_TRANSFORMATION('','',#11,#161);
#1160 = PRODUCT_DEFINITION_SHAPE('Placement','Placement of an item',
  #1161);
#1161 = NEXT_ASSEMBLY_USAGE_OCCURRENCE('76','','',#155,#1152,$);
#1162 = PRODUCT_RELATED_PRODUCT_CATEGORY('part',$,(#1154));
#1163 = CONTEXT_DEPENDENT_SHAPE_REPRESENTATION(#1164,#1166);
#1164 = ( REPRESENTATION_RELATIONSHIP('','',#160,#10) 
REPRESENTATION_RELATIONSHIP_WITH_TRANSFORMATION(#1165) 
SHAPE_REPRESENTATION_RELATIONSHIP() );
#1165 = ITEM_DEFINED_TRANSFORMATION('','',#11,#15);
#1166 = PRODUCT_DEFINITION_SHAPE('Placement','Placement of an item',
  #1167);
#1167 = NEXT_ASSEMBLY_USAGE_OCCURRENCE('77','','',#5,#155,$);
#1168 = PRODUCT_RELATED_PRODUCT_CATEGORY('part',$,(#157));
#1169 = SHAPE_DEFINITION_REPRESENTATION(#1170,#1176);
#1170 = PRODUCT_DEFINITION_SHAPE('','',#1171);
#1171 = PRODUCT_DEFINITION('design','',#1172,#1175);
#1172 = PRODUCT_DEFINITION_FORMATION('','',#1173);
#1173 = PRODUCT('E32','E32','',(#1174));
#1174 = PRODUCT_CONTEXT('',#2,'mechanical');
#1175 = PRODUCT_DEFINITION_CONTEXT('part definition',#2,'design');
#1176 = SHAPE_REPRESENTATION('',(#11,#1177),#1181);
#1177 = AXIS2_PLACEMENT_3D('',#1178,#1179,#1180);
#1178 = CARTESIAN_POINT('',(17.000002718828,34.250008856719,0.));
#1179 = DIRECTION('',(0.,0.,1.));
#1180 = DIRECTION('',(-4.371138828674E-08,1.,0.));
#1181 = ( GEOMETRIC_REPRESENTATION_CONTEXT(3) 
GLOBAL_UNCERTAINTY_ASSIGNED_CONTEXT((#1185)) 
GLOBAL_UNIT_ASSIGNED_CONTEXT((#1182,#1183,#1184)) REPRESENTATION_CONTEXT
('Context #1','3D Context with UNIT and UNCERTAINTY') );
#1182 = ( LENGTH_UNIT() NAMED_UNIT(*) SI_UNIT(.MILLI.,.METRE.) );
#1183 = ( NAMED_UNIT(*) PLANE_ANGLE_UNIT() SI_UNIT($,.RADIAN.) );
#1184 = ( NAMED_UNIT(*) SI_UNIT($,.STERADIAN.) SOLID_ANGLE_UNIT() );
#1185 = UNCERTAINTY_MEASURE_WITH_UNIT(LENGTH_MEASURE(1.E-07),#1182,
  'distance_accuracy_value','confusion accuracy');
#1186 = SHAPE_REPRESENTATION('',(#11,#1187,#1275,#1363,#1451,#1539,#1627
    ,#1715,#1803,#1891,#1979,#2067,#2155,#2243,#2331,#2419,#2507,#2595,
    #2683,#2771,#2859,#2947),#3035);
#1187 = MANIFOLD_SOLID_BREP('',#1188);
#1188 = CLOSED_SHELL('',(#1189,#1231,#1255,#1265));
#1189 = ADVANCED_FACE('',(#1190),#1226,.T.);
#1190 = FACE_BOUND('',#1191,.T.);
#1191 = EDGE_LOOP('',(#1192,#1203,#1211,#1220));
#1192 = ORIENTED_EDGE('',*,*,#1193,.F.);
#1193 = EDGE_CURVE('',#1194,#1196,#1198,.T.);
#1194 = VERTEX_POINT('',#1195);
#1195 = CARTESIAN_POINT('',(2.5E-02,3.061616997868E-18,0.4));
#1196 = VERTEX_POINT('',#1197);
#1197 = CARTESIAN_POINT('',(-2.5E-02,0.,0.4));
#1198 = CIRCLE('',#1199,2.5E-02);
#1199 = AXIS2_PLACEMENT_3D('',#1200,#1201,#1202);
#1200 = CARTESIAN_POINT('',(0.,0.,0.4));
#1201 = DIRECTION('',(0.,0.,1.));
#1202 = DIRECTION('',(1.,0.,-0.));
#1203 = ORIENTED_EDGE('',*,*,#1204,.T.);
#1204 = EDGE_CURVE('',#1194,#1205,#1207,.T.);
#1205 = VERTEX_POINT('',#1206);
#1206 = CARTESIAN_POINT('',(2.5E-02,3.061616997868E-18,0.));
#1207 = LINE('',#1208,#1209);
#1208 = CARTESIAN_POINT('',(2.5E-02,3.061616997868E-18,0.4));
#1209 = VECTOR('',#1210,1.);
#1210 = DIRECTION('',(-0.,-0.,-1.));
#1211 = ORIENTED_EDGE('',*,*,#1212,.T.);
#1212 = EDGE_CURVE('',#1205,#1213,#1215,.T.);
#1213 = VERTEX_POINT('',#1214);
#1214 = CARTESIAN_POINT('',(-2.5E-02,0.,0.));
#1215 = CIRCLE('',#1216,2.5E-02);
#1216 = AXIS2_PLACEMENT_3D('',#1217,#1218,#1219);
#1217 = CARTESIAN_POINT('',(0.,0.,0.));
#1218 = DIRECTION('',(0.,0.,1.));
#1219 = DIRECTION('',(1.,0.,-0.));
#1220 = ORIENTED_EDGE('',*,*,#1221,.F.);
#1221 = EDGE_CURVE('',#1196,#1213,#1222,.T.);
#1222 = LINE('',#1223,#1224);
#1223 = CARTESIAN_POINT('',(-2.5E-02,0.,0.4));
#1224 = VECTOR('',#1225,1.);
#1225 = DIRECTION('',(-0.,-0.,-1.));
#1226 = CYLINDRICAL_SURFACE('',#1227,2.5E-02);
#1227 = AXIS2_PLACEMENT_3D('',#1228,#1229,#1230);
#1228 = CARTESIAN_POINT('',(0.,0.,0.4));
#1229 = DIRECTION('',(-0.,-0.,-1.));
#1230 = DIRECTION('',(-1.,0.,0.));
#1231 = ADVANCED_FACE('',(#1232),#1250,.T.);
#1232 = FACE_BOUND('',#1233,.T.);
#1233 = EDGE_LOOP('',(#1234,#1235,#1242,#1243));
#1234 = ORIENTED_EDGE('',*,*,#1204,.F.);
#1235 = ORIENTED_EDGE('',*,*,#1236,.F.);
#1236 = EDGE_CURVE('',#1196,#1194,#1237,.T.);
#1237 = CIRCLE('',#1238,2.5E-02);
#1238 = AXIS2_PLACEMENT_3D('',#1239,#1240,#1241);
#1239 = CARTESIAN_POINT('',(0.,0.,0.4));
#1240 = DIRECTION('',(0.,0.,1.));
#1241 = DIRECTION('',(1.,0.,-0.));
#1242 = ORIENTED_EDGE('',*,*,#1221,.T.);
#1243 = ORIENTED_EDGE('',*,*,#1244,.T.);
#1244 = EDGE_CURVE('',#1213,#1205,#1245,.T.);
#1245 = CIRCLE('',#1246,2.5E-02);
#1246 = AXIS2_PLACEMENT_3D('',#1247,#1248,#1249);
#1247 = CARTESIAN_POINT('',(0.,0.,0.));
#1248 = DIRECTION('',(0.,0.,1.));
#1249 = DIRECTION('',(1.,0.,-0.));
#1250 = CYLINDRICAL_SURFACE('',#1251,2.5E-02);
#1251 = AXIS2_PLACEMENT_3D('',#1252,#1253,#1254);
#1252 = CARTESIAN_POINT('',(0.,0.,0.4));
#1253 = DIRECTION('',(-0.,-0.,-1.));
#1254 = DIRECTION('',(-1.,0.,0.));
#1255 = ADVANCED_FACE('',(#1256),#1260,.T.);
#1256 = FACE_BOUND('',#1257,.T.);
#1257 = EDGE_LOOP('',(#1258,#1259));
#1258 = ORIENTED_EDGE('',*,*,#1236,.T.);
#1259 = ORIENTED_EDGE('',*,*,#1193,.T.);
#1260 = PLANE('',#1261);
#1261 = AXIS2_PLACEMENT_3D('',#1262,#1263,#1264);
#1262 = CARTESIAN_POINT('',(0.,0.,0.4));
#1263 = DIRECTION('',(0.,0.,1.));
#1264 = DIRECTION('',(1.,0.,-0.));
#1265 = ADVANCED_FACE('',(#1266),#1270,.F.);
#1266 = FACE_BOUND('',#1267,.T.);
#1267 = EDGE_LOOP('',(#1268,#1269));
#1268 = ORIENTED_EDGE('',*,*,#1244,.F.);
#1269 = ORIENTED_EDGE('',*,*,#1212,.F.);
#1270 = PLANE('',#1271);
#1271 = AXIS2_PLACEMENT_3D('',#1272,#1273,#1274);
#1272 = CARTESIAN_POINT('',(0.,0.,0.));
#1273 = DIRECTION('',(0.,0.,1.));
#1274 = DIRECTION('',(1.,0.,-0.));
#1275 = MANIFOLD_SOLID_BREP('',#1276);
#1276 = CLOSED_SHELL('',(#1277,#1319,#1343,#1353));
#1277 = ADVANCED_FACE('',(#1278),#1314,.T.);
#1278 = FACE_BOUND('',#1279,.T.);
#1279 = EDGE_LOOP('',(#1280,#1291,#1299,#1308));
#1280 = ORIENTED_EDGE('',*,*,#1281,.F.);
#1281 = EDGE_CURVE('',#1282,#1284,#1286,.T.);
#1282 = VERTEX_POINT('',#1283);
#1283 = CARTESIAN_POINT('',(2.5E-02,0.4,0.4));
#1284 = VERTEX_POINT('',#1285);
#1285 = CARTESIAN_POINT('',(-2.5E-02,0.4,0.4));
#1286 = CIRCLE('',#1287,2.5E-02);
#1287 = AXIS2_PLACEMENT_3D('',#1288,#1289,#1290);
#1288 = CARTESIAN_POINT('',(0.,0.4,0.4));
#1289 = DIRECTION('',(0.,0.,1.));
#1290 = DIRECTION('',(1.,0.,-0.));
#1291 = ORIENTED_EDGE('',*,*,#1292,.T.);
#1292 = EDGE_CURVE('',#1282,#1293,#1295,.T.);
#1293 = VERTEX_POINT('',#1294);
#1294 = CARTESIAN_POINT('',(2.5E-02,0.4,0.));
#1295 = LINE('',#1296,#1297);
#1296 = CARTESIAN_POINT('',(2.5E-02,0.4,0.4));
#1297 = VECTOR('',#1298,1.);
#1298 = DIRECTION('',(-0.,-0.,-1.));
#1299 = ORIENTED_EDGE('',*,*,#1300,.T.);
#1300 = EDGE_CURVE('',#1293,#1301,#1303,.T.);
#1301 = VERTEX_POINT('',#1302);
#1302 = CARTESIAN_POINT('',(-2.5E-02,0.4,0.));
#1303 = CIRCLE('',#1304,2.5E-02);
#1304 = AXIS2_PLACEMENT_3D('',#1305,#1306,#1307);
#1305 = CARTESIAN_POINT('',(0.,0.4,0.));
#1306 = DIRECTION('',(0.,0.,1.));
#1307 = DIRECTION('',(1.,0.,-0.));
#1308 = ORIENTED_EDGE('',*,*,#1309,.F.);
#1309 = EDGE_CURVE('',#1284,#1301,#1310,.T.);
#1310 = LINE('',#1311,#1312);
#1311 = CARTESIAN_POINT('',(-2.5E-02,0.4,0.4));
#1312 = VECTOR('',#1313,1.);
#1313 = DIRECTION('',(-0.,-0.,-1.));
#1314 = CYLINDRICAL_SURFACE('',#1315,2.5E-02);
#1315 = AXIS2_PLACEMENT_3D('',#1316,#1317,#1318);
#1316 = CARTESIAN_POINT('',(0.,0.4,0.4));
#1317 = DIRECTION('',(-0.,-0.,-1.));
#1318 = DIRECTION('',(-1.,0.,0.));
#1319 = ADVANCED_FACE('',(#1320),#1338,.T.);
#1320 = FACE_BOUND('',#1321,.T.);
#1321 = EDGE_LOOP('',(#1322,#1323,#1330,#1331));
#1322 = ORIENTED_EDGE('',*,*,#1292,.F.);
#1323 = ORIENTED_EDGE('',*,*,#1324,.F.);
#1324 = EDGE_CURVE('',#1284,#1282,#1325,.T.);
#1325 = CIRCLE('',#1326,2.5E-02);
#1326 = AXIS2_PLACEMENT_3D('',#1327,#1328,#1329);
#1327 = CARTESIAN_POINT('',(0.,0.4,0.4));
#1328 = DIRECTION('',(0.,0.,1.));
#1329 = DIRECTION('',(1.,0.,-0.));
#1330 = ORIENTED_EDGE('',*,*,#1309,.T.);
#1331 = ORIENTED_EDGE('',*,*,#1332,.T.);
#1332 = EDGE_CURVE('',#1301,#1293,#1333,.T.);
#1333 = CIRCLE('',#1334,2.5E-02);
#1334 = AXIS2_PLACEMENT_3D('',#1335,#1336,#1337);
#1335 = CARTESIAN_POINT('',(0.,0.4,0.));
#1336 = DIRECTION('',(0.,0.,1.));
#1337 = DIRECTION('',(1.,0.,-0.));
#1338 = CYLINDRICAL_SURFACE('',#1339,2.5E-02);
#1339 = AXIS2_PLACEMENT_3D('',#1340,#1341,#1342);
#1340 = CARTESIAN_POINT('',(0.,0.4,0.4));
#1341 = DIRECTION('',(-0.,-0.,-1.));
#1342 = DIRECTION('',(-1.,0.,0.));
#1343 = ADVANCED_FACE('',(#1344),#1348,.T.);
#1344 = FACE_BOUND('',#1345,.T.);
#1345 = EDGE_LOOP('',(#1346,#1347));
#1346 = ORIENTED_EDGE('',*,*,#1324,.T.);
#1347 = ORIENTED_EDGE('',*,*,#1281,.T.);
#1348 = PLANE('',#1349);
#1349 = AXIS2_PLACEMENT_3D('',#1350,#1351,#1352);
#1350 = CARTESIAN_POINT('',(0.,0.4,0.4));
#1351 = DIRECTION('',(0.,0.,1.));
#1352 = DIRECTION('',(1.,0.,-0.));
#1353 = ADVANCED_FACE('',(#1354),#1358,.F.);
#1354 = FACE_BOUND('',#1355,.T.);
#1355 = EDGE_LOOP('',(#1356,#1357));
#1356 = ORIENTED_EDGE('',*,*,#1332,.F.);
#1357 = ORIENTED_EDGE('',*,*,#1300,.F.);
#1358 = PLANE('',#1359);
#1359 = AXIS2_PLACEMENT_3D('',#1360,#1361,#1362);
#1360 = CARTESIAN_POINT('',(0.,0.4,0.));
#1361 = DIRECTION('',(0.,0.,1.));
#1362 = DIRECTION('',(1.,0.,-0.));
#1363 = MANIFOLD_SOLID_BREP('',#1364);
#1364 = CLOSED_SHELL('',(#1365,#1407,#1431,#1441));
#1365 = ADVANCED_FACE('',(#1366),#1402,.T.);
#1366 = FACE_BOUND('',#1367,.T.);
#1367 = EDGE_LOOP('',(#1368,#1379,#1387,#1396));
#1368 = ORIENTED_EDGE('',*,*,#1369,.F.);
#1369 = EDGE_CURVE('',#1370,#1372,#1374,.T.);
#1370 = VERTEX_POINT('',#1371);
#1371 = CARTESIAN_POINT('',(2.5E-02,0.8,0.4));
#1372 = VERTEX_POINT('',#1373);
#1373 = CARTESIAN_POINT('',(-2.5E-02,0.8,0.4));
#1374 = CIRCLE('',#1375,2.5E-02);
#1375 = AXIS2_PLACEMENT_3D('',#1376,#1377,#1378);
#1376 = CARTESIAN_POINT('',(0.,0.8,0.4));
#1377 = DIRECTION('',(0.,0.,1.));
#1378 = DIRECTION('',(1.,0.,-0.));
#1379 = ORIENTED_EDGE('',*,*,#1380,.T.);
#1380 = EDGE_CURVE('',#1370,#1381,#1383,.T.);
#1381 = VERTEX_POINT('',#1382);
#1382 = CARTESIAN_POINT('',(2.5E-02,0.8,0.));
#1383 = LINE('',#1384,#1385);
#1384 = CARTESIAN_POINT('',(2.5E-02,0.8,0.4));
#1385 = VECTOR('',#1386,1.);
#1386 = DIRECTION('',(-0.,-0.,-1.));
#1387 = ORIENTED_EDGE('',*,*,#1388,.T.);
#1388 = EDGE_CURVE('',#1381,#1389,#1391,.T.);
#1389 = VERTEX_POINT('',#1390);
#1390 = CARTESIAN_POINT('',(-2.5E-02,0.8,0.));
#1391 = CIRCLE('',#1392,2.5E-02);
#1392 = AXIS2_PLACEMENT_3D('',#1393,#1394,#1395);
#1393 = CARTESIAN_POINT('',(0.,0.8,0.));
#1394 = DIRECTION('',(0.,0.,1.));
#1395 = DIRECTION('',(1.,0.,-0.));
#1396 = ORIENTED_EDGE('',*,*,#1397,.F.);
#1397 = EDGE_CURVE('',#1372,#1389,#1398,.T.);
#1398 = LINE('',#1399,#1400);
#1399 = CARTESIAN_POINT('',(-2.5E-02,0.8,0.4));
#1400 = VECTOR('',#1401,1.);
#1401 = DIRECTION('',(-0.,-0.,-1.));
#1402 = CYLINDRICAL_SURFACE('',#1403,2.5E-02);
#1403 = AXIS2_PLACEMENT_3D('',#1404,#1405,#1406);
#1404 = CARTESIAN_POINT('',(0.,0.8,0.4));
#1405 = DIRECTION('',(-0.,-0.,-1.));
#1406 = DIRECTION('',(-1.,0.,0.));
#1407 = ADVANCED_FACE('',(#1408),#1426,.T.);
#1408 = FACE_BOUND('',#1409,.T.);
#1409 = EDGE_LOOP('',(#1410,#1411,#1418,#1419));
#1410 = ORIENTED_EDGE('',*,*,#1380,.F.);
#1411 = ORIENTED_EDGE('',*,*,#1412,.F.);
#1412 = EDGE_CURVE('',#1372,#1370,#1413,.T.);
#1413 = CIRCLE('',#1414,2.5E-02);
#1414 = AXIS2_PLACEMENT_3D('',#1415,#1416,#1417);
#1415 = CARTESIAN_POINT('',(0.,0.8,0.4));
#1416 = DIRECTION('',(0.,0.,1.));
#1417 = DIRECTION('',(1.,0.,-0.));
#1418 = ORIENTED_EDGE('',*,*,#1397,.T.);
#1419 = ORIENTED_EDGE('',*,*,#1420,.T.);
#1420 = EDGE_CURVE('',#1389,#1381,#1421,.T.);
#1421 = CIRCLE('',#1422,2.5E-02);
#1422 = AXIS2_PLACEMENT_3D('',#1423,#1424,#1425);
#1423 = CARTESIAN_POINT('',(0.,0.8,0.));
#1424 = DIRECTION('',(0.,0.,1.));
#1425 = DIRECTION('',(1.,0.,-0.));
#1426 = CYLINDRICAL_SURFACE('',#1427,2.5E-02);
#1427 = AXIS2_PLACEMENT_3D('',#1428,#1429,#1430);
#1428 = CARTESIAN_POINT('',(0.,0.8,0.4));
#1429 = DIRECTION('',(-0.,-0.,-1.));
#1430 = DIRECTION('',(-1.,0.,0.));
#1431 = ADVANCED_FACE('',(#1432),#1436,.T.);
#1432 = FACE_BOUND('',#1433,.T.);
#1433 = EDGE_LOOP('',(#1434,#1435));
#1434 = ORIENTED_EDGE('',*,*,#1412,.T.);
#1435 = ORIENTED_EDGE('',*,*,#1369,.T.);
#1436 = PLANE('',#1437);
#1437 = AXIS2_PLACEMENT_3D('',#1438,#1439,#1440);
#1438 = CARTESIAN_POINT('',(0.,0.8,0.4));
#1439 = DIRECTION('',(0.,0.,1.));
#1440 = DIRECTION('',(1.,0.,-0.));
#1441 = ADVANCED_FACE('',(#1442),#1446,.F.);
#1442 = FACE_BOUND('',#1443,.T.);
#1443 = EDGE_LOOP('',(#1444,#1445));
#1444 = ORIENTED_EDGE('',*,*,#1420,.F.);
#1445 = ORIENTED_EDGE('',*,*,#1388,.F.);
#1446 = PLANE('',#1447);
#1447 = AXIS2_PLACEMENT_3D('',#1448,#1449,#1450);
#1448 = CARTESIAN_POINT('',(0.,0.8,0.));
#1449 = DIRECTION('',(0.,0.,1.));
#1450 = DIRECTION('',(1.,0.,-0.));
#1451 = MANIFOLD_SOLID_BREP('',#1452);
#1452 = CLOSED_SHELL('',(#1453,#1495,#1519,#1529));
#1453 = ADVANCED_FACE('',(#1454),#1490,.T.);
#1454 = FACE_BOUND('',#1455,.T.);
#1455 = EDGE_LOOP('',(#1456,#1467,#1475,#1484));
#1456 = ORIENTED_EDGE('',*,*,#1457,.F.);
#1457 = EDGE_CURVE('',#1458,#1460,#1462,.T.);
#1458 = VERTEX_POINT('',#1459);
#1459 = CARTESIAN_POINT('',(-0.375,0.4,0.4));
#1460 = VERTEX_POINT('',#1461);
#1461 = CARTESIAN_POINT('',(-0.425,0.4,0.4));
#1462 = CIRCLE('',#1463,2.5E-02);
#1463 = AXIS2_PLACEMENT_3D('',#1464,#1465,#1466);
#1464 = CARTESIAN_POINT('',(-0.4,0.4,0.4));
#1465 = DIRECTION('',(0.,0.,1.));
#1466 = DIRECTION('',(1.,0.,-0.));
#1467 = ORIENTED_EDGE('',*,*,#1468,.T.);
#1468 = EDGE_CURVE('',#1458,#1469,#1471,.T.);
#1469 = VERTEX_POINT('',#1470);
#1470 = CARTESIAN_POINT('',(-0.375,0.4,0.));
#1471 = LINE('',#1472,#1473);
#1472 = CARTESIAN_POINT('',(-0.375,0.4,0.4));
#1473 = VECTOR('',#1474,1.);
#1474 = DIRECTION('',(-0.,-0.,-1.));
#1475 = ORIENTED_EDGE('',*,*,#1476,.T.);
#1476 = EDGE_CURVE('',#1469,#1477,#1479,.T.);
#1477 = VERTEX_POINT('',#1478);
#1478 = CARTESIAN_POINT('',(-0.425,0.4,0.));
#1479 = CIRCLE('',#1480,2.5E-02);
#1480 = AXIS2_PLACEMENT_3D('',#1481,#1482,#1483);
#1481 = CARTESIAN_POINT('',(-0.4,0.4,0.));
#1482 = DIRECTION('',(0.,0.,1.));
#1483 = DIRECTION('',(1.,0.,-0.));
#1484 = ORIENTED_EDGE('',*,*,#1485,.F.);
#1485 = EDGE_CURVE('',#1460,#1477,#1486,.T.);
#1486 = LINE('',#1487,#1488);
#1487 = CARTESIAN_POINT('',(-0.425,0.4,0.4));
#1488 = VECTOR('',#1489,1.);
#1489 = DIRECTION('',(-0.,-0.,-1.));
#1490 = CYLINDRICAL_SURFACE('',#1491,2.5E-02);
#1491 = AXIS2_PLACEMENT_3D('',#1492,#1493,#1494);
#1492 = CARTESIAN_POINT('',(-0.4,0.4,0.4));
#1493 = DIRECTION('',(-0.,-0.,-1.));
#1494 = DIRECTION('',(-1.,0.,0.));
#1495 = ADVANCED_FACE('',(#1496),#1514,.T.);
#1496 = FACE_BOUND('',#1497,.T.);
#1497 = EDGE_LOOP('',(#1498,#1499,#1506,#1507));
#1498 = ORIENTED_EDGE('',*,*,#1468,.F.);
#1499 = ORIENTED_EDGE('',*,*,#1500,.F.);
#1500 = EDGE_CURVE('',#1460,#1458,#1501,.T.);
#1501 = CIRCLE('',#1502,2.5E-02);
#1502 = AXIS2_PLACEMENT_3D('',#1503,#1504,#1505);
#1503 = CARTESIAN_POINT('',(-0.4,0.4,0.4));
#1504 = DIRECTION('',(0.,0.,1.));
#1505 = DIRECTION('',(1.,0.,-0.));
#1506 = ORIENTED_EDGE('',*,*,#1485,.T.);
#1507 = ORIENTED_EDGE('',*,*,#1508,.T.);
#1508 = EDGE_CURVE('',#1477,#1469,#1509,.T.);
#1509 = CIRCLE('',#1510,2.5E-02);
#1510 = AXIS2_PLACEMENT_3D('',#1511,#1512,#1513);
#1511 = CARTESIAN_POINT('',(-0.4,0.4,0.));
#1512 = DIRECTION('',(0.,0.,1.));
#1513 = DIRECTION('',(1.,0.,-0.));
#1514 = CYLINDRICAL_SURFACE('',#1515,2.5E-02);
#1515 = AXIS2_PLACEMENT_3D('',#1516,#1517,#1518);
#1516 = CARTESIAN_POINT('',(-0.4,0.4,0.4));
#1517 = DIRECTION('',(-0.,-0.,-1.));
#1518 = DIRECTION('',(-1.,0.,0.));
#1519 = ADVANCED_FACE('',(#1520),#1524,.T.);
#1520 = FACE_BOUND('',#1521,.T.);
#1521 = EDGE_LOOP('',(#1522,#1523));
#1522 = ORIENTED_EDGE('',*,*,#1500,.T.);
#1523 = ORIENTED_EDGE('',*,*,#1457,.T.);
#1524 = PLANE('',#1525);
#1525 = AXIS2_PLACEMENT_3D('',#1526,#1527,#1528);
#1526 = CARTESIAN_POINT('',(-0.4,0.4,0.4));
#1527 = DIRECTION('',(0.,0.,1.));
#1528 = DIRECTION('',(1.,0.,-0.));
#1529 = ADVANCED_FACE('',(#1530),#1534,.F.);
#1530 = FACE_BOUND('',#1531,.T.);
#1531 = EDGE_LOOP('',(#1532,#1533));
#1532 = ORIENTED_EDGE('',*,*,#1508,.F.);
#1533 = ORIENTED_EDGE('',*,*,#1476,.F.);
#1534 = PLANE('',#1535);
#1535 = AXIS2_PLACEMENT_3D('',#1536,#1537,#1538);
#1536 = CARTESIAN_POINT('',(-0.4,0.4,0.));
#1537 = DIRECTION('',(0.,0.,1.));
#1538 = DIRECTION('',(1.,0.,-0.));
#1539 = MANIFOLD_SOLID_BREP('',#1540);
#1540 = CLOSED_SHELL('',(#1541,#1583,#1607,#1617));
#1541 = ADVANCED_FACE('',(#1542),#1578,.T.);
#1542 = FACE_BOUND('',#1543,.T.);
#1543 = EDGE_LOOP('',(#1544,#1555,#1563,#1572));
#1544 = ORIENTED_EDGE('',*,*,#1545,.F.);
#1545 = EDGE_CURVE('',#1546,#1548,#1550,.T.);
#1546 = VERTEX_POINT('',#1547);
#1547 = CARTESIAN_POINT('',(-0.375,0.8,0.4));
#1548 = VERTEX_POINT('',#1549);
#1549 = CARTESIAN_POINT('',(-0.425,0.8,0.4));
#1550 = CIRCLE('',#1551,2.5E-02);
#1551 = AXIS2_PLACEMENT_3D('',#1552,#1553,#1554);
#1552 = CARTESIAN_POINT('',(-0.4,0.8,0.4));
#1553 = DIRECTION('',(0.,0.,1.));
#1554 = DIRECTION('',(1.,0.,-0.));
#1555 = ORIENTED_EDGE('',*,*,#1556,.T.);
#1556 = EDGE_CURVE('',#1546,#1557,#1559,.T.);
#1557 = VERTEX_POINT('',#1558);
#1558 = CARTESIAN_POINT('',(-0.375,0.8,0.));
#1559 = LINE('',#1560,#1561);
#1560 = CARTESIAN_POINT('',(-0.375,0.8,0.4));
#1561 = VECTOR('',#1562,1.);
#1562 = DIRECTION('',(-0.,-0.,-1.));
#1563 = ORIENTED_EDGE('',*,*,#1564,.T.);
#1564 = EDGE_CURVE('',#1557,#1565,#1567,.T.);
#1565 = VERTEX_POINT('',#1566);
#1566 = CARTESIAN_POINT('',(-0.425,0.8,0.));
#1567 = CIRCLE('',#1568,2.5E-02);
#1568 = AXIS2_PLACEMENT_3D('',#1569,#1570,#1571);
#1569 = CARTESIAN_POINT('',(-0.4,0.8,0.));
#1570 = DIRECTION('',(0.,0.,1.));
#1571 = DIRECTION('',(1.,0.,-0.));
#1572 = ORIENTED_EDGE('',*,*,#1573,.F.);
#1573 = EDGE_CURVE('',#1548,#1565,#1574,.T.);
#1574 = LINE('',#1575,#1576);
#1575 = CARTESIAN_POINT('',(-0.425,0.8,0.4));
#1576 = VECTOR('',#1577,1.);
#1577 = DIRECTION('',(-0.,-0.,-1.));
#1578 = CYLINDRICAL_SURFACE('',#1579,2.5E-02);
#1579 = AXIS2_PLACEMENT_3D('',#1580,#1581,#1582);
#1580 = CARTESIAN_POINT('',(-0.4,0.8,0.4));
#1581 = DIRECTION('',(-0.,-0.,-1.));
#1582 = DIRECTION('',(-1.,0.,0.));
#1583 = ADVANCED_FACE('',(#1584),#1602,.T.);
#1584 = FACE_BOUND('',#1585,.T.);
#1585 = EDGE_LOOP('',(#1586,#1587,#1594,#1595));
#1586 = ORIENTED_EDGE('',*,*,#1556,.F.);
#1587 = ORIENTED_EDGE('',*,*,#1588,.F.);
#1588 = EDGE_CURVE('',#1548,#1546,#1589,.T.);
#1589 = CIRCLE('',#1590,2.5E-02);
#1590 = AXIS2_PLACEMENT_3D('',#1591,#1592,#1593);
#1591 = CARTESIAN_POINT('',(-0.4,0.8,0.4));
#1592 = DIRECTION('',(0.,0.,1.));
#1593 = DIRECTION('',(1.,0.,-0.));
#1594 = ORIENTED_EDGE('',*,*,#1573,.T.);
#1595 = ORIENTED_EDGE('',*,*,#1596,.T.);
#1596 = EDGE_CURVE('',#1565,#1557,#1597,.T.);
#1597 = CIRCLE('',#1598,2.5E-02);
#1598 = AXIS2_PLACEMENT_3D('',#1599,#1600,#1601);
#1599 = CARTESIAN_POINT('',(-0.4,0.8,0.));
#1600 = DIRECTION('',(0.,0.,1.));
#1601 = DIRECTION('',(1.,0.,-0.));
#1602 = CYLINDRICAL_SURFACE('',#1603,2.5E-02);
#1603 = AXIS2_PLACEMENT_3D('',#1604,#1605,#1606);
#1604 = CARTESIAN_POINT('',(-0.4,0.8,0.4));
#1605 = DIRECTION('',(-0.,-0.,-1.));
#1606 = DIRECTION('',(-1.,0.,0.));
#1607 = ADVANCED_FACE('',(#1608),#1612,.T.);
#1608 = FACE_BOUND('',#1609,.T.);
#1609 = EDGE_LOOP('',(#1610,#1611));
#1610 = ORIENTED_EDGE('',*,*,#1588,.T.);
#1611 = ORIENTED_EDGE('',*,*,#1545,.T.);
#1612 = PLANE('',#1613);
#1613 = AXIS2_PLACEMENT_3D('',#1614,#1615,#1616);
#1614 = CARTESIAN_POINT('',(-0.4,0.8,0.4));
#1615 = DIRECTION('',(0.,0.,1.));
#1616 = DIRECTION('',(1.,0.,-0.));
#1617 = ADVANCED_FACE('',(#1618),#1622,.F.);
#1618 = FACE_BOUND('',#1619,.T.);
#1619 = EDGE_LOOP('',(#1620,#1621));
#1620 = ORIENTED_EDGE('',*,*,#1596,.F.);
#1621 = ORIENTED_EDGE('',*,*,#1564,.F.);
#1622 = PLANE('',#1623);
#1623 = AXIS2_PLACEMENT_3D('',#1624,#1625,#1626);
#1624 = CARTESIAN_POINT('',(-0.4,0.8,0.));
#1625 = DIRECTION('',(0.,0.,1.));
#1626 = DIRECTION('',(1.,0.,-0.));
#1627 = MANIFOLD_SOLID_BREP('',#1628);
#1628 = CLOSED_SHELL('',(#1629,#1671,#1695,#1705));
#1629 = ADVANCED_FACE('',(#1630),#1666,.T.);
#1630 = FACE_BOUND('',#1631,.T.);
#1631 = EDGE_LOOP('',(#1632,#1643,#1651,#1660));
#1632 = ORIENTED_EDGE('',*,*,#1633,.F.);
#1633 = EDGE_CURVE('',#1634,#1636,#1638,.T.);
#1634 = VERTEX_POINT('',#1635);
#1635 = CARTESIAN_POINT('',(-0.775,0.4,0.4));
#1636 = VERTEX_POINT('',#1637);
#1637 = CARTESIAN_POINT('',(-0.825,0.4,0.4));
#1638 = CIRCLE('',#1639,2.5E-02);
#1639 = AXIS2_PLACEMENT_3D('',#1640,#1641,#1642);
#1640 = CARTESIAN_POINT('',(-0.8,0.4,0.4));
#1641 = DIRECTION('',(0.,0.,1.));
#1642 = DIRECTION('',(1.,0.,-0.));
#1643 = ORIENTED_EDGE('',*,*,#1644,.T.);
#1644 = EDGE_CURVE('',#1634,#1645,#1647,.T.);
#1645 = VERTEX_POINT('',#1646);
#1646 = CARTESIAN_POINT('',(-0.775,0.4,0.));
#1647 = LINE('',#1648,#1649);
#1648 = CARTESIAN_POINT('',(-0.775,0.4,0.4));
#1649 = VECTOR('',#1650,1.);
#1650 = DIRECTION('',(-0.,-0.,-1.));
#1651 = ORIENTED_EDGE('',*,*,#1652,.T.);
#1652 = EDGE_CURVE('',#1645,#1653,#1655,.T.);
#1653 = VERTEX_POINT('',#1654);
#1654 = CARTESIAN_POINT('',(-0.825,0.4,0.));
#1655 = CIRCLE('',#1656,2.5E-02);
#1656 = AXIS2_PLACEMENT_3D('',#1657,#1658,#1659);
#1657 = CARTESIAN_POINT('',(-0.8,0.4,0.));
#1658 = DIRECTION('',(0.,0.,1.));
#1659 = DIRECTION('',(1.,0.,-0.));
#1660 = ORIENTED_EDGE('',*,*,#1661,.F.);
#1661 = EDGE_CURVE('',#1636,#1653,#1662,.T.);
#1662 = LINE('',#1663,#1664);
#1663 = CARTESIAN_POINT('',(-0.825,0.4,0.4));
#1664 = VECTOR('',#1665,1.);
#1665 = DIRECTION('',(-0.,-0.,-1.));
#1666 = CYLINDRICAL_SURFACE('',#1667,2.5E-02);
#1667 = AXIS2_PLACEMENT_3D('',#1668,#1669,#1670);
#1668 = CARTESIAN_POINT('',(-0.8,0.4,0.4));
#1669 = DIRECTION('',(-0.,-0.,-1.));
#1670 = DIRECTION('',(-1.,0.,0.));
#1671 = ADVANCED_FACE('',(#1672),#1690,.T.);
#1672 = FACE_BOUND('',#1673,.T.);
#1673 = EDGE_LOOP('',(#1674,#1675,#1682,#1683));
#1674 = ORIENTED_EDGE('',*,*,#1644,.F.);
#1675 = ORIENTED_EDGE('',*,*,#1676,.F.);
#1676 = EDGE_CURVE('',#1636,#1634,#1677,.T.);
#1677 = CIRCLE('',#1678,2.5E-02);
#1678 = AXIS2_PLACEMENT_3D('',#1679,#1680,#1681);
#1679 = CARTESIAN_POINT('',(-0.8,0.4,0.4));
#1680 = DIRECTION('',(0.,0.,1.));
#1681 = DIRECTION('',(1.,0.,-0.));
#1682 = ORIENTED_EDGE('',*,*,#1661,.T.);
#1683 = ORIENTED_EDGE('',*,*,#1684,.T.);
#1684 = EDGE_CURVE('',#1653,#1645,#1685,.T.);
#1685 = CIRCLE('',#1686,2.5E-02);
#1686 = AXIS2_PLACEMENT_3D('',#1687,#1688,#1689);
#1687 = CARTESIAN_POINT('',(-0.8,0.4,0.));
#1688 = DIRECTION('',(0.,0.,1.));
#1689 = DIRECTION('',(1.,0.,-0.));
#1690 = CYLINDRICAL_SURFACE('',#1691,2.5E-02);
#1691 = AXIS2_PLACEMENT_3D('',#1692,#1693,#1694);
#1692 = CARTESIAN_POINT('',(-0.8,0.4,0.4));
#1693 = DIRECTION('',(-0.,-0.,-1.));
#1694 = DIRECTION('',(-1.,0.,0.));
#1695 = ADVANCED_FACE('',(#1696),#1700,.T.);
#1696 = FACE_BOUND('',#1697,.T.);
#1697 = EDGE_LOOP('',(#1698,#1699));
#1698 = ORIENTED_EDGE('',*,*,#1676,.T.);
#1699 = ORIENTED_EDGE('',*,*,#1633,.T.);
#1700 = PLANE('',#1701);
#1701 = AXIS2_PLACEMENT_3D('',#1702,#1703,#1704);
#1702 = CARTESIAN_POINT('',(-0.8,0.4,0.4));
#1703 = DIRECTION('',(0.,0.,1.));
#1704 = DIRECTION('',(1.,0.,-0.));
#1705 = ADVANCED_FACE('',(#1706),#1710,.F.);
#1706 = FACE_BOUND('',#1707,.T.);
#1707 = EDGE_LOOP('',(#1708,#1709));
#1708 = ORIENTED_EDGE('',*,*,#1684,.F.);
#1709 = ORIENTED_EDGE('',*,*,#1652,.F.);
#1710 = PLANE('',#1711);
#1711 = AXIS2_PLACEMENT_3D('',#1712,#1713,#1714);
#1712 = CARTESIAN_POINT('',(-0.8,0.4,0.));
#1713 = DIRECTION('',(0.,0.,1.));
#1714 = DIRECTION('',(1.,0.,-0.));
#1715 = MANIFOLD_SOLID_BREP('',#1716);
#1716 = CLOSED_SHELL('',(#1717,#1759,#1783,#1793));
#1717 = ADVANCED_FACE('',(#1718),#1754,.T.);
#1718 = FACE_BOUND('',#1719,.T.);
#1719 = EDGE_LOOP('',(#1720,#1731,#1739,#1748));
#1720 = ORIENTED_EDGE('',*,*,#1721,.F.);
#1721 = EDGE_CURVE('',#1722,#1724,#1726,.T.);
#1722 = VERTEX_POINT('',#1723);
#1723 = CARTESIAN_POINT('',(-0.375,3.061616997868E-18,0.4));
#1724 = VERTEX_POINT('',#1725);
#1725 = CARTESIAN_POINT('',(-0.425,0.,0.4));
#1726 = CIRCLE('',#1727,2.5E-02);
#1727 = AXIS2_PLACEMENT_3D('',#1728,#1729,#1730);
#1728 = CARTESIAN_POINT('',(-0.4,0.,0.4));
#1729 = DIRECTION('',(0.,0.,1.));
#1730 = DIRECTION('',(1.,0.,-0.));
#1731 = ORIENTED_EDGE('',*,*,#1732,.T.);
#1732 = EDGE_CURVE('',#1722,#1733,#1735,.T.);
#1733 = VERTEX_POINT('',#1734);
#1734 = CARTESIAN_POINT('',(-0.375,3.061616997868E-18,0.));
#1735 = LINE('',#1736,#1737);
#1736 = CARTESIAN_POINT('',(-0.375,3.061616997868E-18,0.4));
#1737 = VECTOR('',#1738,1.);
#1738 = DIRECTION('',(-0.,-0.,-1.));
#1739 = ORIENTED_EDGE('',*,*,#1740,.T.);
#1740 = EDGE_CURVE('',#1733,#1741,#1743,.T.);
#1741 = VERTEX_POINT('',#1742);
#1742 = CARTESIAN_POINT('',(-0.425,0.,0.));
#1743 = CIRCLE('',#1744,2.5E-02);
#1744 = AXIS2_PLACEMENT_3D('',#1745,#1746,#1747);
#1745 = CARTESIAN_POINT('',(-0.4,0.,0.));
#1746 = DIRECTION('',(0.,0.,1.));
#1747 = DIRECTION('',(1.,0.,-0.));
#1748 = ORIENTED_EDGE('',*,*,#1749,.F.);
#1749 = EDGE_CURVE('',#1724,#1741,#1750,.T.);
#1750 = LINE('',#1751,#1752);
#1751 = CARTESIAN_POINT('',(-0.425,0.,0.4));
#1752 = VECTOR('',#1753,1.);
#1753 = DIRECTION('',(-0.,-0.,-1.));
#1754 = CYLINDRICAL_SURFACE('',#1755,2.5E-02);
#1755 = AXIS2_PLACEMENT_3D('',#1756,#1757,#1758);
#1756 = CARTESIAN_POINT('',(-0.4,0.,0.4));
#1757 = DIRECTION('',(-0.,-0.,-1.));
#1758 = DIRECTION('',(-1.,0.,0.));
#1759 = ADVANCED_FACE('',(#1760),#1778,.T.);
#1760 = FACE_BOUND('',#1761,.T.);
#1761 = EDGE_LOOP('',(#1762,#1763,#1770,#1771));
#1762 = ORIENTED_EDGE('',*,*,#1732,.F.);
#1763 = ORIENTED_EDGE('',*,*,#1764,.F.);
#1764 = EDGE_CURVE('',#1724,#1722,#1765,.T.);
#1765 = CIRCLE('',#1766,2.5E-02);
#1766 = AXIS2_PLACEMENT_3D('',#1767,#1768,#1769);
#1767 = CARTESIAN_POINT('',(-0.4,0.,0.4));
#1768 = DIRECTION('',(0.,0.,1.));
#1769 = DIRECTION('',(1.,0.,-0.));
#1770 = ORIENTED_EDGE('',*,*,#1749,.T.);
#1771 = ORIENTED_EDGE('',*,*,#1772,.T.);
#1772 = EDGE_CURVE('',#1741,#1733,#1773,.T.);
#1773 = CIRCLE('',#1774,2.5E-02);
#1774 = AXIS2_PLACEMENT_3D('',#1775,#1776,#1777);
#1775 = CARTESIAN_POINT('',(-0.4,0.,0.));
#1776 = DIRECTION('',(0.,0.,1.));
#1777 = DIRECTION('',(1.,0.,-0.));
#1778 = CYLINDRICAL_SURFACE('',#1779,2.5E-02);
#1779 = AXIS2_PLACEMENT_3D('',#1780,#1781,#1782);
#1780 = CARTESIAN_POINT('',(-0.4,0.,0.4));
#1781 = DIRECTION('',(-0.,-0.,-1.));
#1782 = DIRECTION('',(-1.,0.,0.));
#1783 = ADVANCED_FACE('',(#1784),#1788,.T.);
#1784 = FACE_BOUND('',#1785,.T.);
#1785 = EDGE_LOOP('',(#1786,#1787));
#1786 = ORIENTED_EDGE('',*,*,#1764,.T.);
#1787 = ORIENTED_EDGE('',*,*,#1721,.T.);
#1788 = PLANE('',#1789);
#1789 = AXIS2_PLACEMENT_3D('',#1790,#1791,#1792);
#1790 = CARTESIAN_POINT('',(-0.4,0.,0.4));
#1791 = DIRECTION('',(0.,0.,1.));
#1792 = DIRECTION('',(1.,0.,-0.));
#1793 = ADVANCED_FACE('',(#1794),#1798,.F.);
#1794 = FACE_BOUND('',#1795,.T.);
#1795 = EDGE_LOOP('',(#1796,#1797));
#1796 = ORIENTED_EDGE('',*,*,#1772,.F.);
#1797 = ORIENTED_EDGE('',*,*,#1740,.F.);
#1798 = PLANE('',#1799);
#1799 = AXIS2_PLACEMENT_3D('',#1800,#1801,#1802);
#1800 = CARTESIAN_POINT('',(-0.4,0.,0.));
#1801 = DIRECTION('',(0.,0.,1.));
#1802 = DIRECTION('',(1.,0.,-0.));
#1803 = MANIFOLD_SOLID_BREP('',#1804);
#1804 = CLOSED_SHELL('',(#1805,#1847,#1871,#1881));
#1805 = ADVANCED_FACE('',(#1806),#1842,.T.);
#1806 = FACE_BOUND('',#1807,.T.);
#1807 = EDGE_LOOP('',(#1808,#1819,#1827,#1836));
#1808 = ORIENTED_EDGE('',*,*,#1809,.F.);
#1809 = EDGE_CURVE('',#1810,#1812,#1814,.T.);
#1810 = VERTEX_POINT('',#1811);
#1811 = CARTESIAN_POINT('',(-0.775,3.061616997868E-18,0.4));
#1812 = VERTEX_POINT('',#1813);
#1813 = CARTESIAN_POINT('',(-0.825,0.,0.4));
#1814 = CIRCLE('',#1815,2.5E-02);
#1815 = AXIS2_PLACEMENT_3D('',#1816,#1817,#1818);
#1816 = CARTESIAN_POINT('',(-0.8,0.,0.4));
#1817 = DIRECTION('',(0.,0.,1.));
#1818 = DIRECTION('',(1.,0.,-0.));
#1819 = ORIENTED_EDGE('',*,*,#1820,.T.);
#1820 = EDGE_CURVE('',#1810,#1821,#1823,.T.);
#1821 = VERTEX_POINT('',#1822);
#1822 = CARTESIAN_POINT('',(-0.775,3.061616997868E-18,0.));
#1823 = LINE('',#1824,#1825);
#1824 = CARTESIAN_POINT('',(-0.775,3.061616997868E-18,0.4));
#1825 = VECTOR('',#1826,1.);
#1826 = DIRECTION('',(-0.,-0.,-1.));
#1827 = ORIENTED_EDGE('',*,*,#1828,.T.);
#1828 = EDGE_CURVE('',#1821,#1829,#1831,.T.);
#1829 = VERTEX_POINT('',#1830);
#1830 = CARTESIAN_POINT('',(-0.825,0.,0.));
#1831 = CIRCLE('',#1832,2.5E-02);
#1832 = AXIS2_PLACEMENT_3D('',#1833,#1834,#1835);
#1833 = CARTESIAN_POINT('',(-0.8,0.,0.));
#1834 = DIRECTION('',(0.,0.,1.));
#1835 = DIRECTION('',(1.,0.,-0.));
#1836 = ORIENTED_EDGE('',*,*,#1837,.F.);
#1837 = EDGE_CURVE('',#1812,#1829,#1838,.T.);
#1838 = LINE('',#1839,#1840);
#1839 = CARTESIAN_POINT('',(-0.825,0.,0.4));
#1840 = VECTOR('',#1841,1.);
#1841 = DIRECTION('',(-0.,-0.,-1.));
#1842 = CYLINDRICAL_SURFACE('',#1843,2.5E-02);
#1843 = AXIS2_PLACEMENT_3D('',#1844,#1845,#1846);
#1844 = CARTESIAN_POINT('',(-0.8,0.,0.4));
#1845 = DIRECTION('',(-0.,-0.,-1.));
#1846 = DIRECTION('',(-1.,0.,0.));
#1847 = ADVANCED_FACE('',(#1848),#1866,.T.);
#1848 = FACE_BOUND('',#1849,.T.);
#1849 = EDGE_LOOP('',(#1850,#1851,#1858,#1859));
#1850 = ORIENTED_EDGE('',*,*,#1820,.F.);
#1851 = ORIENTED_EDGE('',*,*,#1852,.F.);
#1852 = EDGE_CURVE('',#1812,#1810,#1853,.T.);
#1853 = CIRCLE('',#1854,2.5E-02);
#1854 = AXIS2_PLACEMENT_3D('',#1855,#1856,#1857);
#1855 = CARTESIAN_POINT('',(-0.8,0.,0.4));
#1856 = DIRECTION('',(0.,0.,1.));
#1857 = DIRECTION('',(1.,0.,-0.));
#1858 = ORIENTED_EDGE('',*,*,#1837,.T.);
#1859 = ORIENTED_EDGE('',*,*,#1860,.T.);
#1860 = EDGE_CURVE('',#1829,#1821,#1861,.T.);
#1861 = CIRCLE('',#1862,2.5E-02);
#1862 = AXIS2_PLACEMENT_3D('',#1863,#1864,#1865);
#1863 = CARTESIAN_POINT('',(-0.8,0.,0.));
#1864 = DIRECTION('',(0.,0.,1.));
#1865 = DIRECTION('',(1.,0.,-0.));
#1866 = CYLINDRICAL_SURFACE('',#1867,2.5E-02);
#1867 = AXIS2_PLACEMENT_3D('',#1868,#1869,#1870);
#1868 = CARTESIAN_POINT('',(-0.8,0.,0.4));
#1869 = DIRECTION('',(-0.,-0.,-1.));
#1870 = DIRECTION('',(-1.,0.,0.));
#1871 = ADVANCED_FACE('',(#1872),#1876,.T.);
#1872 = FACE_BOUND('',#1873,.T.);
#1873 = EDGE_LOOP('',(#1874,#1875));
#1874 = ORIENTED_EDGE('',*,*,#1852,.T.);
#1875 = ORIENTED_EDGE('',*,*,#1809,.T.);
#1876 = PLANE('',#1877);
#1877 = AXIS2_PLACEMENT_3D('',#1878,#1879,#1880);
#1878 = CARTESIAN_POINT('',(-0.8,0.,0.4));
#1879 = DIRECTION('',(0.,0.,1.));
#1880 = DIRECTION('',(1.,0.,-0.));
#1881 = ADVANCED_FACE('',(#1882),#1886,.F.);
#1882 = FACE_BOUND('',#1883,.T.);
#1883 = EDGE_LOOP('',(#1884,#1885));
#1884 = ORIENTED_EDGE('',*,*,#1860,.F.);
#1885 = ORIENTED_EDGE('',*,*,#1828,.F.);
#1886 = PLANE('',#1887);
#1887 = AXIS2_PLACEMENT_3D('',#1888,#1889,#1890);
#1888 = CARTESIAN_POINT('',(-0.8,0.,0.));
#1889 = DIRECTION('',(0.,0.,1.));
#1890 = DIRECTION('',(1.,0.,-0.));
#1891 = MANIFOLD_SOLID_BREP('',#1892);
#1892 = CLOSED_SHELL('',(#1893,#1935,#1959,#1969));
#1893 = ADVANCED_FACE('',(#1894),#1930,.T.);
#1894 = FACE_BOUND('',#1895,.T.);
#1895 = EDGE_LOOP('',(#1896,#1907,#1915,#1924));
#1896 = ORIENTED_EDGE('',*,*,#1897,.F.);
#1897 = EDGE_CURVE('',#1898,#1900,#1902,.T.);
#1898 = VERTEX_POINT('',#1899);
#1899 = CARTESIAN_POINT('',(-0.775,-0.4,0.4));
#1900 = VERTEX_POINT('',#1901);
#1901 = CARTESIAN_POINT('',(-0.825,-0.4,0.4));
#1902 = CIRCLE('',#1903,2.5E-02);
#1903 = AXIS2_PLACEMENT_3D('',#1904,#1905,#1906);
#1904 = CARTESIAN_POINT('',(-0.8,-0.4,0.4));
#1905 = DIRECTION('',(0.,0.,1.));
#1906 = DIRECTION('',(-1.,0.,-0.));
#1907 = ORIENTED_EDGE('',*,*,#1908,.T.);
#1908 = EDGE_CURVE('',#1898,#1909,#1911,.T.);
#1909 = VERTEX_POINT('',#1910);
#1910 = CARTESIAN_POINT('',(-0.775,-0.4,0.));
#1911 = LINE('',#1912,#1913);
#1912 = CARTESIAN_POINT('',(-0.775,-0.4,0.4));
#1913 = VECTOR('',#1914,1.);
#1914 = DIRECTION('',(-0.,-0.,-1.));
#1915 = ORIENTED_EDGE('',*,*,#1916,.T.);
#1916 = EDGE_CURVE('',#1909,#1917,#1919,.T.);
#1917 = VERTEX_POINT('',#1918);
#1918 = CARTESIAN_POINT('',(-0.825,-0.4,0.));
#1919 = CIRCLE('',#1920,2.5E-02);
#1920 = AXIS2_PLACEMENT_3D('',#1921,#1922,#1923);
#1921 = CARTESIAN_POINT('',(-0.8,-0.4,0.));
#1922 = DIRECTION('',(0.,0.,1.));
#1923 = DIRECTION('',(-1.,0.,-0.));
#1924 = ORIENTED_EDGE('',*,*,#1925,.F.);
#1925 = EDGE_CURVE('',#1900,#1917,#1926,.T.);
#1926 = LINE('',#1927,#1928);
#1927 = CARTESIAN_POINT('',(-0.825,-0.4,0.4));
#1928 = VECTOR('',#1929,1.);
#1929 = DIRECTION('',(-0.,-0.,-1.));
#1930 = CYLINDRICAL_SURFACE('',#1931,2.5E-02);
#1931 = AXIS2_PLACEMENT_3D('',#1932,#1933,#1934);
#1932 = CARTESIAN_POINT('',(-0.8,-0.4,0.4));
#1933 = DIRECTION('',(-0.,-0.,-1.));
#1934 = DIRECTION('',(-1.,0.,0.));
#1935 = ADVANCED_FACE('',(#1936),#1954,.T.);
#1936 = FACE_BOUND('',#1937,.T.);
#1937 = EDGE_LOOP('',(#1938,#1939,#1946,#1947));
#1938 = ORIENTED_EDGE('',*,*,#1908,.F.);
#1939 = ORIENTED_EDGE('',*,*,#1940,.F.);
#1940 = EDGE_CURVE('',#1900,#1898,#1941,.T.);
#1941 = CIRCLE('',#1942,2.5E-02);
#1942 = AXIS2_PLACEMENT_3D('',#1943,#1944,#1945);
#1943 = CARTESIAN_POINT('',(-0.8,-0.4,0.4));
#1944 = DIRECTION('',(0.,0.,1.));
#1945 = DIRECTION('',(-1.,0.,-0.));
#1946 = ORIENTED_EDGE('',*,*,#1925,.T.);
#1947 = ORIENTED_EDGE('',*,*,#1948,.T.);
#1948 = EDGE_CURVE('',#1917,#1909,#1949,.T.);
#1949 = CIRCLE('',#1950,2.5E-02);
#1950 = AXIS2_PLACEMENT_3D('',#1951,#1952,#1953);
#1951 = CARTESIAN_POINT('',(-0.8,-0.4,0.));
#1952 = DIRECTION('',(0.,0.,1.));
#1953 = DIRECTION('',(-1.,0.,-0.));
#1954 = CYLINDRICAL_SURFACE('',#1955,2.5E-02);
#1955 = AXIS2_PLACEMENT_3D('',#1956,#1957,#1958);
#1956 = CARTESIAN_POINT('',(-0.8,-0.4,0.4));
#1957 = DIRECTION('',(-0.,-0.,-1.));
#1958 = DIRECTION('',(-1.,0.,0.));
#1959 = ADVANCED_FACE('',(#1960),#1964,.F.);
#1960 = FACE_BOUND('',#1961,.T.);
#1961 = EDGE_LOOP('',(#1962,#1963));
#1962 = ORIENTED_EDGE('',*,*,#1940,.T.);
#1963 = ORIENTED_EDGE('',*,*,#1897,.T.);
#1964 = PLANE('',#1965);
#1965 = AXIS2_PLACEMENT_3D('',#1966,#1967,#1968);
#1966 = CARTESIAN_POINT('',(-0.8,-0.4,0.4));
#1967 = DIRECTION('',(0.,0.,-1.));
#1968 = DIRECTION('',(-1.,0.,-0.));
#1969 = ADVANCED_FACE('',(#1970),#1974,.T.);
#1970 = FACE_BOUND('',#1971,.T.);
#1971 = EDGE_LOOP('',(#1972,#1973));
#1972 = ORIENTED_EDGE('',*,*,#1948,.F.);
#1973 = ORIENTED_EDGE('',*,*,#1916,.F.);
#1974 = PLANE('',#1975);
#1975 = AXIS2_PLACEMENT_3D('',#1976,#1977,#1978);
#1976 = CARTESIAN_POINT('',(-0.8,-0.4,0.));
#1977 = DIRECTION('',(0.,0.,-1.));
#1978 = DIRECTION('',(-1.,0.,-0.));
#1979 = MANIFOLD_SOLID_BREP('',#1980);
#1980 = CLOSED_SHELL('',(#1981,#2023,#2047,#2057));
#1981 = ADVANCED_FACE('',(#1982),#2018,.T.);
#1982 = FACE_BOUND('',#1983,.T.);
#1983 = EDGE_LOOP('',(#1984,#1995,#2003,#2012));
#1984 = ORIENTED_EDGE('',*,*,#1985,.F.);
#1985 = EDGE_CURVE('',#1986,#1988,#1990,.T.);
#1986 = VERTEX_POINT('',#1987);
#1987 = CARTESIAN_POINT('',(-0.375,-0.8,0.4));
#1988 = VERTEX_POINT('',#1989);
#1989 = CARTESIAN_POINT('',(-0.425,-0.8,0.4));
#1990 = CIRCLE('',#1991,2.5E-02);
#1991 = AXIS2_PLACEMENT_3D('',#1992,#1993,#1994);
#1992 = CARTESIAN_POINT('',(-0.4,-0.8,0.4));
#1993 = DIRECTION('',(0.,0.,1.));
#1994 = DIRECTION('',(-1.,0.,-0.));
#1995 = ORIENTED_EDGE('',*,*,#1996,.T.);
#1996 = EDGE_CURVE('',#1986,#1997,#1999,.T.);
#1997 = VERTEX_POINT('',#1998);
#1998 = CARTESIAN_POINT('',(-0.375,-0.8,0.));
#1999 = LINE('',#2000,#2001);
#2000 = CARTESIAN_POINT('',(-0.375,-0.8,0.4));
#2001 = VECTOR('',#2002,1.);
#2002 = DIRECTION('',(-0.,-0.,-1.));
#2003 = ORIENTED_EDGE('',*,*,#2004,.T.);
#2004 = EDGE_CURVE('',#1997,#2005,#2007,.T.);
#2005 = VERTEX_POINT('',#2006);
#2006 = CARTESIAN_POINT('',(-0.425,-0.8,0.));
#2007 = CIRCLE('',#2008,2.5E-02);
#2008 = AXIS2_PLACEMENT_3D('',#2009,#2010,#2011);
#2009 = CARTESIAN_POINT('',(-0.4,-0.8,0.));
#2010 = DIRECTION('',(0.,0.,1.));
#2011 = DIRECTION('',(-1.,0.,-0.));
#2012 = ORIENTED_EDGE('',*,*,#2013,.F.);
#2013 = EDGE_CURVE('',#1988,#2005,#2014,.T.);
#2014 = LINE('',#2015,#2016);
#2015 = CARTESIAN_POINT('',(-0.425,-0.8,0.4));
#2016 = VECTOR('',#2017,1.);
#2017 = DIRECTION('',(-0.,-0.,-1.));
#2018 = CYLINDRICAL_SURFACE('',#2019,2.5E-02);
#2019 = AXIS2_PLACEMENT_3D('',#2020,#2021,#2022);
#2020 = CARTESIAN_POINT('',(-0.4,-0.8,0.4));
#2021 = DIRECTION('',(-0.,-0.,-1.));
#2022 = DIRECTION('',(-1.,0.,0.));
#2023 = ADVANCED_FACE('',(#2024),#2042,.T.);
#2024 = FACE_BOUND('',#2025,.T.);
#2025 = EDGE_LOOP('',(#2026,#2027,#2034,#2035));
#2026 = ORIENTED_EDGE('',*,*,#1996,.F.);
#2027 = ORIENTED_EDGE('',*,*,#2028,.F.);
#2028 = EDGE_CURVE('',#1988,#1986,#2029,.T.);
#2029 = CIRCLE('',#2030,2.5E-02);
#2030 = AXIS2_PLACEMENT_3D('',#2031,#2032,#2033);
#2031 = CARTESIAN_POINT('',(-0.4,-0.8,0.4));
#2032 = DIRECTION('',(0.,0.,1.));
#2033 = DIRECTION('',(-1.,0.,-0.));
#2034 = ORIENTED_EDGE('',*,*,#2013,.T.);
#2035 = ORIENTED_EDGE('',*,*,#2036,.T.);
#2036 = EDGE_CURVE('',#2005,#1997,#2037,.T.);
#2037 = CIRCLE('',#2038,2.5E-02);
#2038 = AXIS2_PLACEMENT_3D('',#2039,#2040,#2041);
#2039 = CARTESIAN_POINT('',(-0.4,-0.8,0.));
#2040 = DIRECTION('',(0.,0.,1.));
#2041 = DIRECTION('',(-1.,0.,-0.));
#2042 = CYLINDRICAL_SURFACE('',#2043,2.5E-02);
#2043 = AXIS2_PLACEMENT_3D('',#2044,#2045,#2046);
#2044 = CARTESIAN_POINT('',(-0.4,-0.8,0.4));
#2045 = DIRECTION('',(-0.,-0.,-1.));
#2046 = DIRECTION('',(-1.,0.,0.));
#2047 = ADVANCED_FACE('',(#2048),#2052,.F.);
#2048 = FACE_BOUND('',#2049,.T.);
#2049 = EDGE_LOOP('',(#2050,#2051));
#2050 = ORIENTED_EDGE('',*,*,#2028,.T.);
#2051 = ORIENTED_EDGE('',*,*,#1985,.T.);
#2052 = PLANE('',#2053);
#2053 = AXIS2_PLACEMENT_3D('',#2054,#2055,#2056);
#2054 = CARTESIAN_POINT('',(-0.4,-0.8,0.4));
#2055 = DIRECTION('',(0.,0.,-1.));
#2056 = DIRECTION('',(-1.,0.,-0.));
#2057 = ADVANCED_FACE('',(#2058),#2062,.T.);
#2058 = FACE_BOUND('',#2059,.T.);
#2059 = EDGE_LOOP('',(#2060,#2061));
#2060 = ORIENTED_EDGE('',*,*,#2036,.F.);
#2061 = ORIENTED_EDGE('',*,*,#2004,.F.);
#2062 = PLANE('',#2063);
#2063 = AXIS2_PLACEMENT_3D('',#2064,#2065,#2066);
#2064 = CARTESIAN_POINT('',(-0.4,-0.8,0.));
#2065 = DIRECTION('',(0.,0.,-1.));
#2066 = DIRECTION('',(-1.,0.,-0.));
#2067 = MANIFOLD_SOLID_BREP('',#2068);
#2068 = CLOSED_SHELL('',(#2069,#2111,#2135,#2145));
#2069 = ADVANCED_FACE('',(#2070),#2106,.T.);
#2070 = FACE_BOUND('',#2071,.T.);
#2071 = EDGE_LOOP('',(#2072,#2083,#2091,#2100));
#2072 = ORIENTED_EDGE('',*,*,#2073,.F.);
#2073 = EDGE_CURVE('',#2074,#2076,#2078,.T.);
#2074 = VERTEX_POINT('',#2075);
#2075 = CARTESIAN_POINT('',(-0.375,-0.4,0.4));
#2076 = VERTEX_POINT('',#2077);
#2077 = CARTESIAN_POINT('',(-0.425,-0.4,0.4));
#2078 = CIRCLE('',#2079,2.5E-02);
#2079 = AXIS2_PLACEMENT_3D('',#2080,#2081,#2082);
#2080 = CARTESIAN_POINT('',(-0.4,-0.4,0.4));
#2081 = DIRECTION('',(0.,0.,1.));
#2082 = DIRECTION('',(-1.,0.,-0.));
#2083 = ORIENTED_EDGE('',*,*,#2084,.T.);
#2084 = EDGE_CURVE('',#2074,#2085,#2087,.T.);
#2085 = VERTEX_POINT('',#2086);
#2086 = CARTESIAN_POINT('',(-0.375,-0.4,0.));
#2087 = LINE('',#2088,#2089);
#2088 = CARTESIAN_POINT('',(-0.375,-0.4,0.4));
#2089 = VECTOR('',#2090,1.);
#2090 = DIRECTION('',(-0.,-0.,-1.));
#2091 = ORIENTED_EDGE('',*,*,#2092,.T.);
#2092 = EDGE_CURVE('',#2085,#2093,#2095,.T.);
#2093 = VERTEX_POINT('',#2094);
#2094 = CARTESIAN_POINT('',(-0.425,-0.4,0.));
#2095 = CIRCLE('',#2096,2.5E-02);
#2096 = AXIS2_PLACEMENT_3D('',#2097,#2098,#2099);
#2097 = CARTESIAN_POINT('',(-0.4,-0.4,0.));
#2098 = DIRECTION('',(0.,0.,1.));
#2099 = DIRECTION('',(-1.,0.,-0.));
#2100 = ORIENTED_EDGE('',*,*,#2101,.F.);
#2101 = EDGE_CURVE('',#2076,#2093,#2102,.T.);
#2102 = LINE('',#2103,#2104);
#2103 = CARTESIAN_POINT('',(-0.425,-0.4,0.4));
#2104 = VECTOR('',#2105,1.);
#2105 = DIRECTION('',(-0.,-0.,-1.));
#2106 = CYLINDRICAL_SURFACE('',#2107,2.5E-02);
#2107 = AXIS2_PLACEMENT_3D('',#2108,#2109,#2110);
#2108 = CARTESIAN_POINT('',(-0.4,-0.4,0.4));
#2109 = DIRECTION('',(-0.,-0.,-1.));
#2110 = DIRECTION('',(-1.,0.,0.));
#2111 = ADVANCED_FACE('',(#2112),#2130,.T.);
#2112 = FACE_BOUND('',#2113,.T.);
#2113 = EDGE_LOOP('',(#2114,#2115,#2122,#2123));
#2114 = ORIENTED_EDGE('',*,*,#2084,.F.);
#2115 = ORIENTED_EDGE('',*,*,#2116,.F.);
#2116 = EDGE_CURVE('',#2076,#2074,#2117,.T.);
#2117 = CIRCLE('',#2118,2.5E-02);
#2118 = AXIS2_PLACEMENT_3D('',#2119,#2120,#2121);
#2119 = CARTESIAN_POINT('',(-0.4,-0.4,0.4));
#2120 = DIRECTION('',(0.,0.,1.));
#2121 = DIRECTION('',(-1.,0.,-0.));
#2122 = ORIENTED_EDGE('',*,*,#2101,.T.);
#2123 = ORIENTED_EDGE('',*,*,#2124,.T.);
#2124 = EDGE_CURVE('',#2093,#2085,#2125,.T.);
#2125 = CIRCLE('',#2126,2.5E-02);
#2126 = AXIS2_PLACEMENT_3D('',#2127,#2128,#2129);
#2127 = CARTESIAN_POINT('',(-0.4,-0.4,0.));
#2128 = DIRECTION('',(0.,0.,1.));
#2129 = DIRECTION('',(-1.,0.,-0.));
#2130 = CYLINDRICAL_SURFACE('',#2131,2.5E-02);
#2131 = AXIS2_PLACEMENT_3D('',#2132,#2133,#2134);
#2132 = CARTESIAN_POINT('',(-0.4,-0.4,0.4));
#2133 = DIRECTION('',(-0.,-0.,-1.));
#2134 = DIRECTION('',(-1.,0.,0.));
#2135 = ADVANCED_FACE('',(#2136),#2140,.F.);
#2136 = FACE_BOUND('',#2137,.T.);
#2137 = EDGE_LOOP('',(#2138,#2139));
#2138 = ORIENTED_EDGE('',*,*,#2116,.T.);
#2139 = ORIENTED_EDGE('',*,*,#2073,.T.);
#2140 = PLANE('',#2141);
#2141 = AXIS2_PLACEMENT_3D('',#2142,#2143,#2144);
#2142 = CARTESIAN_POINT('',(-0.4,-0.4,0.4));
#2143 = DIRECTION('',(0.,0.,-1.));
#2144 = DIRECTION('',(-1.,0.,-0.));
#2145 = ADVANCED_FACE('',(#2146),#2150,.T.);
#2146 = FACE_BOUND('',#2147,.T.);
#2147 = EDGE_LOOP('',(#2148,#2149));
#2148 = ORIENTED_EDGE('',*,*,#2124,.F.);
#2149 = ORIENTED_EDGE('',*,*,#2092,.F.);
#2150 = PLANE('',#2151);
#2151 = AXIS2_PLACEMENT_3D('',#2152,#2153,#2154);
#2152 = CARTESIAN_POINT('',(-0.4,-0.4,0.));
#2153 = DIRECTION('',(0.,0.,-1.));
#2154 = DIRECTION('',(-1.,0.,-0.));
#2155 = MANIFOLD_SOLID_BREP('',#2156);
#2156 = CLOSED_SHELL('',(#2157,#2199,#2223,#2233));
#2157 = ADVANCED_FACE('',(#2158),#2194,.T.);
#2158 = FACE_BOUND('',#2159,.T.);
#2159 = EDGE_LOOP('',(#2160,#2171,#2179,#2188));
#2160 = ORIENTED_EDGE('',*,*,#2161,.F.);
#2161 = EDGE_CURVE('',#2162,#2164,#2166,.T.);
#2162 = VERTEX_POINT('',#2163);
#2163 = CARTESIAN_POINT('',(2.5E-02,-0.8,0.4));
#2164 = VERTEX_POINT('',#2165);
#2165 = CARTESIAN_POINT('',(-2.5E-02,-0.8,0.4));
#2166 = CIRCLE('',#2167,2.5E-02);
#2167 = AXIS2_PLACEMENT_3D('',#2168,#2169,#2170);
#2168 = CARTESIAN_POINT('',(0.,-0.8,0.4));
#2169 = DIRECTION('',(0.,0.,1.));
#2170 = DIRECTION('',(-1.,0.,-0.));
#2171 = ORIENTED_EDGE('',*,*,#2172,.T.);
#2172 = EDGE_CURVE('',#2162,#2173,#2175,.T.);
#2173 = VERTEX_POINT('',#2174);
#2174 = CARTESIAN_POINT('',(2.5E-02,-0.8,0.));
#2175 = LINE('',#2176,#2177);
#2176 = CARTESIAN_POINT('',(2.5E-02,-0.8,0.4));
#2177 = VECTOR('',#2178,1.);
#2178 = DIRECTION('',(-0.,-0.,-1.));
#2179 = ORIENTED_EDGE('',*,*,#2180,.T.);
#2180 = EDGE_CURVE('',#2173,#2181,#2183,.T.);
#2181 = VERTEX_POINT('',#2182);
#2182 = CARTESIAN_POINT('',(-2.5E-02,-0.8,0.));
#2183 = CIRCLE('',#2184,2.5E-02);
#2184 = AXIS2_PLACEMENT_3D('',#2185,#2186,#2187);
#2185 = CARTESIAN_POINT('',(0.,-0.8,0.));
#2186 = DIRECTION('',(0.,0.,1.));
#2187 = DIRECTION('',(-1.,0.,-0.));
#2188 = ORIENTED_EDGE('',*,*,#2189,.F.);
#2189 = EDGE_CURVE('',#2164,#2181,#2190,.T.);
#2190 = LINE('',#2191,#2192);
#2191 = CARTESIAN_POINT('',(-2.5E-02,-0.8,0.4));
#2192 = VECTOR('',#2193,1.);
#2193 = DIRECTION('',(-0.,-0.,-1.));
#2194 = CYLINDRICAL_SURFACE('',#2195,2.5E-02);
#2195 = AXIS2_PLACEMENT_3D('',#2196,#2197,#2198);
#2196 = CARTESIAN_POINT('',(0.,-0.8,0.4));
#2197 = DIRECTION('',(-0.,-0.,-1.));
#2198 = DIRECTION('',(-1.,0.,0.));
#2199 = ADVANCED_FACE('',(#2200),#2218,.T.);
#2200 = FACE_BOUND('',#2201,.T.);
#2201 = EDGE_LOOP('',(#2202,#2203,#2210,#2211));
#2202 = ORIENTED_EDGE('',*,*,#2172,.F.);
#2203 = ORIENTED_EDGE('',*,*,#2204,.F.);
#2204 = EDGE_CURVE('',#2164,#2162,#2205,.T.);
#2205 = CIRCLE('',#2206,2.5E-02);
#2206 = AXIS2_PLACEMENT_3D('',#2207,#2208,#2209);
#2207 = CARTESIAN_POINT('',(0.,-0.8,0.4));
#2208 = DIRECTION('',(0.,0.,1.));
#2209 = DIRECTION('',(-1.,0.,-0.));
#2210 = ORIENTED_EDGE('',*,*,#2189,.T.);
#2211 = ORIENTED_EDGE('',*,*,#2212,.T.);
#2212 = EDGE_CURVE('',#2181,#2173,#2213,.T.);
#2213 = CIRCLE('',#2214,2.5E-02);
#2214 = AXIS2_PLACEMENT_3D('',#2215,#2216,#2217);
#2215 = CARTESIAN_POINT('',(0.,-0.8,0.));
#2216 = DIRECTION('',(0.,0.,1.));
#2217 = DIRECTION('',(-1.,0.,-0.));
#2218 = CYLINDRICAL_SURFACE('',#2219,2.5E-02);
#2219 = AXIS2_PLACEMENT_3D('',#2220,#2221,#2222);
#2220 = CARTESIAN_POINT('',(0.,-0.8,0.4));
#2221 = DIRECTION('',(-0.,-0.,-1.));
#2222 = DIRECTION('',(-1.,0.,0.));
#2223 = ADVANCED_FACE('',(#2224),#2228,.F.);
#2224 = FACE_BOUND('',#2225,.T.);
#2225 = EDGE_LOOP('',(#2226,#2227));
#2226 = ORIENTED_EDGE('',*,*,#2204,.T.);
#2227 = ORIENTED_EDGE('',*,*,#2161,.T.);
#2228 = PLANE('',#2229);
#2229 = AXIS2_PLACEMENT_3D('',#2230,#2231,#2232);
#2230 = CARTESIAN_POINT('',(0.,-0.8,0.4));
#2231 = DIRECTION('',(0.,0.,-1.));
#2232 = DIRECTION('',(-1.,0.,-0.));
#2233 = ADVANCED_FACE('',(#2234),#2238,.T.);
#2234 = FACE_BOUND('',#2235,.T.);
#2235 = EDGE_LOOP('',(#2236,#2237));
#2236 = ORIENTED_EDGE('',*,*,#2212,.F.);
#2237 = ORIENTED_EDGE('',*,*,#2180,.F.);
#2238 = PLANE('',#2239);
#2239 = AXIS2_PLACEMENT_3D('',#2240,#2241,#2242);
#2240 = CARTESIAN_POINT('',(0.,-0.8,0.));
#2241 = DIRECTION('',(0.,0.,-1.));
#2242 = DIRECTION('',(-1.,0.,-0.));
#2243 = MANIFOLD_SOLID_BREP('',#2244);
#2244 = CLOSED_SHELL('',(#2245,#2287,#2311,#2321));
#2245 = ADVANCED_FACE('',(#2246),#2282,.T.);
#2246 = FACE_BOUND('',#2247,.T.);
#2247 = EDGE_LOOP('',(#2248,#2259,#2267,#2276));
#2248 = ORIENTED_EDGE('',*,*,#2249,.F.);
#2249 = EDGE_CURVE('',#2250,#2252,#2254,.T.);
#2250 = VERTEX_POINT('',#2251);
#2251 = CARTESIAN_POINT('',(2.5E-02,-0.4,0.4));
#2252 = VERTEX_POINT('',#2253);
#2253 = CARTESIAN_POINT('',(-2.5E-02,-0.4,0.4));
#2254 = CIRCLE('',#2255,2.5E-02);
#2255 = AXIS2_PLACEMENT_3D('',#2256,#2257,#2258);
#2256 = CARTESIAN_POINT('',(0.,-0.4,0.4));
#2257 = DIRECTION('',(0.,0.,1.));
#2258 = DIRECTION('',(-1.,0.,-0.));
#2259 = ORIENTED_EDGE('',*,*,#2260,.T.);
#2260 = EDGE_CURVE('',#2250,#2261,#2263,.T.);
#2261 = VERTEX_POINT('',#2262);
#2262 = CARTESIAN_POINT('',(2.5E-02,-0.4,0.));
#2263 = LINE('',#2264,#2265);
#2264 = CARTESIAN_POINT('',(2.5E-02,-0.4,0.4));
#2265 = VECTOR('',#2266,1.);
#2266 = DIRECTION('',(-0.,-0.,-1.));
#2267 = ORIENTED_EDGE('',*,*,#2268,.T.);
#2268 = EDGE_CURVE('',#2261,#2269,#2271,.T.);
#2269 = VERTEX_POINT('',#2270);
#2270 = CARTESIAN_POINT('',(-2.5E-02,-0.4,0.));
#2271 = CIRCLE('',#2272,2.5E-02);
#2272 = AXIS2_PLACEMENT_3D('',#2273,#2274,#2275);
#2273 = CARTESIAN_POINT('',(0.,-0.4,0.));
#2274 = DIRECTION('',(0.,0.,1.));
#2275 = DIRECTION('',(-1.,0.,-0.));
#2276 = ORIENTED_EDGE('',*,*,#2277,.F.);
#2277 = EDGE_CURVE('',#2252,#2269,#2278,.T.);
#2278 = LINE('',#2279,#2280);
#2279 = CARTESIAN_POINT('',(-2.5E-02,-0.4,0.4));
#2280 = VECTOR('',#2281,1.);
#2281 = DIRECTION('',(-0.,-0.,-1.));
#2282 = CYLINDRICAL_SURFACE('',#2283,2.5E-02);
#2283 = AXIS2_PLACEMENT_3D('',#2284,#2285,#2286);
#2284 = CARTESIAN_POINT('',(0.,-0.4,0.4));
#2285 = DIRECTION('',(-0.,-0.,-1.));
#2286 = DIRECTION('',(-1.,0.,0.));
#2287 = ADVANCED_FACE('',(#2288),#2306,.T.);
#2288 = FACE_BOUND('',#2289,.T.);
#2289 = EDGE_LOOP('',(#2290,#2291,#2298,#2299));
#2290 = ORIENTED_EDGE('',*,*,#2260,.F.);
#2291 = ORIENTED_EDGE('',*,*,#2292,.F.);
#2292 = EDGE_CURVE('',#2252,#2250,#2293,.T.);
#2293 = CIRCLE('',#2294,2.5E-02);
#2294 = AXIS2_PLACEMENT_3D('',#2295,#2296,#2297);
#2295 = CARTESIAN_POINT('',(0.,-0.4,0.4));
#2296 = DIRECTION('',(0.,0.,1.));
#2297 = DIRECTION('',(-1.,0.,-0.));
#2298 = ORIENTED_EDGE('',*,*,#2277,.T.);
#2299 = ORIENTED_EDGE('',*,*,#2300,.T.);
#2300 = EDGE_CURVE('',#2269,#2261,#2301,.T.);
#2301 = CIRCLE('',#2302,2.5E-02);
#2302 = AXIS2_PLACEMENT_3D('',#2303,#2304,#2305);
#2303 = CARTESIAN_POINT('',(0.,-0.4,0.));
#2304 = DIRECTION('',(0.,0.,1.));
#2305 = DIRECTION('',(-1.,0.,-0.));
#2306 = CYLINDRICAL_SURFACE('',#2307,2.5E-02);
#2307 = AXIS2_PLACEMENT_3D('',#2308,#2309,#2310);
#2308 = CARTESIAN_POINT('',(0.,-0.4,0.4));
#2309 = DIRECTION('',(-0.,-0.,-1.));
#2310 = DIRECTION('',(-1.,0.,0.));
#2311 = ADVANCED_FACE('',(#2312),#2316,.F.);
#2312 = FACE_BOUND('',#2313,.T.);
#2313 = EDGE_LOOP('',(#2314,#2315));
#2314 = ORIENTED_EDGE('',*,*,#2292,.T.);
#2315 = ORIENTED_EDGE('',*,*,#2249,.T.);
#2316 = PLANE('',#2317);
#2317 = AXIS2_PLACEMENT_3D('',#2318,#2319,#2320);
#2318 = CARTESIAN_POINT('',(0.,-0.4,0.4));
#2319 = DIRECTION('',(0.,0.,-1.));
#2320 = DIRECTION('',(-1.,0.,-0.));
#2321 = ADVANCED_FACE('',(#2322),#2326,.T.);
#2322 = FACE_BOUND('',#2323,.T.);
#2323 = EDGE_LOOP('',(#2324,#2325));
#2324 = ORIENTED_EDGE('',*,*,#2300,.F.);
#2325 = ORIENTED_EDGE('',*,*,#2268,.F.);
#2326 = PLANE('',#2327);
#2327 = AXIS2_PLACEMENT_3D('',#2328,#2329,#2330);
#2328 = CARTESIAN_POINT('',(0.,-0.4,0.));
#2329 = DIRECTION('',(0.,0.,-1.));
#2330 = DIRECTION('',(-1.,0.,-0.));
#2331 = MANIFOLD_SOLID_BREP('',#2332);
#2332 = CLOSED_SHELL('',(#2333,#2375,#2399,#2409));
#2333 = ADVANCED_FACE('',(#2334),#2370,.T.);
#2334 = FACE_BOUND('',#2335,.T.);
#2335 = EDGE_LOOP('',(#2336,#2347,#2355,#2364));
#2336 = ORIENTED_EDGE('',*,*,#2337,.F.);
#2337 = EDGE_CURVE('',#2338,#2340,#2342,.T.);
#2338 = VERTEX_POINT('',#2339);
#2339 = CARTESIAN_POINT('',(0.425,-0.4,0.4));
#2340 = VERTEX_POINT('',#2341);
#2341 = CARTESIAN_POINT('',(0.375,-0.4,0.4));
#2342 = CIRCLE('',#2343,2.5E-02);
#2343 = AXIS2_PLACEMENT_3D('',#2344,#2345,#2346);
#2344 = CARTESIAN_POINT('',(0.4,-0.4,0.4));
#2345 = DIRECTION('',(0.,0.,1.));
#2346 = DIRECTION('',(1.,0.,-0.));
#2347 = ORIENTED_EDGE('',*,*,#2348,.T.);
#2348 = EDGE_CURVE('',#2338,#2349,#2351,.T.);
#2349 = VERTEX_POINT('',#2350);
#2350 = CARTESIAN_POINT('',(0.425,-0.4,0.));
#2351 = LINE('',#2352,#2353);
#2352 = CARTESIAN_POINT('',(0.425,-0.4,0.4));
#2353 = VECTOR('',#2354,1.);
#2354 = DIRECTION('',(-0.,-0.,-1.));
#2355 = ORIENTED_EDGE('',*,*,#2356,.T.);
#2356 = EDGE_CURVE('',#2349,#2357,#2359,.T.);
#2357 = VERTEX_POINT('',#2358);
#2358 = CARTESIAN_POINT('',(0.375,-0.4,0.));
#2359 = CIRCLE('',#2360,2.5E-02);
#2360 = AXIS2_PLACEMENT_3D('',#2361,#2362,#2363);
#2361 = CARTESIAN_POINT('',(0.4,-0.4,0.));
#2362 = DIRECTION('',(0.,0.,1.));
#2363 = DIRECTION('',(1.,0.,-0.));
#2364 = ORIENTED_EDGE('',*,*,#2365,.F.);
#2365 = EDGE_CURVE('',#2340,#2357,#2366,.T.);
#2366 = LINE('',#2367,#2368);
#2367 = CARTESIAN_POINT('',(0.375,-0.4,0.4));
#2368 = VECTOR('',#2369,1.);
#2369 = DIRECTION('',(-0.,-0.,-1.));
#2370 = CYLINDRICAL_SURFACE('',#2371,2.5E-02);
#2371 = AXIS2_PLACEMENT_3D('',#2372,#2373,#2374);
#2372 = CARTESIAN_POINT('',(0.4,-0.4,0.4));
#2373 = DIRECTION('',(-0.,-0.,-1.));
#2374 = DIRECTION('',(-1.,0.,0.));
#2375 = ADVANCED_FACE('',(#2376),#2394,.T.);
#2376 = FACE_BOUND('',#2377,.T.);
#2377 = EDGE_LOOP('',(#2378,#2379,#2386,#2387));
#2378 = ORIENTED_EDGE('',*,*,#2348,.F.);
#2379 = ORIENTED_EDGE('',*,*,#2380,.F.);
#2380 = EDGE_CURVE('',#2340,#2338,#2381,.T.);
#2381 = CIRCLE('',#2382,2.5E-02);
#2382 = AXIS2_PLACEMENT_3D('',#2383,#2384,#2385);
#2383 = CARTESIAN_POINT('',(0.4,-0.4,0.4));
#2384 = DIRECTION('',(0.,0.,1.));
#2385 = DIRECTION('',(1.,0.,-0.));
#2386 = ORIENTED_EDGE('',*,*,#2365,.T.);
#2387 = ORIENTED_EDGE('',*,*,#2388,.T.);
#2388 = EDGE_CURVE('',#2357,#2349,#2389,.T.);
#2389 = CIRCLE('',#2390,2.5E-02);
#2390 = AXIS2_PLACEMENT_3D('',#2391,#2392,#2393);
#2391 = CARTESIAN_POINT('',(0.4,-0.4,0.));
#2392 = DIRECTION('',(0.,0.,1.));
#2393 = DIRECTION('',(1.,0.,-0.));
#2394 = CYLINDRICAL_SURFACE('',#2395,2.5E-02);
#2395 = AXIS2_PLACEMENT_3D('',#2396,#2397,#2398);
#2396 = CARTESIAN_POINT('',(0.4,-0.4,0.4));
#2397 = DIRECTION('',(-0.,-0.,-1.));
#2398 = DIRECTION('',(-1.,0.,0.));
#2399 = ADVANCED_FACE('',(#2400),#2404,.T.);
#2400 = FACE_BOUND('',#2401,.T.);
#2401 = EDGE_LOOP('',(#2402,#2403));
#2402 = ORIENTED_EDGE('',*,*,#2380,.T.);
#2403 = ORIENTED_EDGE('',*,*,#2337,.T.);
#2404 = PLANE('',#2405);
#2405 = AXIS2_PLACEMENT_3D('',#2406,#2407,#2408);
#2406 = CARTESIAN_POINT('',(0.4,-0.4,0.4));
#2407 = DIRECTION('',(0.,0.,1.));
#2408 = DIRECTION('',(1.,0.,-0.));
#2409 = ADVANCED_FACE('',(#2410),#2414,.F.);
#2410 = FACE_BOUND('',#2411,.T.);
#2411 = EDGE_LOOP('',(#2412,#2413));
#2412 = ORIENTED_EDGE('',*,*,#2388,.F.);
#2413 = ORIENTED_EDGE('',*,*,#2356,.F.);
#2414 = PLANE('',#2415);
#2415 = AXIS2_PLACEMENT_3D('',#2416,#2417,#2418);
#2416 = CARTESIAN_POINT('',(0.4,-0.4,0.));
#2417 = DIRECTION('',(0.,0.,1.));
#2418 = DIRECTION('',(1.,0.,-0.));
#2419 = MANIFOLD_SOLID_BREP('',#2420);
#2420 = CLOSED_SHELL('',(#2421,#2463,#2487,#2497));
#2421 = ADVANCED_FACE('',(#2422),#2458,.T.);
#2422 = FACE_BOUND('',#2423,.T.);
#2423 = EDGE_LOOP('',(#2424,#2435,#2443,#2452));
#2424 = ORIENTED_EDGE('',*,*,#2425,.F.);
#2425 = EDGE_CURVE('',#2426,#2428,#2430,.T.);
#2426 = VERTEX_POINT('',#2427);
#2427 = CARTESIAN_POINT('',(0.425,-0.8,0.4));
#2428 = VERTEX_POINT('',#2429);
#2429 = CARTESIAN_POINT('',(0.375,-0.8,0.4));
#2430 = CIRCLE('',#2431,2.5E-02);
#2431 = AXIS2_PLACEMENT_3D('',#2432,#2433,#2434);
#2432 = CARTESIAN_POINT('',(0.4,-0.8,0.4));
#2433 = DIRECTION('',(0.,0.,1.));
#2434 = DIRECTION('',(1.,0.,-0.));
#2435 = ORIENTED_EDGE('',*,*,#2436,.T.);
#2436 = EDGE_CURVE('',#2426,#2437,#2439,.T.);
#2437 = VERTEX_POINT('',#2438);
#2438 = CARTESIAN_POINT('',(0.425,-0.8,0.));
#2439 = LINE('',#2440,#2441);
#2440 = CARTESIAN_POINT('',(0.425,-0.8,0.4));
#2441 = VECTOR('',#2442,1.);
#2442 = DIRECTION('',(-0.,-0.,-1.));
#2443 = ORIENTED_EDGE('',*,*,#2444,.T.);
#2444 = EDGE_CURVE('',#2437,#2445,#2447,.T.);
#2445 = VERTEX_POINT('',#2446);
#2446 = CARTESIAN_POINT('',(0.375,-0.8,0.));
#2447 = CIRCLE('',#2448,2.5E-02);
#2448 = AXIS2_PLACEMENT_3D('',#2449,#2450,#2451);
#2449 = CARTESIAN_POINT('',(0.4,-0.8,0.));
#2450 = DIRECTION('',(0.,0.,1.));
#2451 = DIRECTION('',(1.,0.,-0.));
#2452 = ORIENTED_EDGE('',*,*,#2453,.F.);
#2453 = EDGE_CURVE('',#2428,#2445,#2454,.T.);
#2454 = LINE('',#2455,#2456);
#2455 = CARTESIAN_POINT('',(0.375,-0.8,0.4));
#2456 = VECTOR('',#2457,1.);
#2457 = DIRECTION('',(-0.,-0.,-1.));
#2458 = CYLINDRICAL_SURFACE('',#2459,2.5E-02);
#2459 = AXIS2_PLACEMENT_3D('',#2460,#2461,#2462);
#2460 = CARTESIAN_POINT('',(0.4,-0.8,0.4));
#2461 = DIRECTION('',(-0.,-0.,-1.));
#2462 = DIRECTION('',(-1.,0.,0.));
#2463 = ADVANCED_FACE('',(#2464),#2482,.T.);
#2464 = FACE_BOUND('',#2465,.T.);
#2465 = EDGE_LOOP('',(#2466,#2467,#2474,#2475));
#2466 = ORIENTED_EDGE('',*,*,#2436,.F.);
#2467 = ORIENTED_EDGE('',*,*,#2468,.F.);
#2468 = EDGE_CURVE('',#2428,#2426,#2469,.T.);
#2469 = CIRCLE('',#2470,2.5E-02);
#2470 = AXIS2_PLACEMENT_3D('',#2471,#2472,#2473);
#2471 = CARTESIAN_POINT('',(0.4,-0.8,0.4));
#2472 = DIRECTION('',(0.,0.,1.));
#2473 = DIRECTION('',(1.,0.,-0.));
#2474 = ORIENTED_EDGE('',*,*,#2453,.T.);
#2475 = ORIENTED_EDGE('',*,*,#2476,.T.);
#2476 = EDGE_CURVE('',#2445,#2437,#2477,.T.);
#2477 = CIRCLE('',#2478,2.5E-02);
#2478 = AXIS2_PLACEMENT_3D('',#2479,#2480,#2481);
#2479 = CARTESIAN_POINT('',(0.4,-0.8,0.));
#2480 = DIRECTION('',(0.,0.,1.));
#2481 = DIRECTION('',(1.,0.,-0.));
#2482 = CYLINDRICAL_SURFACE('',#2483,2.5E-02);
#2483 = AXIS2_PLACEMENT_3D('',#2484,#2485,#2486);
#2484 = CARTESIAN_POINT('',(0.4,-0.8,0.4));
#2485 = DIRECTION('',(-0.,-0.,-1.));
#2486 = DIRECTION('',(-1.,0.,0.));
#2487 = ADVANCED_FACE('',(#2488),#2492,.T.);
#2488 = FACE_BOUND('',#2489,.T.);
#2489 = EDGE_LOOP('',(#2490,#2491));
#2490 = ORIENTED_EDGE('',*,*,#2468,.T.);
#2491 = ORIENTED_EDGE('',*,*,#2425,.T.);
#2492 = PLANE('',#2493);
#2493 = AXIS2_PLACEMENT_3D('',#2494,#2495,#2496);
#2494 = CARTESIAN_POINT('',(0.4,-0.8,0.4));
#2495 = DIRECTION('',(0.,0.,1.));
#2496 = DIRECTION('',(1.,0.,-0.));
#2497 = ADVANCED_FACE('',(#2498),#2502,.F.);
#2498 = FACE_BOUND('',#2499,.T.);
#2499 = EDGE_LOOP('',(#2500,#2501));
#2500 = ORIENTED_EDGE('',*,*,#2476,.F.);
#2501 = ORIENTED_EDGE('',*,*,#2444,.F.);
#2502 = PLANE('',#2503);
#2503 = AXIS2_PLACEMENT_3D('',#2504,#2505,#2506);
#2504 = CARTESIAN_POINT('',(0.4,-0.8,0.));
#2505 = DIRECTION('',(0.,0.,1.));
#2506 = DIRECTION('',(1.,0.,-0.));
#2507 = MANIFOLD_SOLID_BREP('',#2508);
#2508 = CLOSED_SHELL('',(#2509,#2551,#2575,#2585));
#2509 = ADVANCED_FACE('',(#2510),#2546,.T.);
#2510 = FACE_BOUND('',#2511,.T.);
#2511 = EDGE_LOOP('',(#2512,#2523,#2531,#2540));
#2512 = ORIENTED_EDGE('',*,*,#2513,.F.);
#2513 = EDGE_CURVE('',#2514,#2516,#2518,.T.);
#2514 = VERTEX_POINT('',#2515);
#2515 = CARTESIAN_POINT('',(0.825,-0.4,0.4));
#2516 = VERTEX_POINT('',#2517);
#2517 = CARTESIAN_POINT('',(0.775,-0.4,0.4));
#2518 = CIRCLE('',#2519,2.5E-02);
#2519 = AXIS2_PLACEMENT_3D('',#2520,#2521,#2522);
#2520 = CARTESIAN_POINT('',(0.8,-0.4,0.4));
#2521 = DIRECTION('',(0.,0.,1.));
#2522 = DIRECTION('',(1.,0.,-0.));
#2523 = ORIENTED_EDGE('',*,*,#2524,.T.);
#2524 = EDGE_CURVE('',#2514,#2525,#2527,.T.);
#2525 = VERTEX_POINT('',#2526);
#2526 = CARTESIAN_POINT('',(0.825,-0.4,0.));
#2527 = LINE('',#2528,#2529);
#2528 = CARTESIAN_POINT('',(0.825,-0.4,0.4));
#2529 = VECTOR('',#2530,1.);
#2530 = DIRECTION('',(-0.,-0.,-1.));
#2531 = ORIENTED_EDGE('',*,*,#2532,.T.);
#2532 = EDGE_CURVE('',#2525,#2533,#2535,.T.);
#2533 = VERTEX_POINT('',#2534);
#2534 = CARTESIAN_POINT('',(0.775,-0.4,0.));
#2535 = CIRCLE('',#2536,2.5E-02);
#2536 = AXIS2_PLACEMENT_3D('',#2537,#2538,#2539);
#2537 = CARTESIAN_POINT('',(0.8,-0.4,0.));
#2538 = DIRECTION('',(0.,0.,1.));
#2539 = DIRECTION('',(1.,0.,-0.));
#2540 = ORIENTED_EDGE('',*,*,#2541,.F.);
#2541 = EDGE_CURVE('',#2516,#2533,#2542,.T.);
#2542 = LINE('',#2543,#2544);
#2543 = CARTESIAN_POINT('',(0.775,-0.4,0.4));
#2544 = VECTOR('',#2545,1.);
#2545 = DIRECTION('',(-0.,-0.,-1.));
#2546 = CYLINDRICAL_SURFACE('',#2547,2.5E-02);
#2547 = AXIS2_PLACEMENT_3D('',#2548,#2549,#2550);
#2548 = CARTESIAN_POINT('',(0.8,-0.4,0.4));
#2549 = DIRECTION('',(-0.,-0.,-1.));
#2550 = DIRECTION('',(-1.,0.,0.));
#2551 = ADVANCED_FACE('',(#2552),#2570,.T.);
#2552 = FACE_BOUND('',#2553,.T.);
#2553 = EDGE_LOOP('',(#2554,#2555,#2562,#2563));
#2554 = ORIENTED_EDGE('',*,*,#2524,.F.);
#2555 = ORIENTED_EDGE('',*,*,#2556,.F.);
#2556 = EDGE_CURVE('',#2516,#2514,#2557,.T.);
#2557 = CIRCLE('',#2558,2.5E-02);
#2558 = AXIS2_PLACEMENT_3D('',#2559,#2560,#2561);
#2559 = CARTESIAN_POINT('',(0.8,-0.4,0.4));
#2560 = DIRECTION('',(0.,0.,1.));
#2561 = DIRECTION('',(1.,0.,-0.));
#2562 = ORIENTED_EDGE('',*,*,#2541,.T.);
#2563 = ORIENTED_EDGE('',*,*,#2564,.T.);
#2564 = EDGE_CURVE('',#2533,#2525,#2565,.T.);
#2565 = CIRCLE('',#2566,2.5E-02);
#2566 = AXIS2_PLACEMENT_3D('',#2567,#2568,#2569);
#2567 = CARTESIAN_POINT('',(0.8,-0.4,0.));
#2568 = DIRECTION('',(0.,0.,1.));
#2569 = DIRECTION('',(1.,0.,-0.));
#2570 = CYLINDRICAL_SURFACE('',#2571,2.5E-02);
#2571 = AXIS2_PLACEMENT_3D('',#2572,#2573,#2574);
#2572 = CARTESIAN_POINT('',(0.8,-0.4,0.4));
#2573 = DIRECTION('',(-0.,-0.,-1.));
#2574 = DIRECTION('',(-1.,0.,0.));
#2575 = ADVANCED_FACE('',(#2576),#2580,.T.);
#2576 = FACE_BOUND('',#2577,.T.);
#2577 = EDGE_LOOP('',(#2578,#2579));
#2578 = ORIENTED_EDGE('',*,*,#2556,.T.);
#2579 = ORIENTED_EDGE('',*,*,#2513,.T.);
#2580 = PLANE('',#2581);
#2581 = AXIS2_PLACEMENT_3D('',#2582,#2583,#2584);
#2582 = CARTESIAN_POINT('',(0.8,-0.4,0.4));
#2583 = DIRECTION('',(0.,0.,1.));
#2584 = DIRECTION('',(1.,0.,-0.));
#2585 = ADVANCED_FACE('',(#2586),#2590,.F.);
#2586 = FACE_BOUND('',#2587,.T.);
#2587 = EDGE_LOOP('',(#2588,#2589));
#2588 = ORIENTED_EDGE('',*,*,#2564,.F.);
#2589 = ORIENTED_EDGE('',*,*,#2532,.F.);
#2590 = PLANE('',#2591);
#2591 = AXIS2_PLACEMENT_3D('',#2592,#2593,#2594);
#2592 = CARTESIAN_POINT('',(0.8,-0.4,0.));
#2593 = DIRECTION('',(0.,0.,1.));
#2594 = DIRECTION('',(1.,0.,-0.));
#2595 = MANIFOLD_SOLID_BREP('',#2596);
#2596 = CLOSED_SHELL('',(#2597,#2639,#2663,#2673));
#2597 = ADVANCED_FACE('',(#2598),#2634,.T.);
#2598 = FACE_BOUND('',#2599,.T.);
#2599 = EDGE_LOOP('',(#2600,#2611,#2619,#2628));
#2600 = ORIENTED_EDGE('',*,*,#2601,.F.);
#2601 = EDGE_CURVE('',#2602,#2604,#2606,.T.);
#2602 = VERTEX_POINT('',#2603);
#2603 = CARTESIAN_POINT('',(0.825,3.061616997868E-18,0.4));
#2604 = VERTEX_POINT('',#2605);
#2605 = CARTESIAN_POINT('',(0.775,0.,0.4));
#2606 = CIRCLE('',#2607,2.5E-02);
#2607 = AXIS2_PLACEMENT_3D('',#2608,#2609,#2610);
#2608 = CARTESIAN_POINT('',(0.8,0.,0.4));
#2609 = DIRECTION('',(0.,0.,1.));
#2610 = DIRECTION('',(-1.,0.,-0.));
#2611 = ORIENTED_EDGE('',*,*,#2612,.T.);
#2612 = EDGE_CURVE('',#2602,#2613,#2615,.T.);
#2613 = VERTEX_POINT('',#2614);
#2614 = CARTESIAN_POINT('',(0.825,3.061616997868E-18,0.));
#2615 = LINE('',#2616,#2617);
#2616 = CARTESIAN_POINT('',(0.825,3.061616997868E-18,0.4));
#2617 = VECTOR('',#2618,1.);
#2618 = DIRECTION('',(-0.,-0.,-1.));
#2619 = ORIENTED_EDGE('',*,*,#2620,.T.);
#2620 = EDGE_CURVE('',#2613,#2621,#2623,.T.);
#2621 = VERTEX_POINT('',#2622);
#2622 = CARTESIAN_POINT('',(0.775,0.,0.));
#2623 = CIRCLE('',#2624,2.5E-02);
#2624 = AXIS2_PLACEMENT_3D('',#2625,#2626,#2627);
#2625 = CARTESIAN_POINT('',(0.8,0.,0.));
#2626 = DIRECTION('',(0.,0.,1.));
#2627 = DIRECTION('',(-1.,0.,-0.));
#2628 = ORIENTED_EDGE('',*,*,#2629,.F.);
#2629 = EDGE_CURVE('',#2604,#2621,#2630,.T.);
#2630 = LINE('',#2631,#2632);
#2631 = CARTESIAN_POINT('',(0.775,0.,0.4));
#2632 = VECTOR('',#2633,1.);
#2633 = DIRECTION('',(-0.,-0.,-1.));
#2634 = CYLINDRICAL_SURFACE('',#2635,2.5E-02);
#2635 = AXIS2_PLACEMENT_3D('',#2636,#2637,#2638);
#2636 = CARTESIAN_POINT('',(0.8,0.,0.4));
#2637 = DIRECTION('',(-0.,-0.,-1.));
#2638 = DIRECTION('',(-1.,0.,0.));
#2639 = ADVANCED_FACE('',(#2640),#2658,.T.);
#2640 = FACE_BOUND('',#2641,.T.);
#2641 = EDGE_LOOP('',(#2642,#2643,#2650,#2651));
#2642 = ORIENTED_EDGE('',*,*,#2612,.F.);
#2643 = ORIENTED_EDGE('',*,*,#2644,.F.);
#2644 = EDGE_CURVE('',#2604,#2602,#2645,.T.);
#2645 = CIRCLE('',#2646,2.5E-02);
#2646 = AXIS2_PLACEMENT_3D('',#2647,#2648,#2649);
#2647 = CARTESIAN_POINT('',(0.8,0.,0.4));
#2648 = DIRECTION('',(0.,0.,1.));
#2649 = DIRECTION('',(-1.,0.,-0.));
#2650 = ORIENTED_EDGE('',*,*,#2629,.T.);
#2651 = ORIENTED_EDGE('',*,*,#2652,.T.);
#2652 = EDGE_CURVE('',#2621,#2613,#2653,.T.);
#2653 = CIRCLE('',#2654,2.5E-02);
#2654 = AXIS2_PLACEMENT_3D('',#2655,#2656,#2657);
#2655 = CARTESIAN_POINT('',(0.8,0.,0.));
#2656 = DIRECTION('',(0.,0.,1.));
#2657 = DIRECTION('',(-1.,0.,-0.));
#2658 = CYLINDRICAL_SURFACE('',#2659,2.5E-02);
#2659 = AXIS2_PLACEMENT_3D('',#2660,#2661,#2662);
#2660 = CARTESIAN_POINT('',(0.8,0.,0.4));
#2661 = DIRECTION('',(-0.,-0.,-1.));
#2662 = DIRECTION('',(-1.,0.,0.));
#2663 = ADVANCED_FACE('',(#2664),#2668,.F.);
#2664 = FACE_BOUND('',#2665,.T.);
#2665 = EDGE_LOOP('',(#2666,#2667));
#2666 = ORIENTED_EDGE('',*,*,#2644,.T.);
#2667 = ORIENTED_EDGE('',*,*,#2601,.T.);
#2668 = PLANE('',#2669);
#2669 = AXIS2_PLACEMENT_3D('',#2670,#2671,#2672);
#2670 = CARTESIAN_POINT('',(0.8,0.,0.4));
#2671 = DIRECTION('',(0.,0.,-1.));
#2672 = DIRECTION('',(-1.,0.,-0.));
#2673 = ADVANCED_FACE('',(#2674),#2678,.T.);
#2674 = FACE_BOUND('',#2675,.T.);
#2675 = EDGE_LOOP('',(#2676,#2677));
#2676 = ORIENTED_EDGE('',*,*,#2652,.F.);
#2677 = ORIENTED_EDGE('',*,*,#2620,.F.);
#2678 = PLANE('',#2679);
#2679 = AXIS2_PLACEMENT_3D('',#2680,#2681,#2682);
#2680 = CARTESIAN_POINT('',(0.8,0.,0.));
#2681 = DIRECTION('',(0.,0.,-1.));
#2682 = DIRECTION('',(-1.,0.,-0.));
#2683 = MANIFOLD_SOLID_BREP('',#2684);
#2684 = CLOSED_SHELL('',(#2685,#2727,#2751,#2761));
#2685 = ADVANCED_FACE('',(#2686),#2722,.T.);
#2686 = FACE_BOUND('',#2687,.T.);
#2687 = EDGE_LOOP('',(#2688,#2699,#2707,#2716));
#2688 = ORIENTED_EDGE('',*,*,#2689,.F.);
#2689 = EDGE_CURVE('',#2690,#2692,#2694,.T.);
#2690 = VERTEX_POINT('',#2691);
#2691 = CARTESIAN_POINT('',(0.425,3.061616997868E-18,0.4));
#2692 = VERTEX_POINT('',#2693);
#2693 = CARTESIAN_POINT('',(0.375,0.,0.4));
#2694 = CIRCLE('',#2695,2.5E-02);
#2695 = AXIS2_PLACEMENT_3D('',#2696,#2697,#2698);
#2696 = CARTESIAN_POINT('',(0.4,0.,0.4));
#2697 = DIRECTION('',(0.,0.,1.));
#2698 = DIRECTION('',(-1.,0.,-0.));
#2699 = ORIENTED_EDGE('',*,*,#2700,.T.);
#2700 = EDGE_CURVE('',#2690,#2701,#2703,.T.);
#2701 = VERTEX_POINT('',#2702);
#2702 = CARTESIAN_POINT('',(0.425,3.061616997868E-18,0.));
#2703 = LINE('',#2704,#2705);
#2704 = CARTESIAN_POINT('',(0.425,3.061616997868E-18,0.4));
#2705 = VECTOR('',#2706,1.);
#2706 = DIRECTION('',(-0.,-0.,-1.));
#2707 = ORIENTED_EDGE('',*,*,#2708,.T.);
#2708 = EDGE_CURVE('',#2701,#2709,#2711,.T.);
#2709 = VERTEX_POINT('',#2710);
#2710 = CARTESIAN_POINT('',(0.375,0.,0.));
#2711 = CIRCLE('',#2712,2.5E-02);
#2712 = AXIS2_PLACEMENT_3D('',#2713,#2714,#2715);
#2713 = CARTESIAN_POINT('',(0.4,0.,0.));
#2714 = DIRECTION('',(0.,0.,1.));
#2715 = DIRECTION('',(-1.,0.,-0.));
#2716 = ORIENTED_EDGE('',*,*,#2717,.F.);
#2717 = EDGE_CURVE('',#2692,#2709,#2718,.T.);
#2718 = LINE('',#2719,#2720);
#2719 = CARTESIAN_POINT('',(0.375,0.,0.4));
#2720 = VECTOR('',#2721,1.);
#2721 = DIRECTION('',(-0.,-0.,-1.));
#2722 = CYLINDRICAL_SURFACE('',#2723,2.5E-02);
#2723 = AXIS2_PLACEMENT_3D('',#2724,#2725,#2726);
#2724 = CARTESIAN_POINT('',(0.4,0.,0.4));
#2725 = DIRECTION('',(-0.,-0.,-1.));
#2726 = DIRECTION('',(-1.,0.,0.));
#2727 = ADVANCED_FACE('',(#2728),#2746,.T.);
#2728 = FACE_BOUND('',#2729,.T.);
#2729 = EDGE_LOOP('',(#2730,#2731,#2738,#2739));
#2730 = ORIENTED_EDGE('',*,*,#2700,.F.);
#2731 = ORIENTED_EDGE('',*,*,#2732,.F.);
#2732 = EDGE_CURVE('',#2692,#2690,#2733,.T.);
#2733 = CIRCLE('',#2734,2.5E-02);
#2734 = AXIS2_PLACEMENT_3D('',#2735,#2736,#2737);
#2735 = CARTESIAN_POINT('',(0.4,0.,0.4));
#2736 = DIRECTION('',(0.,0.,1.));
#2737 = DIRECTION('',(-1.,0.,-0.));
#2738 = ORIENTED_EDGE('',*,*,#2717,.T.);
#2739 = ORIENTED_EDGE('',*,*,#2740,.T.);
#2740 = EDGE_CURVE('',#2709,#2701,#2741,.T.);
#2741 = CIRCLE('',#2742,2.5E-02);
#2742 = AXIS2_PLACEMENT_3D('',#2743,#2744,#2745);
#2743 = CARTESIAN_POINT('',(0.4,0.,0.));
#2744 = DIRECTION('',(0.,0.,1.));
#2745 = DIRECTION('',(-1.,0.,-0.));
#2746 = CYLINDRICAL_SURFACE('',#2747,2.5E-02);
#2747 = AXIS2_PLACEMENT_3D('',#2748,#2749,#2750);
#2748 = CARTESIAN_POINT('',(0.4,0.,0.4));
#2749 = DIRECTION('',(-0.,-0.,-1.));
#2750 = DIRECTION('',(-1.,0.,0.));
#2751 = ADVANCED_FACE('',(#2752),#2756,.F.);
#2752 = FACE_BOUND('',#2753,.T.);
#2753 = EDGE_LOOP('',(#2754,#2755));
#2754 = ORIENTED_EDGE('',*,*,#2732,.T.);
#2755 = ORIENTED_EDGE('',*,*,#2689,.T.);
#2756 = PLANE('',#2757);
#2757 = AXIS2_PLACEMENT_3D('',#2758,#2759,#2760);
#2758 = CARTESIAN_POINT('',(0.4,0.,0.4));
#2759 = DIRECTION('',(0.,0.,-1.));
#2760 = DIRECTION('',(-1.,0.,-0.));
#2761 = ADVANCED_FACE('',(#2762),#2766,.T.);
#2762 = FACE_BOUND('',#2763,.T.);
#2763 = EDGE_LOOP('',(#2764,#2765));
#2764 = ORIENTED_EDGE('',*,*,#2740,.F.);
#2765 = ORIENTED_EDGE('',*,*,#2708,.F.);
#2766 = PLANE('',#2767);
#2767 = AXIS2_PLACEMENT_3D('',#2768,#2769,#2770);
#2768 = CARTESIAN_POINT('',(0.4,0.,0.));
#2769 = DIRECTION('',(0.,0.,-1.));
#2770 = DIRECTION('',(-1.,0.,-0.));
#2771 = MANIFOLD_SOLID_BREP('',#2772);
#2772 = CLOSED_SHELL('',(#2773,#2815,#2839,#2849));
#2773 = ADVANCED_FACE('',(#2774),#2810,.T.);
#2774 = FACE_BOUND('',#2775,.T.);
#2775 = EDGE_LOOP('',(#2776,#2787,#2795,#2804));
#2776 = ORIENTED_EDGE('',*,*,#2777,.F.);
#2777 = EDGE_CURVE('',#2778,#2780,#2782,.T.);
#2778 = VERTEX_POINT('',#2779);
#2779 = CARTESIAN_POINT('',(0.825,0.4,0.4));
#2780 = VERTEX_POINT('',#2781);
#2781 = CARTESIAN_POINT('',(0.775,0.4,0.4));
#2782 = CIRCLE('',#2783,2.5E-02);
#2783 = AXIS2_PLACEMENT_3D('',#2784,#2785,#2786);
#2784 = CARTESIAN_POINT('',(0.8,0.4,0.4));
#2785 = DIRECTION('',(0.,0.,1.));
#2786 = DIRECTION('',(-1.,0.,-0.));
#2787 = ORIENTED_EDGE('',*,*,#2788,.T.);
#2788 = EDGE_CURVE('',#2778,#2789,#2791,.T.);
#2789 = VERTEX_POINT('',#2790);
#2790 = CARTESIAN_POINT('',(0.825,0.4,0.));
#2791 = LINE('',#2792,#2793);
#2792 = CARTESIAN_POINT('',(0.825,0.4,0.4));
#2793 = VECTOR('',#2794,1.);
#2794 = DIRECTION('',(-0.,-0.,-1.));
#2795 = ORIENTED_EDGE('',*,*,#2796,.T.);
#2796 = EDGE_CURVE('',#2789,#2797,#2799,.T.);
#2797 = VERTEX_POINT('',#2798);
#2798 = CARTESIAN_POINT('',(0.775,0.4,0.));
#2799 = CIRCLE('',#2800,2.5E-02);
#2800 = AXIS2_PLACEMENT_3D('',#2801,#2802,#2803);
#2801 = CARTESIAN_POINT('',(0.8,0.4,0.));
#2802 = DIRECTION('',(0.,0.,1.));
#2803 = DIRECTION('',(-1.,0.,-0.));
#2804 = ORIENTED_EDGE('',*,*,#2805,.F.);
#2805 = EDGE_CURVE('',#2780,#2797,#2806,.T.);
#2806 = LINE('',#2807,#2808);
#2807 = CARTESIAN_POINT('',(0.775,0.4,0.4));
#2808 = VECTOR('',#2809,1.);
#2809 = DIRECTION('',(-0.,-0.,-1.));
#2810 = CYLINDRICAL_SURFACE('',#2811,2.5E-02);
#2811 = AXIS2_PLACEMENT_3D('',#2812,#2813,#2814);
#2812 = CARTESIAN_POINT('',(0.8,0.4,0.4));
#2813 = DIRECTION('',(-0.,-0.,-1.));
#2814 = DIRECTION('',(-1.,0.,0.));
#2815 = ADVANCED_FACE('',(#2816),#2834,.T.);
#2816 = FACE_BOUND('',#2817,.T.);
#2817 = EDGE_LOOP('',(#2818,#2819,#2826,#2827));
#2818 = ORIENTED_EDGE('',*,*,#2788,.F.);
#2819 = ORIENTED_EDGE('',*,*,#2820,.F.);
#2820 = EDGE_CURVE('',#2780,#2778,#2821,.T.);
#2821 = CIRCLE('',#2822,2.5E-02);
#2822 = AXIS2_PLACEMENT_3D('',#2823,#2824,#2825);
#2823 = CARTESIAN_POINT('',(0.8,0.4,0.4));
#2824 = DIRECTION('',(0.,0.,1.));
#2825 = DIRECTION('',(-1.,0.,-0.));
#2826 = ORIENTED_EDGE('',*,*,#2805,.T.);
#2827 = ORIENTED_EDGE('',*,*,#2828,.T.);
#2828 = EDGE_CURVE('',#2797,#2789,#2829,.T.);
#2829 = CIRCLE('',#2830,2.5E-02);
#2830 = AXIS2_PLACEMENT_3D('',#2831,#2832,#2833);
#2831 = CARTESIAN_POINT('',(0.8,0.4,0.));
#2832 = DIRECTION('',(0.,0.,1.));
#2833 = DIRECTION('',(-1.,0.,-0.));
#2834 = CYLINDRICAL_SURFACE('',#2835,2.5E-02);
#2835 = AXIS2_PLACEMENT_3D('',#2836,#2837,#2838);
#2836 = CARTESIAN_POINT('',(0.8,0.4,0.4));
#2837 = DIRECTION('',(-0.,-0.,-1.));
#2838 = DIRECTION('',(-1.,0.,0.));
#2839 = ADVANCED_FACE('',(#2840),#2844,.F.);
#2840 = FACE_BOUND('',#2841,.T.);
#2841 = EDGE_LOOP('',(#2842,#2843));
#2842 = ORIENTED_EDGE('',*,*,#2820,.T.);
#2843 = ORIENTED_EDGE('',*,*,#2777,.T.);
#2844 = PLANE('',#2845);
#2845 = AXIS2_PLACEMENT_3D('',#2846,#2847,#2848);
#2846 = CARTESIAN_POINT('',(0.8,0.4,0.4));
#2847 = DIRECTION('',(0.,0.,-1.));
#2848 = DIRECTION('',(-1.,0.,-0.));
#2849 = ADVANCED_FACE('',(#2850),#2854,.T.);
#2850 = FACE_BOUND('',#2851,.T.);
#2851 = EDGE_LOOP('',(#2852,#2853));
#2852 = ORIENTED_EDGE('',*,*,#2828,.F.);
#2853 = ORIENTED_EDGE('',*,*,#2796,.F.);
#2854 = PLANE('',#2855);
#2855 = AXIS2_PLACEMENT_3D('',#2856,#2857,#2858);
#2856 = CARTESIAN_POINT('',(0.8,0.4,0.));
#2857 = DIRECTION('',(0.,0.,-1.));
#2858 = DIRECTION('',(-1.,0.,-0.));
#2859 = MANIFOLD_SOLID_BREP('',#2860);
#2860 = CLOSED_SHELL('',(#2861,#2903,#2927,#2937));
#2861 = ADVANCED_FACE('',(#2862),#2898,.T.);
#2862 = FACE_BOUND('',#2863,.T.);
#2863 = EDGE_LOOP('',(#2864,#2875,#2883,#2892));
#2864 = ORIENTED_EDGE('',*,*,#2865,.F.);
#2865 = EDGE_CURVE('',#2866,#2868,#2870,.T.);
#2866 = VERTEX_POINT('',#2867);
#2867 = CARTESIAN_POINT('',(0.425,0.8,0.4));
#2868 = VERTEX_POINT('',#2869);
#2869 = CARTESIAN_POINT('',(0.375,0.8,0.4));
#2870 = CIRCLE('',#2871,2.5E-02);
#2871 = AXIS2_PLACEMENT_3D('',#2872,#2873,#2874);
#2872 = CARTESIAN_POINT('',(0.4,0.8,0.4));
#2873 = DIRECTION('',(0.,0.,1.));
#2874 = DIRECTION('',(-1.,0.,-0.));
#2875 = ORIENTED_EDGE('',*,*,#2876,.T.);
#2876 = EDGE_CURVE('',#2866,#2877,#2879,.T.);
#2877 = VERTEX_POINT('',#2878);
#2878 = CARTESIAN_POINT('',(0.425,0.8,0.));
#2879 = LINE('',#2880,#2881);
#2880 = CARTESIAN_POINT('',(0.425,0.8,0.4));
#2881 = VECTOR('',#2882,1.);
#2882 = DIRECTION('',(-0.,-0.,-1.));
#2883 = ORIENTED_EDGE('',*,*,#2884,.T.);
#2884 = EDGE_CURVE('',#2877,#2885,#2887,.T.);
#2885 = VERTEX_POINT('',#2886);
#2886 = CARTESIAN_POINT('',(0.375,0.8,0.));
#2887 = CIRCLE('',#2888,2.5E-02);
#2888 = AXIS2_PLACEMENT_3D('',#2889,#2890,#2891);
#2889 = CARTESIAN_POINT('',(0.4,0.8,0.));
#2890 = DIRECTION('',(0.,0.,1.));
#2891 = DIRECTION('',(-1.,0.,-0.));
#2892 = ORIENTED_EDGE('',*,*,#2893,.F.);
#2893 = EDGE_CURVE('',#2868,#2885,#2894,.T.);
#2894 = LINE('',#2895,#2896);
#2895 = CARTESIAN_POINT('',(0.375,0.8,0.4));
#2896 = VECTOR('',#2897,1.);
#2897 = DIRECTION('',(-0.,-0.,-1.));
#2898 = CYLINDRICAL_SURFACE('',#2899,2.5E-02);
#2899 = AXIS2_PLACEMENT_3D('',#2900,#2901,#2902);
#2900 = CARTESIAN_POINT('',(0.4,0.8,0.4));
#2901 = DIRECTION('',(-0.,-0.,-1.));
#2902 = DIRECTION('',(-1.,0.,0.));
#2903 = ADVANCED_FACE('',(#2904),#2922,.T.);
#2904 = FACE_BOUND('',#2905,.T.);
#2905 = EDGE_LOOP('',(#2906,#2907,#2914,#2915));
#2906 = ORIENTED_EDGE('',*,*,#2876,.F.);
#2907 = ORIENTED_EDGE('',*,*,#2908,.F.);
#2908 = EDGE_CURVE('',#2868,#2866,#2909,.T.);
#2909 = CIRCLE('',#2910,2.5E-02);
#2910 = AXIS2_PLACEMENT_3D('',#2911,#2912,#2913);
#2911 = CARTESIAN_POINT('',(0.4,0.8,0.4));
#2912 = DIRECTION('',(0.,0.,1.));
#2913 = DIRECTION('',(-1.,0.,-0.));
#2914 = ORIENTED_EDGE('',*,*,#2893,.T.);
#2915 = ORIENTED_EDGE('',*,*,#2916,.T.);
#2916 = EDGE_CURVE('',#2885,#2877,#2917,.T.);
#2917 = CIRCLE('',#2918,2.5E-02);
#2918 = AXIS2_PLACEMENT_3D('',#2919,#2920,#2921);
#2919 = CARTESIAN_POINT('',(0.4,0.8,0.));
#2920 = DIRECTION('',(0.,0.,1.));
#2921 = DIRECTION('',(-1.,0.,-0.));
#2922 = CYLINDRICAL_SURFACE('',#2923,2.5E-02);
#2923 = AXIS2_PLACEMENT_3D('',#2924,#2925,#2926);
#2924 = CARTESIAN_POINT('',(0.4,0.8,0.4));
#2925 = DIRECTION('',(-0.,-0.,-1.));
#2926 = DIRECTION('',(-1.,0.,0.));
#2927 = ADVANCED_FACE('',(#2928),#2932,.F.);
#2928 = FACE_BOUND('',#2929,.T.);
#2929 = EDGE_LOOP('',(#2930,#2931));
#2930 = ORIENTED_EDGE('',*,*,#2908,.T.);
#2931 = ORIENTED_EDGE('',*,*,#2865,.T.);
#2932 = PLANE('',#2933);
#2933 = AXIS2_PLACEMENT_3D('',#2934,#2935,#2936);
#2934 = CARTESIAN_POINT('',(0.4,0.8,0.4));
#2935 = DIRECTION('',(0.,0.,-1.));
#2936 = DIRECTION('',(-1.,0.,-0.));
#2937 = ADVANCED_FACE('',(#2938),#2942,.T.);
#2938 = FACE_BOUND('',#2939,.T.);
#2939 = EDGE_LOOP('',(#2940,#2941));
#2940 = ORIENTED_EDGE('',*,*,#2916,.F.);
#2941 = ORIENTED_EDGE('',*,*,#2884,.F.);
#2942 = PLANE('',#2943);
#2943 = AXIS2_PLACEMENT_3D('',#2944,#2945,#2946);
#2944 = CARTESIAN_POINT('',(0.4,0.8,0.));
#2945 = DIRECTION('',(0.,0.,-1.));
#2946 = DIRECTION('',(-1.,0.,-0.));
#2947 = MANIFOLD_SOLID_BREP('',#2948);
#2948 = CLOSED_SHELL('',(#2949,#2991,#3015,#3025));
#2949 = ADVANCED_FACE('',(#2950),#2986,.T.);
#2950 = FACE_BOUND('',#2951,.T.);
#2951 = EDGE_LOOP('',(#2952,#2963,#2971,#2980));
#2952 = ORIENTED_EDGE('',*,*,#2953,.F.);
#2953 = EDGE_CURVE('',#2954,#2956,#2958,.T.);
#2954 = VERTEX_POINT('',#2955);
#2955 = CARTESIAN_POINT('',(0.425,0.4,0.4));
#2956 = VERTEX_POINT('',#2957);
#2957 = CARTESIAN_POINT('',(0.375,0.4,0.4));
#2958 = CIRCLE('',#2959,2.5E-02);
#2959 = AXIS2_PLACEMENT_3D('',#2960,#2961,#2962);
#2960 = CARTESIAN_POINT('',(0.4,0.4,0.4));
#2961 = DIRECTION('',(0.,0.,1.));
#2962 = DIRECTION('',(-1.,0.,-0.));
#2963 = ORIENTED_EDGE('',*,*,#2964,.T.);
#2964 = EDGE_CURVE('',#2954,#2965,#2967,.T.);
#2965 = VERTEX_POINT('',#2966);
#2966 = CARTESIAN_POINT('',(0.425,0.4,0.));
#2967 = LINE('',#2968,#2969);
#2968 = CARTESIAN_POINT('',(0.425,0.4,0.4));
#2969 = VECTOR('',#2970,1.);
#2970 = DIRECTION('',(-0.,-0.,-1.));
#2971 = ORIENTED_EDGE('',*,*,#2972,.T.);
#2972 = EDGE_CURVE('',#2965,#2973,#2975,.T.);
#2973 = VERTEX_POINT('',#2974);
#2974 = CARTESIAN_POINT('',(0.375,0.4,0.));
#2975 = CIRCLE('',#2976,2.5E-02);
#2976 = AXIS2_PLACEMENT_3D('',#2977,#2978,#2979);
#2977 = CARTESIAN_POINT('',(0.4,0.4,0.));
#2978 = DIRECTION('',(0.,0.,1.));
#2979 = DIRECTION('',(-1.,0.,-0.));
#2980 = ORIENTED_EDGE('',*,*,#2981,.F.);
#2981 = EDGE_CURVE('',#2956,#2973,#2982,.T.);
#2982 = LINE('',#2983,#2984);
#2983 = CARTESIAN_POINT('',(0.375,0.4,0.4));
#2984 = VECTOR('',#2985,1.);
#2985 = DIRECTION('',(-0.,-0.,-1.));
#2986 = CYLINDRICAL_SURFACE('',#2987,2.5E-02);
#2987 = AXIS2_PLACEMENT_3D('',#2988,#2989,#2990);
#2988 = CARTESIAN_POINT('',(0.4,0.4,0.4));
#2989 = DIRECTION('',(-0.,-0.,-1.));
#2990 = DIRECTION('',(-1.,0.,0.));
#2991 = ADVANCED_FACE('',(#2992),#3010,.T.);
#2992 = FACE_BOUND('',#2993,.T.);
#2993 = EDGE_LOOP('',(#2994,#2995,#3002,#3003));
#2994 = ORIENTED_EDGE('',*,*,#2964,.F.);
#2995 = ORIENTED_EDGE('',*,*,#2996,.F.);
#2996 = EDGE_CURVE('',#2956,#2954,#2997,.T.);
#2997 = CIRCLE('',#2998,2.5E-02);
#2998 = AXIS2_PLACEMENT_3D('',#2999,#3000,#3001);
#2999 = CARTESIAN_POINT('',(0.4,0.4,0.4));
#3000 = DIRECTION('',(0.,0.,1.));
#3001 = DIRECTION('',(-1.,0.,-0.));
#3002 = ORIENTED_EDGE('',*,*,#2981,.T.);
#3003 = ORIENTED_EDGE('',*,*,#3004,.T.);
#3004 = EDGE_CURVE('',#2973,#2965,#3005,.T.);
#3005 = CIRCLE('',#3006,2.5E-02);
#3006 = AXIS2_PLACEMENT_3D('',#3007,#3008,#3009);
#3007 = CARTESIAN_POINT('',(0.4,0.4,0.));
#3008 = DIRECTION('',(0.,0.,1.));
#3009 = DIRECTION('',(-1.,0.,-0.));
#3010 = CYLINDRICAL_SURFACE('',#3011,2.5E-02);
#3011 = AXIS2_PLACEMENT_3D('',#3012,#3013,#3014);
#3012 = CARTESIAN_POINT('',(0.4,0.4,0.4));
#3013 = DIRECTION('',(-0.,-0.,-1.));
#3014 = DIRECTION('',(-1.,0.,0.));
#3015 = ADVANCED_FACE('',(#3016),#3020,.F.);
#3016 = FACE_BOUND('',#3017,.T.);
#3017 = EDGE_LOOP('',(#3018,#3019));
#3018 = ORIENTED_EDGE('',*,*,#2996,.T.);
#3019 = ORIENTED_EDGE('',*,*,#2953,.T.);
#3020 = PLANE('',#3021);
#3021 = AXIS2_PLACEMENT_3D('',#3022,#3023,#3024);
#3022 = CARTESIAN_POINT('',(0.4,0.4,0.4));
#3023 = DIRECTION('',(0.,0.,-1.));
#3024 = DIRECTION('',(-1.,0.,-0.));
#3025 = ADVANCED_FACE('',(#3026),#3030,.T.);
#3026 = FACE_BOUND('',#3027,.T.);
#3027 = EDGE_LOOP('',(#3028,#3029));
#3028 = ORIENTED_EDGE('',*,*,#3004,.F.);
#3029 = ORIENTED_EDGE('',*,*,#2972,.F.);
#3030 = PLANE('',#3031);
#3031 = AXIS2_PLACEMENT_3D('',#3032,#3033,#3034);
#3032 = CARTESIAN_POINT('',(0.4,0.4,0.));
#3033 = DIRECTION('',(0.,0.,-1.));
#3034 = DIRECTION('',(-1.,0.,-0.));
#3035 = ( GEOMETRIC_REPRESENTATION_CONTEXT(3) 
GLOBAL_UNCERTAINTY_ASSIGNED_CONTEXT((#3039)) 
GLOBAL_UNIT_ASSIGNED_CONTEXT((#3036,#3037,#3038)) REPRESENTATION_CONTEXT
('Context #1','3D Context with UNIT and UNCERTAINTY') );
#3036 = ( LENGTH_UNIT() NAMED_UNIT(*) SI_UNIT(.MILLI.,.METRE.) );
#3037 = ( NAMED_UNIT(*) PLANE_ANGLE_UNIT() SI_UNIT($,.RADIAN.) );
#3038 = ( NAMED_UNIT(*) SI_UNIT($,.STERADIAN.) SOLID_ANGLE_UNIT() );
#3039 = UNCERTAINTY_MEASURE_WITH_UNIT(LENGTH_MEASURE(1.E-07),#3036,
  'distance_accuracy_value','confusion accuracy');
#3040 = SHAPE_DEFINITION_REPRESENTATION(#3041,#1186);
#3041 = PRODUCT_DEFINITION_SHAPE('','',#3042);
#3042 = PRODUCT_DEFINITION('design','',#3043,#3046);
#3043 = PRODUCT_DEFINITION_FORMATION('','',#3044);
#3044 = PRODUCT('Microneedle_3D','Microneedle_3D','',(#3045));
#3045 = PRODUCT_CONTEXT('',#2,'mechanical');
#3046 = PRODUCT_DEFINITION_CONTEXT('part definition',#2,'design');
#3047 = CONTEXT_DEPENDENT_SHAPE_REPRESENTATION(#3048,#3050);
#3048 = ( REPRESENTATION_RELATIONSHIP('','',#1186,#1176) 
REPRESENTATION_RELATIONSHIP_WITH_TRANSFORMATION(#3049) 
SHAPE_REPRESENTATION_RELATIONSHIP() );
#3049 = ITEM_DEFINED_TRANSFORMATION('','',#11,#1177);
#3050 = PRODUCT_DEFINITION_SHAPE('Placement','Placement of an item',
  #3051);
#3051 = NEXT_ASSEMBLY_USAGE_OCCURRENCE('78','','',#1171,#3042,$);
#3052 = PRODUCT_RELATED_PRODUCT_CATEGORY('part',$,(#3044));
#3053 = CONTEXT_DEPENDENT_SHAPE_REPRESENTATION(#3054,#3056);
#3054 = ( REPRESENTATION_RELATIONSHIP('','',#1176,#10) 
REPRESENTATION_RELATIONSHIP_WITH_TRANSFORMATION(#3055) 
SHAPE_REPRESENTATION_RELATIONSHIP() );
#3055 = ITEM_DEFINED_TRANSFORMATION('','',#11,#19);
#3056 = PRODUCT_DEFINITION_SHAPE('Placement','Placement of an item',
  #3057);
#3057 = NEXT_ASSEMBLY_USAGE_OCCURRENCE('79','','',#5,#1171,$);
#3058 = PRODUCT_RELATED_PRODUCT_CATEGORY('part',$,(#1173));
#3059 = SHAPE_DEFINITION_REPRESENTATION(#3060,#3066);
#3060 = PRODUCT_DEFINITION_SHAPE('','',#3061);
#3061 = PRODUCT_DEFINITION('design','',#3062,#3065);
#3062 = PRODUCT_DEFINITION_FORMATION('','',#3063);
#3063 = PRODUCT('E31','E31','',(#3064));
#3064 = PRODUCT_CONTEXT('',#2,'mechanical');
#3065 = PRODUCT_DEFINITION_CONTEXT('part definition',#2,'design');
#3066 = SHAPE_REPRESENTATION('',(#11,#3067),#3071);
#3067 = AXIS2_PLACEMENT_3D('',#3068,#3069,#3070);
#3068 = CARTESIAN_POINT('',(17.000002718828,39.250008856719,0.));
#3069 = DIRECTION('',(0.,0.,1.));
#3070 = DIRECTION('',(-4.371138828674E-08,1.,0.));
#3071 = ( GEOMETRIC_REPRESENTATION_CONTEXT(3) 
GLOBAL_UNCERTAINTY_ASSIGNED_CONTEXT((#3075)) 
GLOBAL_UNIT_ASSIGNED_CONTEXT((#3072,#3073,#3074)) REPRESENTATION_CONTEXT
('Context #1','3D Context with UNIT and UNCERTAINTY') );
#3072 = ( LENGTH_UNIT() NAMED_UNIT(*) SI_UNIT(.MILLI.,.METRE.) );
#3073 = ( NAMED_UNIT(*) PLANE_ANGLE_UNIT() SI_UNIT($,.RADIAN.) );
#3074 = ( NAMED_UNIT(*) SI_UNIT($,.STERADIAN.) SOLID_ANGLE_UNIT() );
#3075 = UNCERTAINTY_MEASURE_WITH_UNIT(LENGTH_MEASURE(1.E-07),#3072,
  'distance_accuracy_value','confusion accuracy');
#3076 = CONTEXT_DEPENDENT_SHAPE_REPRESENTATION(#3077,#3079);
#3077 = ( REPRESENTATION_RELATIONSHIP('','',#1186,#3066) 
REPRESENTATION_RELATIONSHIP_WITH_TRANSFORMATION(#3078) 
SHAPE_REPRESENTATION_RELATIONSHIP() );
#3078 = ITEM_DEFINED_TRANSFORMATION('','',#11,#3067);
#3079 = PRODUCT_DEFINITION_SHAPE('Placement','Placement of an item',
  #3080);
#3080 = NEXT_ASSEMBLY_USAGE_OCCURRENCE('80','','',#3061,#3042,$);
#3081 = CONTEXT_DEPENDENT_SHAPE_REPRESENTATION(#3082,#3084);
#3082 = ( REPRESENTATION_RELATIONSHIP('','',#3066,#10) 
REPRESENTATION_RELATIONSHIP_WITH_TRANSFORMATION(#3083) 
SHAPE_REPRESENTATION_RELATIONSHIP() );
#3083 = ITEM_DEFINED_TRANSFORMATION('','',#11,#23);
#3084 = PRODUCT_DEFINITION_SHAPE('Placement','Placement of an item',
  #3085);
#3085 = NEXT_ASSEMBLY_USAGE_OCCURRENCE('81','','',#5,#3061,$);
#3086 = PRODUCT_RELATED_PRODUCT_CATEGORY('part',$,(#3063));
#3087 = SHAPE_DEFINITION_REPRESENTATION(#3088,#3094);
#3088 = PRODUCT_DEFINITION_SHAPE('','',#3089);
#3089 = PRODUCT_DEFINITION('design','',#3090,#3093);
#3090 = PRODUCT_DEFINITION_FORMATION('','',#3091);
#3091 = PRODUCT('E30','E30','',(#3092));
#3092 = PRODUCT_CONTEXT('',#2,'mechanical');
#3093 = PRODUCT_DEFINITION_CONTEXT('part definition',#2,'design');
#3094 = SHAPE_REPRESENTATION('',(#11,#3095),#3099);
#3095 = AXIS2_PLACEMENT_3D('',#3096,#3097,#3098);
#3096 = CARTESIAN_POINT('',(17.000002718828,24.250008856719,0.));
#3097 = DIRECTION('',(0.,0.,1.));
#3098 = DIRECTION('',(-4.371138828674E-08,1.,0.));
#3099 = ( GEOMETRIC_REPRESENTATION_CONTEXT(3) 
GLOBAL_UNCERTAINTY_ASSIGNED_CONTEXT((#3103)) 
GLOBAL_UNIT_ASSIGNED_CONTEXT((#3100,#3101,#3102)) REPRESENTATION_CONTEXT
('Context #1','3D Context with UNIT and UNCERTAINTY') );
#3100 = ( LENGTH_UNIT() NAMED_UNIT(*) SI_UNIT(.MILLI.,.METRE.) );
#3101 = ( NAMED_UNIT(*) PLANE_ANGLE_UNIT() SI_UNIT($,.RADIAN.) );
#3102 = ( NAMED_UNIT(*) SI_UNIT($,.STERADIAN.) SOLID_ANGLE_UNIT() );
#3103 = UNCERTAINTY_MEASURE_WITH_UNIT(LENGTH_MEASURE(1.E-07),#3100,
  'distance_accuracy_value','confusion accuracy');
#3104 = CONTEXT_DEPENDENT_SHAPE_REPRESENTATION(#3105,#3107);
#3105 = ( REPRESENTATION_RELATIONSHIP('','',#1186,#3094) 
REPRESENTATION_RELATIONSHIP_WITH_TRANSFORMATION(#3106) 
SHAPE_REPRESENTATION_RELATIONSHIP() );
#3106 = ITEM_DEFINED_TRANSFORMATION('','',#11,#3095);
#3107 = PRODUCT_DEFINITION_SHAPE('Placement','Placement of an item',
  #3108);
#3108 = NEXT_ASSEMBLY_USAGE_OCCURRENCE('82','','',#3089,#3042,$);
#3109 = CONTEXT_DEPENDENT_SHAPE_REPRESENTATION(#3110,#3112);
#3110 = ( REPRESENTATION_RELATIONSHIP('','',#3094,#10) 
REPRESENTATION_RELATIONSHIP_WITH_TRANSFORMATION(#3111) 
SHAPE_REPRESENTATION_RELATIONSHIP() );
#3111 = ITEM_DEFINED_TRANSFORMATION('','',#11,#27);
#3112 = PRODUCT_DEFINITION_SHAPE('Placement','Placement of an item',
  #3113);
#3113 = NEXT_ASSEMBLY_USAGE_OCCURRENCE('83','','',#5,#3089,$);
#3114 = PRODUCT_RELATED_PRODUCT_CATEGORY('part',$,(#3091));
#3115 = SHAPE_DEFINITION_REPRESENTATION(#3116,#3122);
#3116 = PRODUCT_DEFINITION_SHAPE('','',#3117);
#3117 = PRODUCT_DEFINITION('design','',#3118,#3121);
#3118 = PRODUCT_DEFINITION_FORMATION('','',#3119);
#3119 = PRODUCT('E29','E29','',(#3120));
#3120 = PRODUCT_CONTEXT('',#2,'mechanical');
#3121 = PRODUCT_DEFINITION_CONTEXT('part definition',#2,'design');
#3122 = SHAPE_REPRESENTATION('',(#11,#3123),#3127);
#3123 = AXIS2_PLACEMENT_3D('',#3124,#3125,#3126);
#3124 = CARTESIAN_POINT('',(17.000002718828,19.250008856719,0.));
#3125 = DIRECTION('',(0.,0.,1.));
#3126 = DIRECTION('',(-4.371138828674E-08,1.,0.));
#3127 = ( GEOMETRIC_REPRESENTATION_CONTEXT(3) 
GLOBAL_UNCERTAINTY_ASSIGNED_CONTEXT((#3131)) 
GLOBAL_UNIT_ASSIGNED_CONTEXT((#3128,#3129,#3130)) REPRESENTATION_CONTEXT
('Context #1','3D Context with UNIT and UNCERTAINTY') );
#3128 = ( LENGTH_UNIT() NAMED_UNIT(*) SI_UNIT(.MILLI.,.METRE.) );
#3129 = ( NAMED_UNIT(*) PLANE_ANGLE_UNIT() SI_UNIT($,.RADIAN.) );
#3130 = ( NAMED_UNIT(*) SI_UNIT($,.STERADIAN.) SOLID_ANGLE_UNIT() );
#3131 = UNCERTAINTY_MEASURE_WITH_UNIT(LENGTH_MEASURE(1.E-07),#3128,
  'distance_accuracy_value','confusion accuracy');
#3132 = CONTEXT_DEPENDENT_SHAPE_REPRESENTATION(#3133,#3135);
#3133 = ( REPRESENTATION_RELATIONSHIP('','',#1186,#3122) 
REPRESENTATION_RELATIONSHIP_WITH_TRANSFORMATION(#3134) 
SHAPE_REPRESENTATION_RELATIONSHIP() );
#3134 = ITEM_DEFINED_TRANSFORMATION('','',#11,#3123);
#3135 = PRODUCT_DEFINITION_SHAPE('Placement','Placement of an item',
  #3136);
#3136 = NEXT_ASSEMBLY_USAGE_OCCURRENCE('84','','',#3117,#3042,$);
#3137 = CONTEXT_DEPENDENT_SHAPE_REPRESENTATION(#3138,#3140);
#3138 = ( REPRESENTATION_RELATIONSHIP('','',#3122,#10) 
REPRESENTATION_RELATIONSHIP_WITH_TRANSFORMATION(#3139) 
SHAPE_REPRESENTATION_RELATIONSHIP() );
#3139 = ITEM_DEFINED_TRANSFORMATION('','',#11,#31);
#3140 = PRODUCT_DEFINITION_SHAPE('Placement','Placement of an item',
  #3141);
#3141 = NEXT_ASSEMBLY_USAGE_OCCURRENCE('85','','',#5,#3117,$);
#3142 = PRODUCT_RELATED_PRODUCT_CATEGORY('part',$,(#3119));
#3143 = SHAPE_DEFINITION_REPRESENTATION(#3144,#3150);
#3144 = PRODUCT_DEFINITION_SHAPE('','',#3145);
#3145 = PRODUCT_DEFINITION('design','',#3146,#3149);
#3146 = PRODUCT_DEFINITION_FORMATION('','',#3147);
#3147 = PRODUCT('E28','E28','',(#3148));
#3148 = PRODUCT_CONTEXT('',#2,'mechanical');
#3149 = PRODUCT_DEFINITION_CONTEXT('part definition',#2,'design');
#3150 = SHAPE_REPRESENTATION('',(#11,#3151),#3155);
#3151 = AXIS2_PLACEMENT_3D('',#3152,#3153,#3154);
#3152 = CARTESIAN_POINT('',(17.000002718828,14.250008856719,0.));
#3153 = DIRECTION('',(0.,0.,1.));
#3154 = DIRECTION('',(-4.371138828674E-08,1.,0.));
#3155 = ( GEOMETRIC_REPRESENTATION_CONTEXT(3) 
GLOBAL_UNCERTAINTY_ASSIGNED_CONTEXT((#3159)) 
GLOBAL_UNIT_ASSIGNED_CONTEXT((#3156,#3157,#3158)) REPRESENTATION_CONTEXT
('Context #1','3D Context with UNIT and UNCERTAINTY') );
#3156 = ( LENGTH_UNIT() NAMED_UNIT(*) SI_UNIT(.MILLI.,.METRE.) );
#3157 = ( NAMED_UNIT(*) PLANE_ANGLE_UNIT() SI_UNIT($,.RADIAN.) );
#3158 = ( NAMED_UNIT(*) SI_UNIT($,.STERADIAN.) SOLID_ANGLE_UNIT() );
#3159 = UNCERTAINTY_MEASURE_WITH_UNIT(LENGTH_MEASURE(1.E-07),#3156,
  'distance_accuracy_value','confusion accuracy');
#3160 = CONTEXT_DEPENDENT_SHAPE_REPRESENTATION(#3161,#3163);
#3161 = ( REPRESENTATION_RELATIONSHIP('','',#1186,#3150) 
REPRESENTATION_RELATIONSHIP_WITH_TRANSFORMATION(#3162) 
SHAPE_REPRESENTATION_RELATIONSHIP() );
#3162 = ITEM_DEFINED_TRANSFORMATION('','',#11,#3151);
#3163 = PRODUCT_DEFINITION_SHAPE('Placement','Placement of an item',
  #3164);
#3164 = NEXT_ASSEMBLY_USAGE_OCCURRENCE('86','','',#3145,#3042,$);
#3165 = CONTEXT_DEPENDENT_SHAPE_REPRESENTATION(#3166,#3168);
#3166 = ( REPRESENTATION_RELATIONSHIP('','',#3150,#10) 
REPRESENTATION_RELATIONSHIP_WITH_TRANSFORMATION(#3167) 
SHAPE_REPRESENTATION_RELATIONSHIP() );
#3167 = ITEM_DEFINED_TRANSFORMATION('','',#11,#35);
#3168 = PRODUCT_DEFINITION_SHAPE('Placement','Placement of an item',
  #3169);
#3169 = NEXT_ASSEMBLY_USAGE_OCCURRENCE('87','','',#5,#3145,$);
#3170 = PRODUCT_RELATED_PRODUCT_CATEGORY('part',$,(#3147));
#3171 = SHAPE_DEFINITION_REPRESENTATION(#3172,#3178);
#3172 = PRODUCT_DEFINITION_SHAPE('','',#3173);
#3173 = PRODUCT_DEFINITION('design','',#3174,#3177);
#3174 = PRODUCT_DEFINITION_FORMATION('','',#3175);
#3175 = PRODUCT('E27','E27','',(#3176));
#3176 = PRODUCT_CONTEXT('',#2,'mechanical');
#3177 = PRODUCT_DEFINITION_CONTEXT('part definition',#2,'design');
#3178 = SHAPE_REPRESENTATION('',(#11,#3179),#3183);
#3179 = AXIS2_PLACEMENT_3D('',#3180,#3181,#3182);
#3180 = CARTESIAN_POINT('',(17.000002718828,9.250008856719,0.));
#3181 = DIRECTION('',(0.,0.,1.));
#3182 = DIRECTION('',(-4.371138828674E-08,1.,0.));
#3183 = ( GEOMETRIC_REPRESENTATION_CONTEXT(3) 
GLOBAL_UNCERTAINTY_ASSIGNED_CONTEXT((#3187)) 
GLOBAL_UNIT_ASSIGNED_CONTEXT((#3184,#3185,#3186)) REPRESENTATION_CONTEXT
('Context #1','3D Context with UNIT and UNCERTAINTY') );
#3184 = ( LENGTH_UNIT() NAMED_UNIT(*) SI_UNIT(.MILLI.,.METRE.) );
#3185 = ( NAMED_UNIT(*) PLANE_ANGLE_UNIT() SI_UNIT($,.RADIAN.) );
#3186 = ( NAMED_UNIT(*) SI_UNIT($,.STERADIAN.) SOLID_ANGLE_UNIT() );
#3187 = UNCERTAINTY_MEASURE_WITH_UNIT(LENGTH_MEASURE(1.E-07),#3184,
  'distance_accuracy_value','confusion accuracy');
#3188 = CONTEXT_DEPENDENT_SHAPE_REPRESENTATION(#3189,#3191);
#3189 = ( REPRESENTATION_RELATIONSHIP('','',#1186,#3178) 
REPRESENTATION_RELATIONSHIP_WITH_TRANSFORMATION(#3190) 
SHAPE_REPRESENTATION_RELATIONSHIP() );
#3190 = ITEM_DEFINED_TRANSFORMATION('','',#11,#3179);
#3191 = PRODUCT_DEFINITION_SHAPE('Placement','Placement of an item',
  #3192);
#3192 = NEXT_ASSEMBLY_USAGE_OCCURRENCE('88','','',#3173,#3042,$);
#3193 = CONTEXT_DEPENDENT_SHAPE_REPRESENTATION(#3194,#3196);
#3194 = ( REPRESENTATION_RELATIONSHIP('','',#3178,#10) 
REPRESENTATION_RELATIONSHIP_WITH_TRANSFORMATION(#3195) 
SHAPE_REPRESENTATION_RELATIONSHIP() );
#3195 = ITEM_DEFINED_TRANSFORMATION('','',#11,#39);
#3196 = PRODUCT_DEFINITION_SHAPE('Placement','Placement of an item',
  #3197);
#3197 = NEXT_ASSEMBLY_USAGE_OCCURRENCE('89','','',#5,#3173,$);
#3198 = PRODUCT_RELATED_PRODUCT_CATEGORY('part',$,(#3175));
#3199 = SHAPE_DEFINITION_REPRESENTATION(#3200,#3206);
#3200 = PRODUCT_DEFINITION_SHAPE('','',#3201);
#3201 = PRODUCT_DEFINITION('design','',#3202,#3205);
#3202 = PRODUCT_DEFINITION_FORMATION('','',#3203);
#3203 = PRODUCT('E26','E26','',(#3204));
#3204 = PRODUCT_CONTEXT('',#2,'mechanical');
#3205 = PRODUCT_DEFINITION_CONTEXT('part definition',#2,'design');
#3206 = SHAPE_REPRESENTATION('',(#11,#3207),#3211);
#3207 = AXIS2_PLACEMENT_3D('',#3208,#3209,#3210);
#3208 = CARTESIAN_POINT('',(17.000002718828,4.250008856719,0.));
#3209 = DIRECTION('',(0.,0.,1.));
#3210 = DIRECTION('',(-4.371138828674E-08,1.,0.));
#3211 = ( GEOMETRIC_REPRESENTATION_CONTEXT(3) 
GLOBAL_UNCERTAINTY_ASSIGNED_CONTEXT((#3215)) 
GLOBAL_UNIT_ASSIGNED_CONTEXT((#3212,#3213,#3214)) REPRESENTATION_CONTEXT
('Context #1','3D Context with UNIT and UNCERTAINTY') );
#3212 = ( LENGTH_UNIT() NAMED_UNIT(*) SI_UNIT(.MILLI.,.METRE.) );
#3213 = ( NAMED_UNIT(*) PLANE_ANGLE_UNIT() SI_UNIT($,.RADIAN.) );
#3214 = ( NAMED_UNIT(*) SI_UNIT($,.STERADIAN.) SOLID_ANGLE_UNIT() );
#3215 = UNCERTAINTY_MEASURE_WITH_UNIT(LENGTH_MEASURE(1.E-07),#3212,
  'distance_accuracy_value','confusion accuracy');
#3216 = CONTEXT_DEPENDENT_SHAPE_REPRESENTATION(#3217,#3219);
#3217 = ( REPRESENTATION_RELATIONSHIP('','',#1186,#3206) 
REPRESENTATION_RELATIONSHIP_WITH_TRANSFORMATION(#3218) 
SHAPE_REPRESENTATION_RELATIONSHIP() );
#3218 = ITEM_DEFINED_TRANSFORMATION('','',#11,#3207);
#3219 = PRODUCT_DEFINITION_SHAPE('Placement','Placement of an item',
  #3220);
#3220 = NEXT_ASSEMBLY_USAGE_OCCURRENCE('90','','',#3201,#3042,$);
#3221 = CONTEXT_DEPENDENT_SHAPE_REPRESENTATION(#3222,#3224);
#3222 = ( REPRESENTATION_RELATIONSHIP('','',#3206,#10) 
REPRESENTATION_RELATIONSHIP_WITH_TRANSFORMATION(#3223) 
SHAPE_REPRESENTATION_RELATIONSHIP() );
#3223 = ITEM_DEFINED_TRANSFORMATION('','',#11,#43);
#3224 = PRODUCT_DEFINITION_SHAPE('Placement','Placement of an item',
  #3225);
#3225 = NEXT_ASSEMBLY_USAGE_OCCURRENCE('91','','',#5,#3201,$);
#3226 = PRODUCT_RELATED_PRODUCT_CATEGORY('part',$,(#3203));
#3227 = SHAPE_DEFINITION_REPRESENTATION(#3228,#3234);
#3228 = PRODUCT_DEFINITION_SHAPE('','',#3229);
#3229 = PRODUCT_DEFINITION('design','',#3230,#3233);
#3230 = PRODUCT_DEFINITION_FORMATION('','',#3231);
#3231 = PRODUCT('E25','E25','',(#3232));
#3232 = PRODUCT_CONTEXT('',#2,'mechanical');
#3233 = PRODUCT_DEFINITION_CONTEXT('part definition',#2,'design');
#3234 = SHAPE_REPRESENTATION('',(#11,#3235),#3239);
#3235 = AXIS2_PLACEMENT_3D('',#3236,#3237,#3238);
#3236 = CARTESIAN_POINT('',(12.000002718828,4.250008856719,0.));
#3237 = DIRECTION('',(0.,0.,1.));
#3238 = DIRECTION('',(-4.371138828674E-08,1.,0.));
#3239 = ( GEOMETRIC_REPRESENTATION_CONTEXT(3) 
GLOBAL_UNCERTAINTY_ASSIGNED_CONTEXT((#3243)) 
GLOBAL_UNIT_ASSIGNED_CONTEXT((#3240,#3241,#3242)) REPRESENTATION_CONTEXT
('Context #1','3D Context with UNIT and UNCERTAINTY') );
#3240 = ( LENGTH_UNIT() NAMED_UNIT(*) SI_UNIT(.MILLI.,.METRE.) );
#3241 = ( NAMED_UNIT(*) PLANE_ANGLE_UNIT() SI_UNIT($,.RADIAN.) );
#3242 = ( NAMED_UNIT(*) SI_UNIT($,.STERADIAN.) SOLID_ANGLE_UNIT() );
#3243 = UNCERTAINTY_MEASURE_WITH_UNIT(LENGTH_MEASURE(1.E-07),#3240,
  'distance_accuracy_value','confusion accuracy');
#3244 = CONTEXT_DEPENDENT_SHAPE_REPRESENTATION(#3245,#3247);
#3245 = ( REPRESENTATION_RELATIONSHIP('','',#1186,#3234) 
REPRESENTATION_RELATIONSHIP_WITH_TRANSFORMATION(#3246) 
SHAPE_REPRESENTATION_RELATIONSHIP() );
#3246 = ITEM_DEFINED_TRANSFORMATION('','',#11,#3235);
#3247 = PRODUCT_DEFINITION_SHAPE('Placement','Placement of an item',
  #3248);
#3248 = NEXT_ASSEMBLY_USAGE_OCCURRENCE('92','','',#3229,#3042,$);
#3249 = CONTEXT_DEPENDENT_SHAPE_REPRESENTATION(#3250,#3252);
#3250 = ( REPRESENTATION_RELATIONSHIP('','',#3234,#10) 
REPRESENTATION_RELATIONSHIP_WITH_TRANSFORMATION(#3251) 
SHAPE_REPRESENTATION_RELATIONSHIP() );
#3251 = ITEM_DEFINED_TRANSFORMATION('','',#11,#47);
#3252 = PRODUCT_DEFINITION_SHAPE('Placement','Placement of an item',
  #3253);
#3253 = NEXT_ASSEMBLY_USAGE_OCCURRENCE('93','','',#5,#3229,$);
#3254 = PRODUCT_RELATED_PRODUCT_CATEGORY('part',$,(#3231));
#3255 = SHAPE_DEFINITION_REPRESENTATION(#3256,#3262);
#3256 = PRODUCT_DEFINITION_SHAPE('','',#3257);
#3257 = PRODUCT_DEFINITION('design','',#3258,#3261);
#3258 = PRODUCT_DEFINITION_FORMATION('','',#3259);
#3259 = PRODUCT('E24','E24','',(#3260));
#3260 = PRODUCT_CONTEXT('',#2,'mechanical');
#3261 = PRODUCT_DEFINITION_CONTEXT('part definition',#2,'design');
#3262 = SHAPE_REPRESENTATION('',(#11,#3263),#3267);
#3263 = AXIS2_PLACEMENT_3D('',#3264,#3265,#3266);
#3264 = CARTESIAN_POINT('',(12.000002718828,9.250008856719,0.));
#3265 = DIRECTION('',(0.,0.,1.));
#3266 = DIRECTION('',(-4.371138828674E-08,1.,0.));
#3267 = ( GEOMETRIC_REPRESENTATION_CONTEXT(3) 
GLOBAL_UNCERTAINTY_ASSIGNED_CONTEXT((#3271)) 
GLOBAL_UNIT_ASSIGNED_CONTEXT((#3268,#3269,#3270)) REPRESENTATION_CONTEXT
('Context #1','3D Context with UNIT and UNCERTAINTY') );
#3268 = ( LENGTH_UNIT() NAMED_UNIT(*) SI_UNIT(.MILLI.,.METRE.) );
#3269 = ( NAMED_UNIT(*) PLANE_ANGLE_UNIT() SI_UNIT($,.RADIAN.) );
#3270 = ( NAMED_UNIT(*) SI_UNIT($,.STERADIAN.) SOLID_ANGLE_UNIT() );
#3271 = UNCERTAINTY_MEASURE_WITH_UNIT(LENGTH_MEASURE(1.E-07),#3268,
  'distance_accuracy_value','confusion accuracy');
#3272 = CONTEXT_DEPENDENT_SHAPE_REPRESENTATION(#3273,#3275);
#3273 = ( REPRESENTATION_RELATIONSHIP('','',#1186,#3262) 
REPRESENTATION_RELATIONSHIP_WITH_TRANSFORMATION(#3274) 
SHAPE_REPRESENTATION_RELATIONSHIP() );
#3274 = ITEM_DEFINED_TRANSFORMATION('','',#11,#3263);
#3275 = PRODUCT_DEFINITION_SHAPE('Placement','Placement of an item',
  #3276);
#3276 = NEXT_ASSEMBLY_USAGE_OCCURRENCE('94','','',#3257,#3042,$);
#3277 = CONTEXT_DEPENDENT_SHAPE_REPRESENTATION(#3278,#3280);
#3278 = ( REPRESENTATION_RELATIONSHIP('','',#3262,#10) 
REPRESENTATION_RELATIONSHIP_WITH_TRANSFORMATION(#3279) 
SHAPE_REPRESENTATION_RELATIONSHIP() );
#3279 = ITEM_DEFINED_TRANSFORMATION('','',#11,#51);
#3280 = PRODUCT_DEFINITION_SHAPE('Placement','Placement of an item',
  #3281);
#3281 = NEXT_ASSEMBLY_USAGE_OCCURRENCE('95','','',#5,#3257,$);
#3282 = PRODUCT_RELATED_PRODUCT_CATEGORY('part',$,(#3259));
#3283 = SHAPE_DEFINITION_REPRESENTATION(#3284,#3290);
#3284 = PRODUCT_DEFINITION_SHAPE('','',#3285);
#3285 = PRODUCT_DEFINITION('design','',#3286,#3289);
#3286 = PRODUCT_DEFINITION_FORMATION('','',#3287);
#3287 = PRODUCT('E23','E23','',(#3288));
#3288 = PRODUCT_CONTEXT('',#2,'mechanical');
#3289 = PRODUCT_DEFINITION_CONTEXT('part definition',#2,'design');
#3290 = SHAPE_REPRESENTATION('',(#11,#3291),#3295);
#3291 = AXIS2_PLACEMENT_3D('',#3292,#3293,#3294);
#3292 = CARTESIAN_POINT('',(17.000002718828,29.250008856719,0.));
#3293 = DIRECTION('',(0.,0.,1.));
#3294 = DIRECTION('',(-4.371138828674E-08,1.,0.));
#3295 = ( GEOMETRIC_REPRESENTATION_CONTEXT(3) 
GLOBAL_UNCERTAINTY_ASSIGNED_CONTEXT((#3299)) 
GLOBAL_UNIT_ASSIGNED_CONTEXT((#3296,#3297,#3298)) REPRESENTATION_CONTEXT
('Context #1','3D Context with UNIT and UNCERTAINTY') );
#3296 = ( LENGTH_UNIT() NAMED_UNIT(*) SI_UNIT(.MILLI.,.METRE.) );
#3297 = ( NAMED_UNIT(*) PLANE_ANGLE_UNIT() SI_UNIT($,.RADIAN.) );
#3298 = ( NAMED_UNIT(*) SI_UNIT($,.STERADIAN.) SOLID_ANGLE_UNIT() );
#3299 = UNCERTAINTY_MEASURE_WITH_UNIT(LENGTH_MEASURE(1.E-07),#3296,
  'distance_accuracy_value','confusion accuracy');
#3300 = CONTEXT_DEPENDENT_SHAPE_REPRESENTATION(#3301,#3303);
#3301 = ( REPRESENTATION_RELATIONSHIP('','',#1186,#3290) 
REPRESENTATION_RELATIONSHIP_WITH_TRANSFORMATION(#3302) 
SHAPE_REPRESENTATION_RELATIONSHIP() );
#3302 = ITEM_DEFINED_TRANSFORMATION('','',#11,#3291);
#3303 = PRODUCT_DEFINITION_SHAPE('Placement','Placement of an item',
  #3304);
#3304 = NEXT_ASSEMBLY_USAGE_OCCURRENCE('96','','',#3285,#3042,$);
#3305 = CONTEXT_DEPENDENT_SHAPE_REPRESENTATION(#3306,#3308);
#3306 = ( REPRESENTATION_RELATIONSHIP('','',#3290,#10) 
REPRESENTATION_RELATIONSHIP_WITH_TRANSFORMATION(#3307) 
SHAPE_REPRESENTATION_RELATIONSHIP() );
#3307 = ITEM_DEFINED_TRANSFORMATION('','',#11,#55);
#3308 = PRODUCT_DEFINITION_SHAPE('Placement','Placement of an item',
  #3309);
#3309 = NEXT_ASSEMBLY_USAGE_OCCURRENCE('97','','',#5,#3285,$);
#3310 = PRODUCT_RELATED_PRODUCT_CATEGORY('part',$,(#3287));
#3311 = SHAPE_DEFINITION_REPRESENTATION(#3312,#3318);
#3312 = PRODUCT_DEFINITION_SHAPE('','',#3313);
#3313 = PRODUCT_DEFINITION('design','',#3314,#3317);
#3314 = PRODUCT_DEFINITION_FORMATION('','',#3315);
#3315 = PRODUCT('E22','E22','',(#3316));
#3316 = PRODUCT_CONTEXT('',#2,'mechanical');
#3317 = PRODUCT_DEFINITION_CONTEXT('part definition',#2,'design');
#3318 = SHAPE_REPRESENTATION('',(#11,#3319),#3323);
#3319 = AXIS2_PLACEMENT_3D('',#3320,#3321,#3322);
#3320 = CARTESIAN_POINT('',(12.000002718828,39.250008856719,0.));
#3321 = DIRECTION('',(0.,0.,1.));
#3322 = DIRECTION('',(-4.371138828674E-08,1.,0.));
#3323 = ( GEOMETRIC_REPRESENTATION_CONTEXT(3) 
GLOBAL_UNCERTAINTY_ASSIGNED_CONTEXT((#3327)) 
GLOBAL_UNIT_ASSIGNED_CONTEXT((#3324,#3325,#3326)) REPRESENTATION_CONTEXT
('Context #1','3D Context with UNIT and UNCERTAINTY') );
#3324 = ( LENGTH_UNIT() NAMED_UNIT(*) SI_UNIT(.MILLI.,.METRE.) );
#3325 = ( NAMED_UNIT(*) PLANE_ANGLE_UNIT() SI_UNIT($,.RADIAN.) );
#3326 = ( NAMED_UNIT(*) SI_UNIT($,.STERADIAN.) SOLID_ANGLE_UNIT() );
#3327 = UNCERTAINTY_MEASURE_WITH_UNIT(LENGTH_MEASURE(1.E-07),#3324,
  'distance_accuracy_value','confusion accuracy');
#3328 = CONTEXT_DEPENDENT_SHAPE_REPRESENTATION(#3329,#3331);
#3329 = ( REPRESENTATION_RELATIONSHIP('','',#1186,#3318) 
REPRESENTATION_RELATIONSHIP_WITH_TRANSFORMATION(#3330) 
SHAPE_REPRESENTATION_RELATIONSHIP() );
#3330 = ITEM_DEFINED_TRANSFORMATION('','',#11,#3319);
#3331 = PRODUCT_DEFINITION_SHAPE('Placement','Placement of an item',
  #3332);
#3332 = NEXT_ASSEMBLY_USAGE_OCCURRENCE('98','','',#3313,#3042,$);
#3333 = CONTEXT_DEPENDENT_SHAPE_REPRESENTATION(#3334,#3336);
#3334 = ( REPRESENTATION_RELATIONSHIP('','',#3318,#10) 
REPRESENTATION_RELATIONSHIP_WITH_TRANSFORMATION(#3335) 
SHAPE_REPRESENTATION_RELATIONSHIP() );
#3335 = ITEM_DEFINED_TRANSFORMATION('','',#11,#59);
#3336 = PRODUCT_DEFINITION_SHAPE('Placement','Placement of an item',
  #3337);
#3337 = NEXT_ASSEMBLY_USAGE_OCCURRENCE('99','','',#5,#3313,$);
#3338 = PRODUCT_RELATED_PRODUCT_CATEGORY('part',$,(#3315));
#3339 = SHAPE_DEFINITION_REPRESENTATION(#3340,#3346);
#3340 = PRODUCT_DEFINITION_SHAPE('','',#3341);
#3341 = PRODUCT_DEFINITION('design','',#3342,#3345);
#3342 = PRODUCT_DEFINITION_FORMATION('','',#3343);
#3343 = PRODUCT('E21','E21','',(#3344));
#3344 = PRODUCT_CONTEXT('',#2,'mechanical');
#3345 = PRODUCT_DEFINITION_CONTEXT('part definition',#2,'design');
#3346 = SHAPE_REPRESENTATION('',(#11,#3347),#3351);
#3347 = AXIS2_PLACEMENT_3D('',#3348,#3349,#3350);
#3348 = CARTESIAN_POINT('',(12.000002718828,34.250008856719,0.));
#3349 = DIRECTION('',(0.,0.,1.));
#3350 = DIRECTION('',(-4.371138828674E-08,1.,0.));
#3351 = ( GEOMETRIC_REPRESENTATION_CONTEXT(3) 
GLOBAL_UNCERTAINTY_ASSIGNED_CONTEXT((#3355)) 
GLOBAL_UNIT_ASSIGNED_CONTEXT((#3352,#3353,#3354)) REPRESENTATION_CONTEXT
('Context #1','3D Context with UNIT and UNCERTAINTY') );
#3352 = ( LENGTH_UNIT() NAMED_UNIT(*) SI_UNIT(.MILLI.,.METRE.) );
#3353 = ( NAMED_UNIT(*) PLANE_ANGLE_UNIT() SI_UNIT($,.RADIAN.) );
#3354 = ( NAMED_UNIT(*) SI_UNIT($,.STERADIAN.) SOLID_ANGLE_UNIT() );
#3355 = UNCERTAINTY_MEASURE_WITH_UNIT(LENGTH_MEASURE(1.E-07),#3352,
  'distance_accuracy_value','confusion accuracy');
#3356 = CONTEXT_DEPENDENT_SHAPE_REPRESENTATION(#3357,#3359);
#3357 = ( REPRESENTATION_RELATIONSHIP('','',#1186,#3346) 
REPRESENTATION_RELATIONSHIP_WITH_TRANSFORMATION(#3358) 
SHAPE_REPRESENTATION_RELATIONSHIP() );
#3358 = ITEM_DEFINED_TRANSFORMATION('','',#11,#3347);
#3359 = PRODUCT_DEFINITION_SHAPE('Placement','Placement of an item',
  #3360);
#3360 = NEXT_ASSEMBLY_USAGE_OCCURRENCE('100','','',#3341,#3042,$);
#3361 = CONTEXT_DEPENDENT_SHAPE_REPRESENTATION(#3362,#3364);
#3362 = ( REPRESENTATION_RELATIONSHIP('','',#3346,#10) 
REPRESENTATION_RELATIONSHIP_WITH_TRANSFORMATION(#3363) 
SHAPE_REPRESENTATION_RELATIONSHIP() );
#3363 = ITEM_DEFINED_TRANSFORMATION('','',#11,#63);
#3364 = PRODUCT_DEFINITION_SHAPE('Placement','Placement of an item',
  #3365);
#3365 = NEXT_ASSEMBLY_USAGE_OCCURRENCE('101','','',#5,#3341,$);
#3366 = PRODUCT_RELATED_PRODUCT_CATEGORY('part',$,(#3343));
#3367 = SHAPE_DEFINITION_REPRESENTATION(#3368,#3374);
#3368 = PRODUCT_DEFINITION_SHAPE('','',#3369);
#3369 = PRODUCT_DEFINITION('design','',#3370,#3373);
#3370 = PRODUCT_DEFINITION_FORMATION('','',#3371);
#3371 = PRODUCT('E20','E20','',(#3372));
#3372 = PRODUCT_CONTEXT('',#2,'mechanical');
#3373 = PRODUCT_DEFINITION_CONTEXT('part definition',#2,'design');
#3374 = SHAPE_REPRESENTATION('',(#11,#3375),#3379);
#3375 = AXIS2_PLACEMENT_3D('',#3376,#3377,#3378);
#3376 = CARTESIAN_POINT('',(12.000002718828,29.250008856719,0.));
#3377 = DIRECTION('',(0.,0.,1.));
#3378 = DIRECTION('',(-4.371138828674E-08,1.,0.));
#3379 = ( GEOMETRIC_REPRESENTATION_CONTEXT(3) 
GLOBAL_UNCERTAINTY_ASSIGNED_CONTEXT((#3383)) 
GLOBAL_UNIT_ASSIGNED_CONTEXT((#3380,#3381,#3382)) REPRESENTATION_CONTEXT
('Context #1','3D Context with UNIT and UNCERTAINTY') );
#3380 = ( LENGTH_UNIT() NAMED_UNIT(*) SI_UNIT(.MILLI.,.METRE.) );
#3381 = ( NAMED_UNIT(*) PLANE_ANGLE_UNIT() SI_UNIT($,.RADIAN.) );
#3382 = ( NAMED_UNIT(*) SI_UNIT($,.STERADIAN.) SOLID_ANGLE_UNIT() );
#3383 = UNCERTAINTY_MEASURE_WITH_UNIT(LENGTH_MEASURE(1.E-07),#3380,
  'distance_accuracy_value','confusion accuracy');
#3384 = CONTEXT_DEPENDENT_SHAPE_REPRESENTATION(#3385,#3387);
#3385 = ( REPRESENTATION_RELATIONSHIP('','',#1186,#3374) 
REPRESENTATION_RELATIONSHIP_WITH_TRANSFORMATION(#3386) 
SHAPE_REPRESENTATION_RELATIONSHIP() );
#3386 = ITEM_DEFINED_TRANSFORMATION('','',#11,#3375);
#3387 = PRODUCT_DEFINITION_SHAPE('Placement','Placement of an item',
  #3388);
#3388 = NEXT_ASSEMBLY_USAGE_OCCURRENCE('102','','',#3369,#3042,$);
#3389 = CONTEXT_DEPENDENT_SHAPE_REPRESENTATION(#3390,#3392);
#3390 = ( REPRESENTATION_RELATIONSHIP('','',#3374,#10) 
REPRESENTATION_RELATIONSHIP_WITH_TRANSFORMATION(#3391) 
SHAPE_REPRESENTATION_RELATIONSHIP() );
#3391 = ITEM_DEFINED_TRANSFORMATION('','',#11,#67);
#3392 = PRODUCT_DEFINITION_SHAPE('Placement','Placement of an item',
  #3393);
#3393 = NEXT_ASSEMBLY_USAGE_OCCURRENCE('103','','',#5,#3369,$);
#3394 = PRODUCT_RELATED_PRODUCT_CATEGORY('part',$,(#3371));
#3395 = SHAPE_DEFINITION_REPRESENTATION(#3396,#3402);
#3396 = PRODUCT_DEFINITION_SHAPE('','',#3397);
#3397 = PRODUCT_DEFINITION('design','',#3398,#3401);
#3398 = PRODUCT_DEFINITION_FORMATION('','',#3399);
#3399 = PRODUCT('E19','E19','',(#3400));
#3400 = PRODUCT_CONTEXT('',#2,'mechanical');
#3401 = PRODUCT_DEFINITION_CONTEXT('part definition',#2,'design');
#3402 = SHAPE_REPRESENTATION('',(#11,#3403),#3407);
#3403 = AXIS2_PLACEMENT_3D('',#3404,#3405,#3406);
#3404 = CARTESIAN_POINT('',(12.000002718828,24.250008856719,0.));
#3405 = DIRECTION('',(0.,0.,1.));
#3406 = DIRECTION('',(-4.371138828674E-08,1.,0.));
#3407 = ( GEOMETRIC_REPRESENTATION_CONTEXT(3) 
GLOBAL_UNCERTAINTY_ASSIGNED_CONTEXT((#3411)) 
GLOBAL_UNIT_ASSIGNED_CONTEXT((#3408,#3409,#3410)) REPRESENTATION_CONTEXT
('Context #1','3D Context with UNIT and UNCERTAINTY') );
#3408 = ( LENGTH_UNIT() NAMED_UNIT(*) SI_UNIT(.MILLI.,.METRE.) );
#3409 = ( NAMED_UNIT(*) PLANE_ANGLE_UNIT() SI_UNIT($,.RADIAN.) );
#3410 = ( NAMED_UNIT(*) SI_UNIT($,.STERADIAN.) SOLID_ANGLE_UNIT() );
#3411 = UNCERTAINTY_MEASURE_WITH_UNIT(LENGTH_MEASURE(1.E-07),#3408,
  'distance_accuracy_value','confusion accuracy');
#3412 = CONTEXT_DEPENDENT_SHAPE_REPRESENTATION(#3413,#3415);
#3413 = ( REPRESENTATION_RELATIONSHIP('','',#1186,#3402) 
REPRESENTATION_RELATIONSHIP_WITH_TRANSFORMATION(#3414) 
SHAPE_REPRESENTATION_RELATIONSHIP() );
#3414 = ITEM_DEFINED_TRANSFORMATION('','',#11,#3403);
#3415 = PRODUCT_DEFINITION_SHAPE('Placement','Placement of an item',
  #3416);
#3416 = NEXT_ASSEMBLY_USAGE_OCCURRENCE('104','','',#3397,#3042,$);
#3417 = CONTEXT_DEPENDENT_SHAPE_REPRESENTATION(#3418,#3420);
#3418 = ( REPRESENTATION_RELATIONSHIP('','',#3402,#10) 
REPRESENTATION_RELATIONSHIP_WITH_TRANSFORMATION(#3419) 
SHAPE_REPRESENTATION_RELATIONSHIP() );
#3419 = ITEM_DEFINED_TRANSFORMATION('','',#11,#71);
#3420 = PRODUCT_DEFINITION_SHAPE('Placement','Placement of an item',
  #3421);
#3421 = NEXT_ASSEMBLY_USAGE_OCCURRENCE('105','','',#5,#3397,$);
#3422 = PRODUCT_RELATED_PRODUCT_CATEGORY('part',$,(#3399));
#3423 = SHAPE_DEFINITION_REPRESENTATION(#3424,#3430);
#3424 = PRODUCT_DEFINITION_SHAPE('','',#3425);
#3425 = PRODUCT_DEFINITION('design','',#3426,#3429);
#3426 = PRODUCT_DEFINITION_FORMATION('','',#3427);
#3427 = PRODUCT('E18','E18','',(#3428));
#3428 = PRODUCT_CONTEXT('',#2,'mechanical');
#3429 = PRODUCT_DEFINITION_CONTEXT('part definition',#2,'design');
#3430 = SHAPE_REPRESENTATION('',(#11,#3431),#3435);
#3431 = AXIS2_PLACEMENT_3D('',#3432,#3433,#3434);
#3432 = CARTESIAN_POINT('',(12.000002718828,19.250008856719,0.));
#3433 = DIRECTION('',(0.,0.,1.));
#3434 = DIRECTION('',(-4.371138828674E-08,1.,0.));
#3435 = ( GEOMETRIC_REPRESENTATION_CONTEXT(3) 
GLOBAL_UNCERTAINTY_ASSIGNED_CONTEXT((#3439)) 
GLOBAL_UNIT_ASSIGNED_CONTEXT((#3436,#3437,#3438)) REPRESENTATION_CONTEXT
('Context #1','3D Context with UNIT and UNCERTAINTY') );
#3436 = ( LENGTH_UNIT() NAMED_UNIT(*) SI_UNIT(.MILLI.,.METRE.) );
#3437 = ( NAMED_UNIT(*) PLANE_ANGLE_UNIT() SI_UNIT($,.RADIAN.) );
#3438 = ( NAMED_UNIT(*) SI_UNIT($,.STERADIAN.) SOLID_ANGLE_UNIT() );
#3439 = UNCERTAINTY_MEASURE_WITH_UNIT(LENGTH_MEASURE(1.E-07),#3436,
  'distance_accuracy_value','confusion accuracy');
#3440 = CONTEXT_DEPENDENT_SHAPE_REPRESENTATION(#3441,#3443);
#3441 = ( REPRESENTATION_RELATIONSHIP('','',#1186,#3430) 
REPRESENTATION_RELATIONSHIP_WITH_TRANSFORMATION(#3442) 
SHAPE_REPRESENTATION_RELATIONSHIP() );
#3442 = ITEM_DEFINED_TRANSFORMATION('','',#11,#3431);
#3443 = PRODUCT_DEFINITION_SHAPE('Placement','Placement of an item',
  #3444);
#3444 = NEXT_ASSEMBLY_USAGE_OCCURRENCE('106','','',#3425,#3042,$);
#3445 = CONTEXT_DEPENDENT_SHAPE_REPRESENTATION(#3446,#3448);
#3446 = ( REPRESENTATION_RELATIONSHIP('','',#3430,#10) 
REPRESENTATION_RELATIONSHIP_WITH_TRANSFORMATION(#3447) 
SHAPE_REPRESENTATION_RELATIONSHIP() );
#3447 = ITEM_DEFINED_TRANSFORMATION('','',#11,#75);
#3448 = PRODUCT_DEFINITION_SHAPE('Placement','Placement of an item',
  #3449);
#3449 = NEXT_ASSEMBLY_USAGE_OCCURRENCE('107','','',#5,#3425,$);
#3450 = PRODUCT_RELATED_PRODUCT_CATEGORY('part',$,(#3427));
#3451 = SHAPE_DEFINITION_REPRESENTATION(#3452,#3458);
#3452 = PRODUCT_DEFINITION_SHAPE('','',#3453);
#3453 = PRODUCT_DEFINITION('design','',#3454,#3457);
#3454 = PRODUCT_DEFINITION_FORMATION('','',#3455);
#3455 = PRODUCT('E17','E17','',(#3456));
#3456 = PRODUCT_CONTEXT('',#2,'mechanical');
#3457 = PRODUCT_DEFINITION_CONTEXT('part definition',#2,'design');
#3458 = SHAPE_REPRESENTATION('',(#11,#3459),#3463);
#3459 = AXIS2_PLACEMENT_3D('',#3460,#3461,#3462);
#3460 = CARTESIAN_POINT('',(12.000002718828,14.250008856719,0.));
#3461 = DIRECTION('',(0.,0.,1.));
#3462 = DIRECTION('',(-4.371138828674E-08,1.,0.));
#3463 = ( GEOMETRIC_REPRESENTATION_CONTEXT(3) 
GLOBAL_UNCERTAINTY_ASSIGNED_CONTEXT((#3467)) 
GLOBAL_UNIT_ASSIGNED_CONTEXT((#3464,#3465,#3466)) REPRESENTATION_CONTEXT
('Context #1','3D Context with UNIT and UNCERTAINTY') );
#3464 = ( LENGTH_UNIT() NAMED_UNIT(*) SI_UNIT(.MILLI.,.METRE.) );
#3465 = ( NAMED_UNIT(*) PLANE_ANGLE_UNIT() SI_UNIT($,.RADIAN.) );
#3466 = ( NAMED_UNIT(*) SI_UNIT($,.STERADIAN.) SOLID_ANGLE_UNIT() );
#3467 = UNCERTAINTY_MEASURE_WITH_UNIT(LENGTH_MEASURE(1.E-07),#3464,
  'distance_accuracy_value','confusion accuracy');
#3468 = CONTEXT_DEPENDENT_SHAPE_REPRESENTATION(#3469,#3471);
#3469 = ( REPRESENTATION_RELATIONSHIP('','',#1186,#3458) 
REPRESENTATION_RELATIONSHIP_WITH_TRANSFORMATION(#3470) 
SHAPE_REPRESENTATION_RELATIONSHIP() );
#3470 = ITEM_DEFINED_TRANSFORMATION('','',#11,#3459);
#3471 = PRODUCT_DEFINITION_SHAPE('Placement','Placement of an item',
  #3472);
#3472 = NEXT_ASSEMBLY_USAGE_OCCURRENCE('108','','',#3453,#3042,$);
#3473 = CONTEXT_DEPENDENT_SHAPE_REPRESENTATION(#3474,#3476);
#3474 = ( REPRESENTATION_RELATIONSHIP('','',#3458,#10) 
REPRESENTATION_RELATIONSHIP_WITH_TRANSFORMATION(#3475) 
SHAPE_REPRESENTATION_RELATIONSHIP() );
#3475 = ITEM_DEFINED_TRANSFORMATION('','',#11,#79);
#3476 = PRODUCT_DEFINITION_SHAPE('Placement','Placement of an item',
  #3477);
#3477 = NEXT_ASSEMBLY_USAGE_OCCURRENCE('109','','',#5,#3453,$);
#3478 = PRODUCT_RELATED_PRODUCT_CATEGORY('part',$,(#3455));
#3479 = SHAPE_DEFINITION_REPRESENTATION(#3480,#3486);
#3480 = PRODUCT_DEFINITION_SHAPE('','',#3481);
#3481 = PRODUCT_DEFINITION('design','',#3482,#3485);
#3482 = PRODUCT_DEFINITION_FORMATION('','',#3483);
#3483 = PRODUCT('E16','E16','',(#3484));
#3484 = PRODUCT_CONTEXT('',#2,'mechanical');
#3485 = PRODUCT_DEFINITION_CONTEXT('part definition',#2,'design');
#3486 = SHAPE_REPRESENTATION('',(#11,#3487),#3491);
#3487 = AXIS2_PLACEMENT_3D('',#3488,#3489,#3490);
#3488 = CARTESIAN_POINT('',(7.000002718828,14.250008856719,0.));
#3489 = DIRECTION('',(0.,0.,1.));
#3490 = DIRECTION('',(-4.371138828674E-08,1.,0.));
#3491 = ( GEOMETRIC_REPRESENTATION_CONTEXT(3) 
GLOBAL_UNCERTAINTY_ASSIGNED_CONTEXT((#3495)) 
GLOBAL_UNIT_ASSIGNED_CONTEXT((#3492,#3493,#3494)) REPRESENTATION_CONTEXT
('Context #1','3D Context with UNIT and UNCERTAINTY') );
#3492 = ( LENGTH_UNIT() NAMED_UNIT(*) SI_UNIT(.MILLI.,.METRE.) );
#3493 = ( NAMED_UNIT(*) PLANE_ANGLE_UNIT() SI_UNIT($,.RADIAN.) );
#3494 = ( NAMED_UNIT(*) SI_UNIT($,.STERADIAN.) SOLID_ANGLE_UNIT() );
#3495 = UNCERTAINTY_MEASURE_WITH_UNIT(LENGTH_MEASURE(1.E-07),#3492,
  'distance_accuracy_value','confusion accuracy');
#3496 = CONTEXT_DEPENDENT_SHAPE_REPRESENTATION(#3497,#3499);
#3497 = ( REPRESENTATION_RELATIONSHIP('','',#1186,#3486) 
REPRESENTATION_RELATIONSHIP_WITH_TRANSFORMATION(#3498) 
SHAPE_REPRESENTATION_RELATIONSHIP() );
#3498 = ITEM_DEFINED_TRANSFORMATION('','',#11,#3487);
#3499 = PRODUCT_DEFINITION_SHAPE('Placement','Placement of an item',
  #3500);
#3500 = NEXT_ASSEMBLY_USAGE_OCCURRENCE('110','','',#3481,#3042,$);
#3501 = CONTEXT_DEPENDENT_SHAPE_REPRESENTATION(#3502,#3504);
#3502 = ( REPRESENTATION_RELATIONSHIP('','',#3486,#10) 
REPRESENTATION_RELATIONSHIP_WITH_TRANSFORMATION(#3503) 
SHAPE_REPRESENTATION_RELATIONSHIP() );
#3503 = ITEM_DEFINED_TRANSFORMATION('','',#11,#83);
#3504 = PRODUCT_DEFINITION_SHAPE('Placement','Placement of an item',
  #3505);
#3505 = NEXT_ASSEMBLY_USAGE_OCCURRENCE('111','','',#5,#3481,$);
#3506 = PRODUCT_RELATED_PRODUCT_CATEGORY('part',$,(#3483));
#3507 = SHAPE_DEFINITION_REPRESENTATION(#3508,#3514);
#3508 = PRODUCT_DEFINITION_SHAPE('','',#3509);
#3509 = PRODUCT_DEFINITION('design','',#3510,#3513);
#3510 = PRODUCT_DEFINITION_FORMATION('','',#3511);
#3511 = PRODUCT('E15','E15','',(#3512));
#3512 = PRODUCT_CONTEXT('',#2,'mechanical');
#3513 = PRODUCT_DEFINITION_CONTEXT('part definition',#2,'design');
#3514 = SHAPE_REPRESENTATION('',(#11,#3515),#3519);
#3515 = AXIS2_PLACEMENT_3D('',#3516,#3517,#3518);
#3516 = CARTESIAN_POINT('',(7.000002718828,19.250008856719,0.));
#3517 = DIRECTION('',(0.,0.,1.));
#3518 = DIRECTION('',(-4.371138828674E-08,1.,0.));
#3519 = ( GEOMETRIC_REPRESENTATION_CONTEXT(3) 
GLOBAL_UNCERTAINTY_ASSIGNED_CONTEXT((#3523)) 
GLOBAL_UNIT_ASSIGNED_CONTEXT((#3520,#3521,#3522)) REPRESENTATION_CONTEXT
('Context #1','3D Context with UNIT and UNCERTAINTY') );
#3520 = ( LENGTH_UNIT() NAMED_UNIT(*) SI_UNIT(.MILLI.,.METRE.) );
#3521 = ( NAMED_UNIT(*) PLANE_ANGLE_UNIT() SI_UNIT($,.RADIAN.) );
#3522 = ( NAMED_UNIT(*) SI_UNIT($,.STERADIAN.) SOLID_ANGLE_UNIT() );
#3523 = UNCERTAINTY_MEASURE_WITH_UNIT(LENGTH_MEASURE(1.E-07),#3520,
  'distance_accuracy_value','confusion accuracy');
#3524 = CONTEXT_DEPENDENT_SHAPE_REPRESENTATION(#3525,#3527);
#3525 = ( REPRESENTATION_RELATIONSHIP('','',#1186,#3514) 
REPRESENTATION_RELATIONSHIP_WITH_TRANSFORMATION(#3526) 
SHAPE_REPRESENTATION_RELATIONSHIP() );
#3526 = ITEM_DEFINED_TRANSFORMATION('','',#11,#3515);
#3527 = PRODUCT_DEFINITION_SHAPE('Placement','Placement of an item',
  #3528);
#3528 = NEXT_ASSEMBLY_USAGE_OCCURRENCE('112','','',#3509,#3042,$);
#3529 = CONTEXT_DEPENDENT_SHAPE_REPRESENTATION(#3530,#3532);
#3530 = ( REPRESENTATION_RELATIONSHIP('','',#3514,#10) 
REPRESENTATION_RELATIONSHIP_WITH_TRANSFORMATION(#3531) 
SHAPE_REPRESENTATION_RELATIONSHIP() );
#3531 = ITEM_DEFINED_TRANSFORMATION('','',#11,#87);
#3532 = PRODUCT_DEFINITION_SHAPE('Placement','Placement of an item',
  #3533);
#3533 = NEXT_ASSEMBLY_USAGE_OCCURRENCE('113','','',#5,#3509,$);
#3534 = PRODUCT_RELATED_PRODUCT_CATEGORY('part',$,(#3511));
#3535 = SHAPE_DEFINITION_REPRESENTATION(#3536,#3542);
#3536 = PRODUCT_DEFINITION_SHAPE('','',#3537);
#3537 = PRODUCT_DEFINITION('design','',#3538,#3541);
#3538 = PRODUCT_DEFINITION_FORMATION('','',#3539);
#3539 = PRODUCT('E14','E14','',(#3540));
#3540 = PRODUCT_CONTEXT('',#2,'mechanical');
#3541 = PRODUCT_DEFINITION_CONTEXT('part definition',#2,'design');
#3542 = SHAPE_REPRESENTATION('',(#11,#3543),#3547);
#3543 = AXIS2_PLACEMENT_3D('',#3544,#3545,#3546);
#3544 = CARTESIAN_POINT('',(7.000002718828,24.250008856719,0.));
#3545 = DIRECTION('',(0.,0.,1.));
#3546 = DIRECTION('',(-4.371138828674E-08,1.,0.));
#3547 = ( GEOMETRIC_REPRESENTATION_CONTEXT(3) 
GLOBAL_UNCERTAINTY_ASSIGNED_CONTEXT((#3551)) 
GLOBAL_UNIT_ASSIGNED_CONTEXT((#3548,#3549,#3550)) REPRESENTATION_CONTEXT
('Context #1','3D Context with UNIT and UNCERTAINTY') );
#3548 = ( LENGTH_UNIT() NAMED_UNIT(*) SI_UNIT(.MILLI.,.METRE.) );
#3549 = ( NAMED_UNIT(*) PLANE_ANGLE_UNIT() SI_UNIT($,.RADIAN.) );
#3550 = ( NAMED_UNIT(*) SI_UNIT($,.STERADIAN.) SOLID_ANGLE_UNIT() );
#3551 = UNCERTAINTY_MEASURE_WITH_UNIT(LENGTH_MEASURE(1.E-07),#3548,
  'distance_accuracy_value','confusion accuracy');
#3552 = CONTEXT_DEPENDENT_SHAPE_REPRESENTATION(#3553,#3555);
#3553 = ( REPRESENTATION_RELATIONSHIP('','',#1186,#3542) 
REPRESENTATION_RELATIONSHIP_WITH_TRANSFORMATION(#3554) 
SHAPE_REPRESENTATION_RELATIONSHIP() );
#3554 = ITEM_DEFINED_TRANSFORMATION('','',#11,#3543);
#3555 = PRODUCT_DEFINITION_SHAPE('Placement','Placement of an item',
  #3556);
#3556 = NEXT_ASSEMBLY_USAGE_OCCURRENCE('114','','',#3537,#3042,$);
#3557 = CONTEXT_DEPENDENT_SHAPE_REPRESENTATION(#3558,#3560);
#3558 = ( REPRESENTATION_RELATIONSHIP('','',#3542,#10) 
REPRESENTATION_RELATIONSHIP_WITH_TRANSFORMATION(#3559) 
SHAPE_REPRESENTATION_RELATIONSHIP() );
#3559 = ITEM_DEFINED_TRANSFORMATION('','',#11,#91);
#3560 = PRODUCT_DEFINITION_SHAPE('Placement','Placement of an item',
  #3561);
#3561 = NEXT_ASSEMBLY_USAGE_OCCURRENCE('115','','',#5,#3537,$);
#3562 = PRODUCT_RELATED_PRODUCT_CATEGORY('part',$,(#3539));
#3563 = SHAPE_DEFINITION_REPRESENTATION(#3564,#3570);
#3564 = PRODUCT_DEFINITION_SHAPE('','',#3565);
#3565 = PRODUCT_DEFINITION('design','',#3566,#3569);
#3566 = PRODUCT_DEFINITION_FORMATION('','',#3567);
#3567 = PRODUCT('E13','E13','',(#3568));
#3568 = PRODUCT_CONTEXT('',#2,'mechanical');
#3569 = PRODUCT_DEFINITION_CONTEXT('part definition',#2,'design');
#3570 = SHAPE_REPRESENTATION('',(#11,#3571),#3575);
#3571 = AXIS2_PLACEMENT_3D('',#3572,#3573,#3574);
#3572 = CARTESIAN_POINT('',(7.000002718828,29.250008856719,0.));
#3573 = DIRECTION('',(0.,0.,1.));
#3574 = DIRECTION('',(-4.371138828674E-08,1.,0.));
#3575 = ( GEOMETRIC_REPRESENTATION_CONTEXT(3) 
GLOBAL_UNCERTAINTY_ASSIGNED_CONTEXT((#3579)) 
GLOBAL_UNIT_ASSIGNED_CONTEXT((#3576,#3577,#3578)) REPRESENTATION_CONTEXT
('Context #1','3D Context with UNIT and UNCERTAINTY') );
#3576 = ( LENGTH_UNIT() NAMED_UNIT(*) SI_UNIT(.MILLI.,.METRE.) );
#3577 = ( NAMED_UNIT(*) PLANE_ANGLE_UNIT() SI_UNIT($,.RADIAN.) );
#3578 = ( NAMED_UNIT(*) SI_UNIT($,.STERADIAN.) SOLID_ANGLE_UNIT() );
#3579 = UNCERTAINTY_MEASURE_WITH_UNIT(LENGTH_MEASURE(1.E-07),#3576,
  'distance_accuracy_value','confusion accuracy');
#3580 = CONTEXT_DEPENDENT_SHAPE_REPRESENTATION(#3581,#3583);
#3581 = ( REPRESENTATION_RELATIONSHIP('','',#1186,#3570) 
REPRESENTATION_RELATIONSHIP_WITH_TRANSFORMATION(#3582) 
SHAPE_REPRESENTATION_RELATIONSHIP() );
#3582 = ITEM_DEFINED_TRANSFORMATION('','',#11,#3571);
#3583 = PRODUCT_DEFINITION_SHAPE('Placement','Placement of an item',
  #3584);
#3584 = NEXT_ASSEMBLY_USAGE_OCCURRENCE('116','','',#3565,#3042,$);
#3585 = CONTEXT_DEPENDENT_SHAPE_REPRESENTATION(#3586,#3588);
#3586 = ( REPRESENTATION_RELATIONSHIP('','',#3570,#10) 
REPRESENTATION_RELATIONSHIP_WITH_TRANSFORMATION(#3587) 
SHAPE_REPRESENTATION_RELATIONSHIP() );
#3587 = ITEM_DEFINED_TRANSFORMATION('','',#11,#95);
#3588 = PRODUCT_DEFINITION_SHAPE('Placement','Placement of an item',
  #3589);
#3589 = NEXT_ASSEMBLY_USAGE_OCCURRENCE('117','','',#5,#3565,$);
#3590 = PRODUCT_RELATED_PRODUCT_CATEGORY('part',$,(#3567));
#3591 = SHAPE_DEFINITION_REPRESENTATION(#3592,#3598);
#3592 = PRODUCT_DEFINITION_SHAPE('','',#3593);
#3593 = PRODUCT_DEFINITION('design','',#3594,#3597);
#3594 = PRODUCT_DEFINITION_FORMATION('','',#3595);
#3595 = PRODUCT('E12','E12','',(#3596));
#3596 = PRODUCT_CONTEXT('',#2,'mechanical');
#3597 = PRODUCT_DEFINITION_CONTEXT('part definition',#2,'design');
#3598 = SHAPE_REPRESENTATION('',(#11,#3599),#3603);
#3599 = AXIS2_PLACEMENT_3D('',#3600,#3601,#3602);
#3600 = CARTESIAN_POINT('',(7.000002718828,34.250008856719,0.));
#3601 = DIRECTION('',(0.,0.,1.));
#3602 = DIRECTION('',(-4.371138828674E-08,1.,0.));
#3603 = ( GEOMETRIC_REPRESENTATION_CONTEXT(3) 
GLOBAL_UNCERTAINTY_ASSIGNED_CONTEXT((#3607)) 
GLOBAL_UNIT_ASSIGNED_CONTEXT((#3604,#3605,#3606)) REPRESENTATION_CONTEXT
('Context #1','3D Context with UNIT and UNCERTAINTY') );
#3604 = ( LENGTH_UNIT() NAMED_UNIT(*) SI_UNIT(.MILLI.,.METRE.) );
#3605 = ( NAMED_UNIT(*) PLANE_ANGLE_UNIT() SI_UNIT($,.RADIAN.) );
#3606 = ( NAMED_UNIT(*) SI_UNIT($,.STERADIAN.) SOLID_ANGLE_UNIT() );
#3607 = UNCERTAINTY_MEASURE_WITH_UNIT(LENGTH_MEASURE(1.E-07),#3604,
  'distance_accuracy_value','confusion accuracy');
#3608 = CONTEXT_DEPENDENT_SHAPE_REPRESENTATION(#3609,#3611);
#3609 = ( REPRESENTATION_RELATIONSHIP('','',#1186,#3598) 
REPRESENTATION_RELATIONSHIP_WITH_TRANSFORMATION(#3610) 
SHAPE_REPRESENTATION_RELATIONSHIP() );
#3610 = ITEM_DEFINED_TRANSFORMATION('','',#11,#3599);
#3611 = PRODUCT_DEFINITION_SHAPE('Placement','Placement of an item',
  #3612);
#3612 = NEXT_ASSEMBLY_USAGE_OCCURRENCE('118','','',#3593,#3042,$);
#3613 = CONTEXT_DEPENDENT_SHAPE_REPRESENTATION(#3614,#3616);
#3614 = ( REPRESENTATION_RELATIONSHIP('','',#3598,#10) 
REPRESENTATION_RELATIONSHIP_WITH_TRANSFORMATION(#3615) 
SHAPE_REPRESENTATION_RELATIONSHIP() );
#3615 = ITEM_DEFINED_TRANSFORMATION('','',#11,#99);
#3616 = PRODUCT_DEFINITION_SHAPE('Placement','Placement of an item',
  #3617);
#3617 = NEXT_ASSEMBLY_USAGE_OCCURRENCE('119','','',#5,#3593,$);
#3618 = PRODUCT_RELATED_PRODUCT_CATEGORY('part',$,(#3595));
#3619 = SHAPE_DEFINITION_REPRESENTATION(#3620,#3626);
#3620 = PRODUCT_DEFINITION_SHAPE('','',#3621);
#3621 = PRODUCT_DEFINITION('design','',#3622,#3625);
#3622 = PRODUCT_DEFINITION_FORMATION('','',#3623);
#3623 = PRODUCT('E11','E11','',(#3624));
#3624 = PRODUCT_CONTEXT('',#2,'mechanical');
#3625 = PRODUCT_DEFINITION_CONTEXT('part definition',#2,'design');
#3626 = SHAPE_REPRESENTATION('',(#11,#3627),#3631);
#3627 = AXIS2_PLACEMENT_3D('',#3628,#3629,#3630);
#3628 = CARTESIAN_POINT('',(7.000002718828,39.250008856719,0.));
#3629 = DIRECTION('',(0.,0.,1.));
#3630 = DIRECTION('',(-4.371138828674E-08,1.,0.));
#3631 = ( GEOMETRIC_REPRESENTATION_CONTEXT(3) 
GLOBAL_UNCERTAINTY_ASSIGNED_CONTEXT((#3635)) 
GLOBAL_UNIT_ASSIGNED_CONTEXT((#3632,#3633,#3634)) REPRESENTATION_CONTEXT
('Context #1','3D Context with UNIT and UNCERTAINTY') );
#3632 = ( LENGTH_UNIT() NAMED_UNIT(*) SI_UNIT(.MILLI.,.METRE.) );
#3633 = ( NAMED_UNIT(*) PLANE_ANGLE_UNIT() SI_UNIT($,.RADIAN.) );
#3634 = ( NAMED_UNIT(*) SI_UNIT($,.STERADIAN.) SOLID_ANGLE_UNIT() );
#3635 = UNCERTAINTY_MEASURE_WITH_UNIT(LENGTH_MEASURE(1.E-07),#3632,
  'distance_accuracy_value','confusion accuracy');
#3636 = CONTEXT_DEPENDENT_SHAPE_REPRESENTATION(#3637,#3639);
#3637 = ( REPRESENTATION_RELATIONSHIP('','',#1186,#3626) 
REPRESENTATION_RELATIONSHIP_WITH_TRANSFORMATION(#3638) 
SHAPE_REPRESENTATION_RELATIONSHIP() );
#3638 = ITEM_DEFINED_TRANSFORMATION('','',#11,#3627);
#3639 = PRODUCT_DEFINITION_SHAPE('Placement','Placement of an item',
  #3640);
#3640 = NEXT_ASSEMBLY_USAGE_OCCURRENCE('120','','',#3621,#3042,$);
#3641 = CONTEXT_DEPENDENT_SHAPE_REPRESENTATION(#3642,#3644);
#3642 = ( REPRESENTATION_RELATIONSHIP('','',#3626,#10) 
REPRESENTATION_RELATIONSHIP_WITH_TRANSFORMATION(#3643) 
SHAPE_REPRESENTATION_RELATIONSHIP() );
#3643 = ITEM_DEFINED_TRANSFORMATION('','',#11,#103);
#3644 = PRODUCT_DEFINITION_SHAPE('Placement','Placement of an item',
  #3645);
#3645 = NEXT_ASSEMBLY_USAGE_OCCURRENCE('121','','',#5,#3621,$);
#3646 = PRODUCT_RELATED_PRODUCT_CATEGORY('part',$,(#3623));
#3647 = SHAPE_DEFINITION_REPRESENTATION(#3648,#3654);
#3648 = PRODUCT_DEFINITION_SHAPE('','',#3649);
#3649 = PRODUCT_DEFINITION('design','',#3650,#3653);
#3650 = PRODUCT_DEFINITION_FORMATION('','',#3651);
#3651 = PRODUCT('E10','E10','',(#3652));
#3652 = PRODUCT_CONTEXT('',#2,'mechanical');
#3653 = PRODUCT_DEFINITION_CONTEXT('part definition',#2,'design');
#3654 = SHAPE_REPRESENTATION('',(#11,#3655),#3659);
#3655 = AXIS2_PLACEMENT_3D('',#3656,#3657,#3658);
#3656 = CARTESIAN_POINT('',(2.000002718828,29.250008856719,0.));
#3657 = DIRECTION('',(0.,0.,1.));
#3658 = DIRECTION('',(-4.371138828674E-08,1.,0.));
#3659 = ( GEOMETRIC_REPRESENTATION_CONTEXT(3) 
GLOBAL_UNCERTAINTY_ASSIGNED_CONTEXT((#3663)) 
GLOBAL_UNIT_ASSIGNED_CONTEXT((#3660,#3661,#3662)) REPRESENTATION_CONTEXT
('Context #1','3D Context with UNIT and UNCERTAINTY') );
#3660 = ( LENGTH_UNIT() NAMED_UNIT(*) SI_UNIT(.MILLI.,.METRE.) );
#3661 = ( NAMED_UNIT(*) PLANE_ANGLE_UNIT() SI_UNIT($,.RADIAN.) );
#3662 = ( NAMED_UNIT(*) SI_UNIT($,.STERADIAN.) SOLID_ANGLE_UNIT() );
#3663 = UNCERTAINTY_MEASURE_WITH_UNIT(LENGTH_MEASURE(1.E-07),#3660,
  'distance_accuracy_value','confusion accuracy');
#3664 = CONTEXT_DEPENDENT_SHAPE_REPRESENTATION(#3665,#3667);
#3665 = ( REPRESENTATION_RELATIONSHIP('','',#1186,#3654) 
REPRESENTATION_RELATIONSHIP_WITH_TRANSFORMATION(#3666) 
SHAPE_REPRESENTATION_RELATIONSHIP() );
#3666 = ITEM_DEFINED_TRANSFORMATION('','',#11,#3655);
#3667 = PRODUCT_DEFINITION_SHAPE('Placement','Placement of an item',
  #3668);
#3668 = NEXT_ASSEMBLY_USAGE_OCCURRENCE('122','','',#3649,#3042,$);
#3669 = CONTEXT_DEPENDENT_SHAPE_REPRESENTATION(#3670,#3672);
#3670 = ( REPRESENTATION_RELATIONSHIP('','',#3654,#10) 
REPRESENTATION_RELATIONSHIP_WITH_TRANSFORMATION(#3671) 
SHAPE_REPRESENTATION_RELATIONSHIP() );
#3671 = ITEM_DEFINED_TRANSFORMATION('','',#11,#107);
#3672 = PRODUCT_DEFINITION_SHAPE('Placement','Placement of an item',
  #3673);
#3673 = NEXT_ASSEMBLY_USAGE_OCCURRENCE('123','','',#5,#3649,$);
#3674 = PRODUCT_RELATED_PRODUCT_CATEGORY('part',$,(#3651));
#3675 = SHAPE_DEFINITION_REPRESENTATION(#3676,#3682);
#3676 = PRODUCT_DEFINITION_SHAPE('','',#3677);
#3677 = PRODUCT_DEFINITION('design','',#3678,#3681);
#3678 = PRODUCT_DEFINITION_FORMATION('','',#3679);
#3679 = PRODUCT('E9','E9','',(#3680));
#3680 = PRODUCT_CONTEXT('',#2,'mechanical');
#3681 = PRODUCT_DEFINITION_CONTEXT('part definition',#2,'design');
#3682 = SHAPE_REPRESENTATION('',(#11,#3683),#3687);
#3683 = AXIS2_PLACEMENT_3D('',#3684,#3685,#3686);
#3684 = CARTESIAN_POINT('',(7.000002718828,9.250008856719,0.));
#3685 = DIRECTION('',(0.,0.,1.));
#3686 = DIRECTION('',(-4.371138828674E-08,1.,0.));
#3687 = ( GEOMETRIC_REPRESENTATION_CONTEXT(3) 
GLOBAL_UNCERTAINTY_ASSIGNED_CONTEXT((#3691)) 
GLOBAL_UNIT_ASSIGNED_CONTEXT((#3688,#3689,#3690)) REPRESENTATION_CONTEXT
('Context #1','3D Context with UNIT and UNCERTAINTY') );
#3688 = ( LENGTH_UNIT() NAMED_UNIT(*) SI_UNIT(.MILLI.,.METRE.) );
#3689 = ( NAMED_UNIT(*) PLANE_ANGLE_UNIT() SI_UNIT($,.RADIAN.) );
#3690 = ( NAMED_UNIT(*) SI_UNIT($,.STERADIAN.) SOLID_ANGLE_UNIT() );
#3691 = UNCERTAINTY_MEASURE_WITH_UNIT(LENGTH_MEASURE(1.E-07),#3688,
  'distance_accuracy_value','confusion accuracy');
#3692 = CONTEXT_DEPENDENT_SHAPE_REPRESENTATION(#3693,#3695);
#3693 = ( REPRESENTATION_RELATIONSHIP('','',#1186,#3682) 
REPRESENTATION_RELATIONSHIP_WITH_TRANSFORMATION(#3694) 
SHAPE_REPRESENTATION_RELATIONSHIP() );
#3694 = ITEM_DEFINED_TRANSFORMATION('','',#11,#3683);
#3695 = PRODUCT_DEFINITION_SHAPE('Placement','Placement of an item',
  #3696);
#3696 = NEXT_ASSEMBLY_USAGE_OCCURRENCE('124','','',#3677,#3042,$);
#3697 = CONTEXT_DEPENDENT_SHAPE_REPRESENTATION(#3698,#3700);
#3698 = ( REPRESENTATION_RELATIONSHIP('','',#3682,#10) 
REPRESENTATION_RELATIONSHIP_WITH_TRANSFORMATION(#3699) 
SHAPE_REPRESENTATION_RELATIONSHIP() );
#3699 = ITEM_DEFINED_TRANSFORMATION('','',#11,#111);
#3700 = PRODUCT_DEFINITION_SHAPE('Placement','Placement of an item',
  #3701);
#3701 = NEXT_ASSEMBLY_USAGE_OCCURRENCE('125','','',#5,#3677,$);
#3702 = PRODUCT_RELATED_PRODUCT_CATEGORY('part',$,(#3679));
#3703 = SHAPE_DEFINITION_REPRESENTATION(#3704,#3710);
#3704 = PRODUCT_DEFINITION_SHAPE('','',#3705);
#3705 = PRODUCT_DEFINITION('design','',#3706,#3709);
#3706 = PRODUCT_DEFINITION_FORMATION('','',#3707);
#3707 = PRODUCT('E8','E8','',(#3708));
#3708 = PRODUCT_CONTEXT('',#2,'mechanical');
#3709 = PRODUCT_DEFINITION_CONTEXT('part definition',#2,'design');
#3710 = SHAPE_REPRESENTATION('',(#11,#3711),#3715);
#3711 = AXIS2_PLACEMENT_3D('',#3712,#3713,#3714);
#3712 = CARTESIAN_POINT('',(7.000002718828,4.250008856719,0.));
#3713 = DIRECTION('',(0.,0.,1.));
#3714 = DIRECTION('',(-4.371138828674E-08,1.,0.));
#3715 = ( GEOMETRIC_REPRESENTATION_CONTEXT(3) 
GLOBAL_UNCERTAINTY_ASSIGNED_CONTEXT((#3719)) 
GLOBAL_UNIT_ASSIGNED_CONTEXT((#3716,#3717,#3718)) REPRESENTATION_CONTEXT
('Context #1','3D Context with UNIT and UNCERTAINTY') );
#3716 = ( LENGTH_UNIT() NAMED_UNIT(*) SI_UNIT(.MILLI.,.METRE.) );
#3717 = ( NAMED_UNIT(*) PLANE_ANGLE_UNIT() SI_UNIT($,.RADIAN.) );
#3718 = ( NAMED_UNIT(*) SI_UNIT($,.STERADIAN.) SOLID_ANGLE_UNIT() );
#3719 = UNCERTAINTY_MEASURE_WITH_UNIT(LENGTH_MEASURE(1.E-07),#3716,
  'distance_accuracy_value','confusion accuracy');
#3720 = CONTEXT_DEPENDENT_SHAPE_REPRESENTATION(#3721,#3723);
#3721 = ( REPRESENTATION_RELATIONSHIP('','',#1186,#3710) 
REPRESENTATION_RELATIONSHIP_WITH_TRANSFORMATION(#3722) 
SHAPE_REPRESENTATION_RELATIONSHIP() );
#3722 = ITEM_DEFINED_TRANSFORMATION('','',#11,#3711);
#3723 = PRODUCT_DEFINITION_SHAPE('Placement','Placement of an item',
  #3724);
#3724 = NEXT_ASSEMBLY_USAGE_OCCURRENCE('126','','',#3705,#3042,$);
#3725 = CONTEXT_DEPENDENT_SHAPE_REPRESENTATION(#3726,#3728);
#3726 = ( REPRESENTATION_RELATIONSHIP('','',#3710,#10) 
REPRESENTATION_RELATIONSHIP_WITH_TRANSFORMATION(#3727) 
SHAPE_REPRESENTATION_RELATIONSHIP() );
#3727 = ITEM_DEFINED_TRANSFORMATION('','',#11,#115);
#3728 = PRODUCT_DEFINITION_SHAPE('Placement','Placement of an item',
  #3729);
#3729 = NEXT_ASSEMBLY_USAGE_OCCURRENCE('127','','',#5,#3705,$);
#3730 = PRODUCT_RELATED_PRODUCT_CATEGORY('part',$,(#3707));
#3731 = SHAPE_DEFINITION_REPRESENTATION(#3732,#3738);
#3732 = PRODUCT_DEFINITION_SHAPE('','',#3733);
#3733 = PRODUCT_DEFINITION('design','',#3734,#3737);
#3734 = PRODUCT_DEFINITION_FORMATION('','',#3735);
#3735 = PRODUCT('E7','E7','',(#3736));
#3736 = PRODUCT_CONTEXT('',#2,'mechanical');
#3737 = PRODUCT_DEFINITION_CONTEXT('part definition',#2,'design');
#3738 = SHAPE_REPRESENTATION('',(#11,#3739),#3743);
#3739 = AXIS2_PLACEMENT_3D('',#3740,#3741,#3742);
#3740 = CARTESIAN_POINT('',(2.000002718828,4.250008856719,0.));
#3741 = DIRECTION('',(0.,0.,1.));
#3742 = DIRECTION('',(-4.371138828674E-08,1.,0.));
#3743 = ( GEOMETRIC_REPRESENTATION_CONTEXT(3) 
GLOBAL_UNCERTAINTY_ASSIGNED_CONTEXT((#3747)) 
GLOBAL_UNIT_ASSIGNED_CONTEXT((#3744,#3745,#3746)) REPRESENTATION_CONTEXT
('Context #1','3D Context with UNIT and UNCERTAINTY') );
#3744 = ( LENGTH_UNIT() NAMED_UNIT(*) SI_UNIT(.MILLI.,.METRE.) );
#3745 = ( NAMED_UNIT(*) PLANE_ANGLE_UNIT() SI_UNIT($,.RADIAN.) );
#3746 = ( NAMED_UNIT(*) SI_UNIT($,.STERADIAN.) SOLID_ANGLE_UNIT() );
#3747 = UNCERTAINTY_MEASURE_WITH_UNIT(LENGTH_MEASURE(1.E-07),#3744,
  'distance_accuracy_value','confusion accuracy');
#3748 = CONTEXT_DEPENDENT_SHAPE_REPRESENTATION(#3749,#3751);
#3749 = ( REPRESENTATION_RELATIONSHIP('','',#1186,#3738) 
REPRESENTATION_RELATIONSHIP_WITH_TRANSFORMATION(#3750) 
SHAPE_REPRESENTATION_RELATIONSHIP() );
#3750 = ITEM_DEFINED_TRANSFORMATION('','',#11,#3739);
#3751 = PRODUCT_DEFINITION_SHAPE('Placement','Placement of an item',
  #3752);
#3752 = NEXT_ASSEMBLY_USAGE_OCCURRENCE('128','','',#3733,#3042,$);
#3753 = CONTEXT_DEPENDENT_SHAPE_REPRESENTATION(#3754,#3756);
#3754 = ( REPRESENTATION_RELATIONSHIP('','',#3738,#10) 
REPRESENTATION_RELATIONSHIP_WITH_TRANSFORMATION(#3755) 
SHAPE_REPRESENTATION_RELATIONSHIP() );
#3755 = ITEM_DEFINED_TRANSFORMATION('','',#11,#119);
#3756 = PRODUCT_DEFINITION_SHAPE('Placement','Placement of an item',
  #3757);
#3757 = NEXT_ASSEMBLY_USAGE_OCCURRENCE('129','','',#5,#3733,$);
#3758 = PRODUCT_RELATED_PRODUCT_CATEGORY('part',$,(#3735));
#3759 = SHAPE_DEFINITION_REPRESENTATION(#3760,#3766);
#3760 = PRODUCT_DEFINITION_SHAPE('','',#3761);
#3761 = PRODUCT_DEFINITION('design','',#3762,#3765);
#3762 = PRODUCT_DEFINITION_FORMATION('','',#3763);
#3763 = PRODUCT('E6','E6','',(#3764));
#3764 = PRODUCT_CONTEXT('',#2,'mechanical');
#3765 = PRODUCT_DEFINITION_CONTEXT('part definition',#2,'design');
#3766 = SHAPE_REPRESENTATION('',(#11,#3767),#3771);
#3767 = AXIS2_PLACEMENT_3D('',#3768,#3769,#3770);
#3768 = CARTESIAN_POINT('',(2.000002718828,9.250008856719,0.));
#3769 = DIRECTION('',(0.,0.,1.));
#3770 = DIRECTION('',(-4.371138828674E-08,1.,0.));
#3771 = ( GEOMETRIC_REPRESENTATION_CONTEXT(3) 
GLOBAL_UNCERTAINTY_ASSIGNED_CONTEXT((#3775)) 
GLOBAL_UNIT_ASSIGNED_CONTEXT((#3772,#3773,#3774)) REPRESENTATION_CONTEXT
('Context #1','3D Context with UNIT and UNCERTAINTY') );
#3772 = ( LENGTH_UNIT() NAMED_UNIT(*) SI_UNIT(.MILLI.,.METRE.) );
#3773 = ( NAMED_UNIT(*) PLANE_ANGLE_UNIT() SI_UNIT($,.RADIAN.) );
#3774 = ( NAMED_UNIT(*) SI_UNIT($,.STERADIAN.) SOLID_ANGLE_UNIT() );
#3775 = UNCERTAINTY_MEASURE_WITH_UNIT(LENGTH_MEASURE(1.E-07),#3772,
  'distance_accuracy_value','confusion accuracy');
#3776 = CONTEXT_DEPENDENT_SHAPE_REPRESENTATION(#3777,#3779);
#3777 = ( REPRESENTATION_RELATIONSHIP('','',#1186,#3766) 
REPRESENTATION_RELATIONSHIP_WITH_TRANSFORMATION(#3778) 
SHAPE_REPRESENTATION_RELATIONSHIP() );
#3778 = ITEM_DEFINED_TRANSFORMATION('','',#11,#3767);
#3779 = PRODUCT_DEFINITION_SHAPE('Placement','Placement of an item',
  #3780);
#3780 = NEXT_ASSEMBLY_USAGE_OCCURRENCE('130','','',#3761,#3042,$);
#3781 = CONTEXT_DEPENDENT_SHAPE_REPRESENTATION(#3782,#3784);
#3782 = ( REPRESENTATION_RELATIONSHIP('','',#3766,#10) 
REPRESENTATION_RELATIONSHIP_WITH_TRANSFORMATION(#3783) 
SHAPE_REPRESENTATION_RELATIONSHIP() );
#3783 = ITEM_DEFINED_TRANSFORMATION('','',#11,#123);
#3784 = PRODUCT_DEFINITION_SHAPE('Placement','Placement of an item',
  #3785);
#3785 = NEXT_ASSEMBLY_USAGE_OCCURRENCE('131','','',#5,#3761,$);
#3786 = PRODUCT_RELATED_PRODUCT_CATEGORY('part',$,(#3763));
#3787 = SHAPE_DEFINITION_REPRESENTATION(#3788,#3794);
#3788 = PRODUCT_DEFINITION_SHAPE('','',#3789);
#3789 = PRODUCT_DEFINITION('design','',#3790,#3793);
#3790 = PRODUCT_DEFINITION_FORMATION('','',#3791);
#3791 = PRODUCT('E5','E5','',(#3792));
#3792 = PRODUCT_CONTEXT('',#2,'mechanical');
#3793 = PRODUCT_DEFINITION_CONTEXT('part definition',#2,'design');
#3794 = SHAPE_REPRESENTATION('',(#11,#3795),#3799);
#3795 = AXIS2_PLACEMENT_3D('',#3796,#3797,#3798);
#3796 = CARTESIAN_POINT('',(2.000002718828,14.250008856719,0.));
#3797 = DIRECTION('',(0.,0.,1.));
#3798 = DIRECTION('',(-4.371138828674E-08,1.,0.));
#3799 = ( GEOMETRIC_REPRESENTATION_CONTEXT(3) 
GLOBAL_UNCERTAINTY_ASSIGNED_CONTEXT((#3803)) 
GLOBAL_UNIT_ASSIGNED_CONTEXT((#3800,#3801,#3802)) REPRESENTATION_CONTEXT
('Context #1','3D Context with UNIT and UNCERTAINTY') );
#3800 = ( LENGTH_UNIT() NAMED_UNIT(*) SI_UNIT(.MILLI.,.METRE.) );
#3801 = ( NAMED_UNIT(*) PLANE_ANGLE_UNIT() SI_UNIT($,.RADIAN.) );
#3802 = ( NAMED_UNIT(*) SI_UNIT($,.STERADIAN.) SOLID_ANGLE_UNIT() );
#3803 = UNCERTAINTY_MEASURE_WITH_UNIT(LENGTH_MEASURE(1.E-07),#3800,
  'distance_accuracy_value','confusion accuracy');
#3804 = CONTEXT_DEPENDENT_SHAPE_REPRESENTATION(#3805,#3807);
#3805 = ( REPRESENTATION_RELATIONSHIP('','',#1186,#3794) 
REPRESENTATION_RELATIONSHIP_WITH_TRANSFORMATION(#3806) 
SHAPE_REPRESENTATION_RELATIONSHIP() );
#3806 = ITEM_DEFINED_TRANSFORMATION('','',#11,#3795);
#3807 = PRODUCT_DEFINITION_SHAPE('Placement','Placement of an item',
  #3808);
#3808 = NEXT_ASSEMBLY_USAGE_OCCURRENCE('132','','',#3789,#3042,$);
#3809 = CONTEXT_DEPENDENT_SHAPE_REPRESENTATION(#3810,#3812);
#3810 = ( REPRESENTATION_RELATIONSHIP('','',#3794,#10) 
REPRESENTATION_RELATIONSHIP_WITH_TRANSFORMATION(#3811) 
SHAPE_REPRESENTATION_RELATIONSHIP() );
#3811 = ITEM_DEFINED_TRANSFORMATION('','',#11,#127);
#3812 = PRODUCT_DEFINITION_SHAPE('Placement','Placement of an item',
  #3813);
#3813 = NEXT_ASSEMBLY_USAGE_OCCURRENCE('133','','',#5,#3789,$);
#3814 = PRODUCT_RELATED_PRODUCT_CATEGORY('part',$,(#3791));
#3815 = SHAPE_DEFINITION_REPRESENTATION(#3816,#3822);
#3816 = PRODUCT_DEFINITION_SHAPE('','',#3817);
#3817 = PRODUCT_DEFINITION('design','',#3818,#3821);
#3818 = PRODUCT_DEFINITION_FORMATION('','',#3819);
#3819 = PRODUCT('E4','E4','',(#3820));
#3820 = PRODUCT_CONTEXT('',#2,'mechanical');
#3821 = PRODUCT_DEFINITION_CONTEXT('part definition',#2,'design');
#3822 = SHAPE_REPRESENTATION('',(#11,#3823),#3827);
#3823 = AXIS2_PLACEMENT_3D('',#3824,#3825,#3826);
#3824 = CARTESIAN_POINT('',(2.000002718828,19.250008856719,0.));
#3825 = DIRECTION('',(0.,0.,1.));
#3826 = DIRECTION('',(-4.371138828674E-08,1.,0.));
#3827 = ( GEOMETRIC_REPRESENTATION_CONTEXT(3) 
GLOBAL_UNCERTAINTY_ASSIGNED_CONTEXT((#3831)) 
GLOBAL_UNIT_ASSIGNED_CONTEXT((#3828,#3829,#3830)) REPRESENTATION_CONTEXT
('Context #1','3D Context with UNIT and UNCERTAINTY') );
#3828 = ( LENGTH_UNIT() NAMED_UNIT(*) SI_UNIT(.MILLI.,.METRE.) );
#3829 = ( NAMED_UNIT(*) PLANE_ANGLE_UNIT() SI_UNIT($,.RADIAN.) );
#3830 = ( NAMED_UNIT(*) SI_UNIT($,.STERADIAN.) SOLID_ANGLE_UNIT() );
#3831 = UNCERTAINTY_MEASURE_WITH_UNIT(LENGTH_MEASURE(1.E-07),#3828,
  'distance_accuracy_value','confusion accuracy');
#3832 = CONTEXT_DEPENDENT_SHAPE_REPRESENTATION(#3833,#3835);
#3833 = ( REPRESENTATION_RELATIONSHIP('','',#1186,#3822) 
REPRESENTATION_RELATIONSHIP_WITH_TRANSFORMATION(#3834) 
SHAPE_REPRESENTATION_RELATIONSHIP() );
#3834 = ITEM_DEFINED_TRANSFORMATION('','',#11,#3823);
#3835 = PRODUCT_DEFINITION_SHAPE('Placement','Placement of an item',
  #3836);
#3836 = NEXT_ASSEMBLY_USAGE_OCCURRENCE('134','','',#3817,#3042,$);
#3837 = CONTEXT_DEPENDENT_SHAPE_REPRESENTATION(#3838,#3840);
#3838 = ( REPRESENTATION_RELATIONSHIP('','',#3822,#10) 
REPRESENTATION_RELATIONSHIP_WITH_TRANSFORMATION(#3839) 
SHAPE_REPRESENTATION_RELATIONSHIP() );
#3839 = ITEM_DEFINED_TRANSFORMATION('','',#11,#131);
#3840 = PRODUCT_DEFINITION_SHAPE('Placement','Placement of an item',
  #3841);
#3841 = NEXT_ASSEMBLY_USAGE_OCCURRENCE('135','','',#5,#3817,$);
#3842 = PRODUCT_RELATED_PRODUCT_CATEGORY('part',$,(#3819));
#3843 = SHAPE_DEFINITION_REPRESENTATION(#3844,#3850);
#3844 = PRODUCT_DEFINITION_SHAPE('','',#3845);
#3845 = PRODUCT_DEFINITION('design','',#3846,#3849);
#3846 = PRODUCT_DEFINITION_FORMATION('','',#3847);
#3847 = PRODUCT('E3','E3','',(#3848));
#3848 = PRODUCT_CONTEXT('',#2,'mechanical');
#3849 = PRODUCT_DEFINITION_CONTEXT('part definition',#2,'design');
#3850 = SHAPE_REPRESENTATION('',(#11,#3851),#3855);
#3851 = AXIS2_PLACEMENT_3D('',#3852,#3853,#3854);
#3852 = CARTESIAN_POINT('',(2.000002718828,24.250008856719,0.));
#3853 = DIRECTION('',(0.,0.,1.));
#3854 = DIRECTION('',(-4.371138828674E-08,1.,0.));
#3855 = ( GEOMETRIC_REPRESENTATION_CONTEXT(3) 
GLOBAL_UNCERTAINTY_ASSIGNED_CONTEXT((#3859)) 
GLOBAL_UNIT_ASSIGNED_CONTEXT((#3856,#3857,#3858)) REPRESENTATION_CONTEXT
('Context #1','3D Context with UNIT and UNCERTAINTY') );
#3856 = ( LENGTH_UNIT() NAMED_UNIT(*) SI_UNIT(.MILLI.,.METRE.) );
#3857 = ( NAMED_UNIT(*) PLANE_ANGLE_UNIT() SI_UNIT($,.RADIAN.) );
#3858 = ( NAMED_UNIT(*) SI_UNIT($,.STERADIAN.) SOLID_ANGLE_UNIT() );
#3859 = UNCERTAINTY_MEASURE_WITH_UNIT(LENGTH_MEASURE(1.E-07),#3856,
  'distance_accuracy_value','confusion accuracy');
#3860 = CONTEXT_DEPENDENT_SHAPE_REPRESENTATION(#3861,#3863);
#3861 = ( REPRESENTATION_RELATIONSHIP('','',#1186,#3850) 
REPRESENTATION_RELATIONSHIP_WITH_TRANSFORMATION(#3862) 
SHAPE_REPRESENTATION_RELATIONSHIP() );
#3862 = ITEM_DEFINED_TRANSFORMATION('','',#11,#3851);
#3863 = PRODUCT_DEFINITION_SHAPE('Placement','Placement of an item',
  #3864);
#3864 = NEXT_ASSEMBLY_USAGE_OCCURRENCE('136','','',#3845,#3042,$);
#3865 = CONTEXT_DEPENDENT_SHAPE_REPRESENTATION(#3866,#3868);
#3866 = ( REPRESENTATION_RELATIONSHIP('','',#3850,#10) 
REPRESENTATION_RELATIONSHIP_WITH_TRANSFORMATION(#3867) 
SHAPE_REPRESENTATION_RELATIONSHIP() );
#3867 = ITEM_DEFINED_TRANSFORMATION('','',#11,#135);
#3868 = PRODUCT_DEFINITION_SHAPE('Placement','Placement of an item',
  #3869);
#3869 = NEXT_ASSEMBLY_USAGE_OCCURRENCE('137','','',#5,#3845,$);
#3870 = PRODUCT_RELATED_PRODUCT_CATEGORY('part',$,(#3847));
#3871 = SHAPE_DEFINITION_REPRESENTATION(#3872,#3878);
#3872 = PRODUCT_DEFINITION_SHAPE('','',#3873);
#3873 = PRODUCT_DEFINITION('design','',#3874,#3877);
#3874 = PRODUCT_DEFINITION_FORMATION('','',#3875);
#3875 = PRODUCT('E2','E2','',(#3876));
#3876 = PRODUCT_CONTEXT('',#2,'mechanical');
#3877 = PRODUCT_DEFINITION_CONTEXT('part definition',#2,'design');
#3878 = SHAPE_REPRESENTATION('',(#11,#3879),#3883);
#3879 = AXIS2_PLACEMENT_3D('',#3880,#3881,#3882);
#3880 = CARTESIAN_POINT('',(2.000002718828,39.250008856719,0.));
#3881 = DIRECTION('',(0.,0.,1.));
#3882 = DIRECTION('',(-4.371138828674E-08,1.,0.));
#3883 = ( GEOMETRIC_REPRESENTATION_CONTEXT(3) 
GLOBAL_UNCERTAINTY_ASSIGNED_CONTEXT((#3887)) 
GLOBAL_UNIT_ASSIGNED_CONTEXT((#3884,#3885,#3886)) REPRESENTATION_CONTEXT
('Context #1','3D Context with UNIT and UNCERTAINTY') );
#3884 = ( LENGTH_UNIT() NAMED_UNIT(*) SI_UNIT(.MILLI.,.METRE.) );
#3885 = ( NAMED_UNIT(*) PLANE_ANGLE_UNIT() SI_UNIT($,.RADIAN.) );
#3886 = ( NAMED_UNIT(*) SI_UNIT($,.STERADIAN.) SOLID_ANGLE_UNIT() );
#3887 = UNCERTAINTY_MEASURE_WITH_UNIT(LENGTH_MEASURE(1.E-07),#3884,
  'distance_accuracy_value','confusion accuracy');
#3888 = CONTEXT_DEPENDENT_SHAPE_REPRESENTATION(#3889,#3891);
#3889 = ( REPRESENTATION_RELATIONSHIP('','',#1186,#3878) 
REPRESENTATION_RELATIONSHIP_WITH_TRANSFORMATION(#3890) 
SHAPE_REPRESENTATION_RELATIONSHIP() );
#3890 = ITEM_DEFINED_TRANSFORMATION('','',#11,#3879);
#3891 = PRODUCT_DEFINITION_SHAPE('Placement','Placement of an item',
  #3892);
#3892 = NEXT_ASSEMBLY_USAGE_OCCURRENCE('138','','',#3873,#3042,$);
#3893 = CONTEXT_DEPENDENT_SHAPE_REPRESENTATION(#3894,#3896);
#3894 = ( REPRESENTATION_RELATIONSHIP('','',#3878,#10) 
REPRESENTATION_RELATIONSHIP_WITH_TRANSFORMATION(#3895) 
SHAPE_REPRESENTATION_RELATIONSHIP() );
#3895 = ITEM_DEFINED_TRANSFORMATION('','',#11,#139);
#3896 = PRODUCT_DEFINITION_SHAPE('Placement','Placement of an item',
  #3897);
#3897 = NEXT_ASSEMBLY_USAGE_OCCURRENCE('139','','',#5,#3873,$);
#3898 = PRODUCT_RELATED_PRODUCT_CATEGORY('part',$,(#3875));
#3899 = SHAPE_DEFINITION_REPRESENTATION(#3900,#3906);
#3900 = PRODUCT_DEFINITION_SHAPE('','',#3901);
#3901 = PRODUCT_DEFINITION('design','',#3902,#3905);
#3902 = PRODUCT_DEFINITION_FORMATION('','',#3903);
#3903 = PRODUCT('E1','E1','',(#3904));
#3904 = PRODUCT_CONTEXT('',#2,'mechanical');
#3905 = PRODUCT_DEFINITION_CONTEXT('part definition',#2,'design');
#3906 = SHAPE_REPRESENTATION('',(#11,#3907),#3911);
#3907 = AXIS2_PLACEMENT_3D('',#3908,#3909,#3910);
#3908 = CARTESIAN_POINT('',(2.000002718828,34.250008856719,0.));
#3909 = DIRECTION('',(0.,0.,1.));
#3910 = DIRECTION('',(-4.371138828674E-08,1.,0.));
#3911 = ( GEOMETRIC_REPRESENTATION_CONTEXT(3) 
GLOBAL_UNCERTAINTY_ASSIGNED_CONTEXT((#3915)) 
GLOBAL_UNIT_ASSIGNED_CONTEXT((#3912,#3913,#3914)) REPRESENTATION_CONTEXT
('Context #1','3D Context with UNIT and UNCERTAINTY') );
#3912 = ( LENGTH_UNIT() NAMED_UNIT(*) SI_UNIT(.MILLI.,.METRE.) );
#3913 = ( NAMED_UNIT(*) PLANE_ANGLE_UNIT() SI_UNIT($,.RADIAN.) );
#3914 = ( NAMED_UNIT(*) SI_UNIT($,.STERADIAN.) SOLID_ANGLE_UNIT() );
#3915 = UNCERTAINTY_MEASURE_WITH_UNIT(LENGTH_MEASURE(1.E-07),#3912,
  'distance_accuracy_value','confusion accuracy');
#3916 = CONTEXT_DEPENDENT_SHAPE_REPRESENTATION(#3917,#3919);
#3917 = ( REPRESENTATION_RELATIONSHIP('','',#1186,#3906) 
REPRESENTATION_RELATIONSHIP_WITH_TRANSFORMATION(#3918) 
SHAPE_REPRESENTATION_RELATIONSHIP() );
#3918 = ITEM_DEFINED_TRANSFORMATION('','',#11,#3907);
#3919 = PRODUCT_DEFINITION_SHAPE('Placement','Placement of an item',
  #3920);
#3920 = NEXT_ASSEMBLY_USAGE_OCCURRENCE('140','','',#3901,#3042,$);
#3921 = CONTEXT_DEPENDENT_SHAPE_REPRESENTATION(#3922,#3924);
#3922 = ( REPRESENTATION_RELATIONSHIP('','',#3906,#10) 
REPRESENTATION_RELATIONSHIP_WITH_TRANSFORMATION(#3923) 
SHAPE_REPRESENTATION_RELATIONSHIP() );
#3923 = ITEM_DEFINED_TRANSFORMATION('','',#11,#143);
#3924 = PRODUCT_DEFINITION_SHAPE('Placement','Placement of an item',
  #3925);
#3925 = NEXT_ASSEMBLY_USAGE_OCCURRENCE('141','','',#5,#3901,$);
#3926 = PRODUCT_RELATED_PRODUCT_CATEGORY('part',$,(#3903));
#3927 = MECHANICAL_DESIGN_GEOMETRIC_PRESENTATION_REPRESENTATION('',(
    #3928),#1145);
#3928 = STYLED_ITEM('color',(#3929),#171);
#3929 = PRESENTATION_STYLE_ASSIGNMENT((#3930,#3936));
#3930 = SURFACE_STYLE_USAGE(.BOTH.,#3931);
#3931 = SURFACE_SIDE_STYLE('',(#3932));
#3932 = SURFACE_STYLE_FILL_AREA(#3933);
#3933 = FILL_AREA_STYLE('',(#3934));
#3934 = FILL_AREA_STYLE_COLOUR('',#3935);
#3935 = COLOUR_RGB('',0.,0.501960785193,0.);
#3936 = CURVE_STYLE('',#3937,POSITIVE_LENGTH_MEASURE(0.1),#3935);
#3937 = DRAUGHTING_PRE_DEFINED_CURVE_FONT('continuous');
#3938 = MECHANICAL_DESIGN_GEOMETRIC_PRESENTATION_REPRESENTATION('',(
    #3939,#3947,#3954,#3961,#3968,#3975,#3982,#3989,#3996,#4003,#4010,
    #4017,#4024,#4031,#4038,#4045,#4052,#4059,#4066,#4073,#4080),#3035);
#3939 = STYLED_ITEM('color',(#3940),#1187);
#3940 = PRESENTATION_STYLE_ASSIGNMENT((#3941));
#3941 = SURFACE_STYLE_USAGE(.BOTH.,#3942);
#3942 = SURFACE_SIDE_STYLE('',(#3943));
#3943 = SURFACE_STYLE_FILL_AREA(#3944);
#3944 = FILL_AREA_STYLE('',(#3945));
#3945 = FILL_AREA_STYLE_COLOUR('',#3946);
#3946 = COLOUR_RGB('',0.792156867455,0.819607826924,0.933333342953);
#3947 = STYLED_ITEM('color',(#3948),#1275);
#3948 = PRESENTATION_STYLE_ASSIGNMENT((#3949));
#3949 = SURFACE_STYLE_USAGE(.BOTH.,#3950);
#3950 = SURFACE_SIDE_STYLE('',(#3951));
#3951 = SURFACE_STYLE_FILL_AREA(#3952);
#3952 = FILL_AREA_STYLE('',(#3953));
#3953 = FILL_AREA_STYLE_COLOUR('',#3946);
#3954 = STYLED_ITEM('color',(#3955),#1363);
#3955 = PRESENTATION_STYLE_ASSIGNMENT((#3956));
#3956 = SURFACE_STYLE_USAGE(.BOTH.,#3957);
#3957 = SURFACE_SIDE_STYLE('',(#3958));
#3958 = SURFACE_STYLE_FILL_AREA(#3959);
#3959 = FILL_AREA_STYLE('',(#3960));
#3960 = FILL_AREA_STYLE_COLOUR('',#3946);
#3961 = STYLED_ITEM('color',(#3962),#1451);
#3962 = PRESENTATION_STYLE_ASSIGNMENT((#3963));
#3963 = SURFACE_STYLE_USAGE(.BOTH.,#3964);
#3964 = SURFACE_SIDE_STYLE('',(#3965));
#3965 = SURFACE_STYLE_FILL_AREA(#3966);
#3966 = FILL_AREA_STYLE('',(#3967));
#3967 = FILL_AREA_STYLE_COLOUR('',#3946);
#3968 = STYLED_ITEM('color',(#3969),#1539);
#3969 = PRESENTATION_STYLE_ASSIGNMENT((#3970));
#3970 = SURFACE_STYLE_USAGE(.BOTH.,#3971);
#3971 = SURFACE_SIDE_STYLE('',(#3972));
#3972 = SURFACE_STYLE_FILL_AREA(#3973);
#3973 = FILL_AREA_STYLE('',(#3974));
#3974 = FILL_AREA_STYLE_COLOUR('',#3946);
#3975 = STYLED_ITEM('color',(#3976),#1627);
#3976 = PRESENTATION_STYLE_ASSIGNMENT((#3977));
#3977 = SURFACE_STYLE_USAGE(.BOTH.,#3978);
#3978 = SURFACE_SIDE_STYLE('',(#3979));
#3979 = SURFACE_STYLE_FILL_AREA(#3980);
#3980 = FILL_AREA_STYLE('',(#3981));
#3981 = FILL_AREA_STYLE_COLOUR('',#3946);
#3982 = STYLED_ITEM('color',(#3983),#1715);
#3983 = PRESENTATION_STYLE_ASSIGNMENT((#3984));
#3984 = SURFACE_STYLE_USAGE(.BOTH.,#3985);
#3985 = SURFACE_SIDE_STYLE('',(#3986));
#3986 = SURFACE_STYLE_FILL_AREA(#3987);
#3987 = FILL_AREA_STYLE('',(#3988));
#3988 = FILL_AREA_STYLE_COLOUR('',#3946);
#3989 = STYLED_ITEM('color',(#3990),#1803);
#3990 = PRESENTATION_STYLE_ASSIGNMENT((#3991));
#3991 = SURFACE_STYLE_USAGE(.BOTH.,#3992);
#3992 = SURFACE_SIDE_STYLE('',(#3993));
#3993 = SURFACE_STYLE_FILL_AREA(#3994);
#3994 = FILL_AREA_STYLE('',(#3995));
#3995 = FILL_AREA_STYLE_COLOUR('',#3946);
#3996 = STYLED_ITEM('color',(#3997),#1891);
#3997 = PRESENTATION_STYLE_ASSIGNMENT((#3998));
#3998 = SURFACE_STYLE_USAGE(.BOTH.,#3999);
#3999 = SURFACE_SIDE_STYLE('',(#4000));
#4000 = SURFACE_STYLE_FILL_AREA(#4001);
#4001 = FILL_AREA_STYLE('',(#4002));
#4002 = FILL_AREA_STYLE_COLOUR('',#3946);
#4003 = STYLED_ITEM('color',(#4004),#1979);
#4004 = PRESENTATION_STYLE_ASSIGNMENT((#4005));
#4005 = SURFACE_STYLE_USAGE(.BOTH.,#4006);
#4006 = SURFACE_SIDE_STYLE('',(#4007));
#4007 = SURFACE_STYLE_FILL_AREA(#4008);
#4008 = FILL_AREA_STYLE('',(#4009));
#4009 = FILL_AREA_STYLE_COLOUR('',#3946);
#4010 = STYLED_ITEM('color',(#4011),#2067);
#4011 = PRESENTATION_STYLE_ASSIGNMENT((#4012));
#4012 = SURFACE_STYLE_USAGE(.BOTH.,#4013);
#4013 = SURFACE_SIDE_STYLE('',(#4014));
#4014 = SURFACE_STYLE_FILL_AREA(#4015);
#4015 = FILL_AREA_STYLE('',(#4016));
#4016 = FILL_AREA_STYLE_COLOUR('',#3946);
#4017 = STYLED_ITEM('color',(#4018),#2155);
#4018 = PRESENTATION_STYLE_ASSIGNMENT((#4019));
#4019 = SURFACE_STYLE_USAGE(.BOTH.,#4020);
#4020 = SURFACE_SIDE_STYLE('',(#4021));
#4021 = SURFACE_STYLE_FILL_AREA(#4022);
#4022 = FILL_AREA_STYLE('',(#4023));
#4023 = FILL_AREA_STYLE_COLOUR('',#3946);
#4024 = STYLED_ITEM('color',(#4025),#2243);
#4025 = PRESENTATION_STYLE_ASSIGNMENT((#4026));
#4026 = SURFACE_STYLE_USAGE(.BOTH.,#4027);
#4027 = SURFACE_SIDE_STYLE('',(#4028));
#4028 = SURFACE_STYLE_FILL_AREA(#4029);
#4029 = FILL_AREA_STYLE('',(#4030));
#4030 = FILL_AREA_STYLE_COLOUR('',#3946);
#4031 = STYLED_ITEM('color',(#4032),#2331);
#4032 = PRESENTATION_STYLE_ASSIGNMENT((#4033));
#4033 = SURFACE_STYLE_USAGE(.BOTH.,#4034);
#4034 = SURFACE_SIDE_STYLE('',(#4035));
#4035 = SURFACE_STYLE_FILL_AREA(#4036);
#4036 = FILL_AREA_STYLE('',(#4037));
#4037 = FILL_AREA_STYLE_COLOUR('',#3946);
#4038 = STYLED_ITEM('color',(#4039),#2419);
#4039 = PRESENTATION_STYLE_ASSIGNMENT((#4040));
#4040 = SURFACE_STYLE_USAGE(.BOTH.,#4041);
#4041 = SURFACE_SIDE_STYLE('',(#4042));
#4042 = SURFACE_STYLE_FILL_AREA(#4043);
#4043 = FILL_AREA_STYLE('',(#4044));
#4044 = FILL_AREA_STYLE_COLOUR('',#3946);
#4045 = STYLED_ITEM('color',(#4046),#2507);
#4046 = PRESENTATION_STYLE_ASSIGNMENT((#4047));
#4047 = SURFACE_STYLE_USAGE(.BOTH.,#4048);
#4048 = SURFACE_SIDE_STYLE('',(#4049));
#4049 = SURFACE_STYLE_FILL_AREA(#4050);
#4050 = FILL_AREA_STYLE('',(#4051));
#4051 = FILL_AREA_STYLE_COLOUR('',#3946);
#4052 = STYLED_ITEM('color',(#4053),#2595);
#4053 = PRESENTATION_STYLE_ASSIGNMENT((#4054));
#4054 = SURFACE_STYLE_USAGE(.BOTH.,#4055);
#4055 = SURFACE_SIDE_STYLE('',(#4056));
#4056 = SURFACE_STYLE_FILL_AREA(#4057);
#4057 = FILL_AREA_STYLE('',(#4058));
#4058 = FILL_AREA_STYLE_COLOUR('',#3946);
#4059 = STYLED_ITEM('color',(#4060),#2683);
#4060 = PRESENTATION_STYLE_ASSIGNMENT((#4061));
#4061 = SURFACE_STYLE_USAGE(.BOTH.,#4062);
#4062 = SURFACE_SIDE_STYLE('',(#4063));
#4063 = SURFACE_STYLE_FILL_AREA(#4064);
#4064 = FILL_AREA_STYLE('',(#4065));
#4065 = FILL_AREA_STYLE_COLOUR('',#3946);
#4066 = STYLED_ITEM('color',(#4067),#2771);
#4067 = PRESENTATION_STYLE_ASSIGNMENT((#4068));
#4068 = SURFACE_STYLE_USAGE(.BOTH.,#4069);
#4069 = SURFACE_SIDE_STYLE('',(#4070));
#4070 = SURFACE_STYLE_FILL_AREA(#4071);
#4071 = FILL_AREA_STYLE('',(#4072));
#4072 = FILL_AREA_STYLE_COLOUR('',#3946);
#4073 = STYLED_ITEM('color',(#4074),#2859);
#4074 = PRESENTATION_STYLE_ASSIGNMENT((#4075));
#4075 = SURFACE_STYLE_USAGE(.BOTH.,#4076);
#4076 = SURFACE_SIDE_STYLE('',(#4077));
#4077 = SURFACE_STYLE_FILL_AREA(#4078);
#4078 = FILL_AREA_STYLE('',(#4079));
#4079 = FILL_AREA_STYLE_COLOUR('',#3946);
#4080 = STYLED_ITEM('color',(#4081),#2947);
#4081 = PRESENTATION_STYLE_ASSIGNMENT((#4082));
#4082 = SURFACE_STYLE_USAGE(.BOTH.,#4083);
#4083 = SURFACE_SIDE_STYLE('',(#4084));
#4084 = SURFACE_STYLE_FILL_AREA(#4085);
#4085 = FILL_AREA_STYLE('',(#4086));
#4086 = FILL_AREA_STYLE_COLOUR('',#3946);
ENDSEC;
END-ISO-10303-21;
